PRAGMA foreign_keys=OFF;
BEGIN TRANSACTION;
CREATE TABLE "django_migrations" ("id" integer NOT NULL PRIMARY KEY AUTOINCREMENT, "app" varchar(255) NOT NULL, "name" varchar(255) NOT NULL, "applied" datetime NOT NULL);
INSERT INTO "django_migrations" VALUES(1,'contenttypes','0001_initial','2016-12-08 15:18:28.357253');
INSERT INTO "django_migrations" VALUES(2,'auth','0001_initial','2016-12-08 15:18:28.608648');
INSERT INTO "django_migrations" VALUES(3,'admin','0001_initial','2016-12-08 15:18:28.784727');
INSERT INTO "django_migrations" VALUES(4,'admin','0002_logentry_remove_auto_add','2016-12-08 15:18:28.952480');
INSERT INTO "django_migrations" VALUES(5,'contenttypes','0002_remove_content_type_name','2016-12-08 15:18:29.136318');
INSERT INTO "django_migrations" VALUES(6,'auth','0002_alter_permission_name_max_length','2016-12-08 15:18:29.269741');
INSERT INTO "django_migrations" VALUES(7,'auth','0003_alter_user_email_max_length','2016-12-08 15:18:29.405532');
INSERT INTO "django_migrations" VALUES(8,'auth','0004_alter_user_username_opts','2016-12-08 15:18:29.541164');
INSERT INTO "django_migrations" VALUES(9,'auth','0005_alter_user_last_login_null','2016-12-08 15:18:29.652951');
INSERT INTO "django_migrations" VALUES(10,'auth','0006_require_contenttypes_0002','2016-12-08 15:18:29.703156');
INSERT INTO "django_migrations" VALUES(11,'auth','0007_alter_validators_add_error_messages','2016-12-08 15:18:29.836319');
INSERT INTO "django_migrations" VALUES(12,'sessions','0001_initial','2016-12-08 15:18:29.944823');
INSERT INTO "django_migrations" VALUES(13,'core','0001_initial','2016-12-08 15:20:26.679259');
INSERT INTO "django_migrations" VALUES(14,'authtoken','0001_initial','2016-12-08 19:14:55.208849');
INSERT INTO "django_migrations" VALUES(15,'authtoken','0002_auto_20160226_1747','2016-12-08 19:14:55.443280');
INSERT INTO "django_migrations" VALUES(16,'account','0001_initial','2016-12-09 09:20:46.558747');
INSERT INTO "django_migrations" VALUES(17,'account','0002_email_max_length','2016-12-09 09:20:46.776407');
INSERT INTO "django_migrations" VALUES(18,'sites','0001_initial','2016-12-09 09:20:47.390854');
INSERT INTO "django_migrations" VALUES(19,'sites','0002_alter_domain_unique','2016-12-09 09:20:47.571176');
INSERT INTO "django_migrations" VALUES(20,'socialaccount','0001_initial','2016-12-09 09:20:47.997664');
INSERT INTO "django_migrations" VALUES(21,'socialaccount','0002_token_max_lengths','2016-12-09 09:20:48.406904');
INSERT INTO "django_migrations" VALUES(22,'socialaccount','0003_extra_data_default_dict','2016-12-09 09:20:48.638371');
INSERT INTO "django_migrations" VALUES(23,'auth','0008_alter_user_username_max_length','2016-12-09 09:38:55.438515');
INSERT INTO "django_migrations" VALUES(24,'core','0002_auto_20161209_1331','2016-12-09 13:40:08.683018');
CREATE TABLE "auth_group" ("id" integer NOT NULL PRIMARY KEY AUTOINCREMENT, "name" varchar(80) NOT NULL UNIQUE);
INSERT INTO "auth_group" VALUES(2,'Đội ngũ content');
CREATE TABLE "auth_group_permissions" ("id" integer NOT NULL PRIMARY KEY AUTOINCREMENT, "group_id" integer NOT NULL REFERENCES "auth_group" ("id"), "permission_id" integer NOT NULL REFERENCES "auth_permission" ("id"));
INSERT INTO "auth_group_permissions" VALUES(7,2,32);
INSERT INTO "auth_group_permissions" VALUES(8,2,22);
INSERT INTO "auth_group_permissions" VALUES(9,2,23);
INSERT INTO "auth_group_permissions" VALUES(10,2,25);
INSERT INTO "auth_group_permissions" VALUES(11,2,26);
INSERT INTO "auth_group_permissions" VALUES(12,2,31);
CREATE TABLE "auth_user_groups" ("id" integer NOT NULL PRIMARY KEY AUTOINCREMENT, "user_id" integer NOT NULL REFERENCES "auth_user" ("id"), "group_id" integer NOT NULL REFERENCES "auth_group" ("id"));
INSERT INTO "auth_user_groups" VALUES(1,2,2);
INSERT INTO "auth_user_groups" VALUES(2,8,2);
INSERT INTO "auth_user_groups" VALUES(3,10,2);
CREATE TABLE "auth_user_user_permissions" ("id" integer NOT NULL PRIMARY KEY AUTOINCREMENT, "user_id" integer NOT NULL REFERENCES "auth_user" ("id"), "permission_id" integer NOT NULL REFERENCES "auth_permission" ("id"));
INSERT INTO "auth_user_user_permissions" VALUES(1,2,10);
INSERT INTO "auth_user_user_permissions" VALUES(2,2,11);
INSERT INTO "auth_user_user_permissions" VALUES(3,2,12);
INSERT INTO "auth_user_user_permissions" VALUES(4,8,10);
INSERT INTO "auth_user_user_permissions" VALUES(5,8,11);
INSERT INTO "auth_user_user_permissions" VALUES(6,8,12);
INSERT INTO "auth_user_user_permissions" VALUES(7,10,32);
INSERT INTO "auth_user_user_permissions" VALUES(8,10,33);
INSERT INTO "auth_user_user_permissions" VALUES(9,10,22);
INSERT INTO "auth_user_user_permissions" VALUES(10,10,23);
INSERT INTO "auth_user_user_permissions" VALUES(11,10,24);
INSERT INTO "auth_user_user_permissions" VALUES(12,10,25);
INSERT INTO "auth_user_user_permissions" VALUES(13,10,26);
INSERT INTO "auth_user_user_permissions" VALUES(14,10,27);
INSERT INTO "auth_user_user_permissions" VALUES(15,10,31);
INSERT INTO "auth_user_user_permissions" VALUES(16,11,32);
INSERT INTO "auth_user_user_permissions" VALUES(17,11,33);
INSERT INTO "auth_user_user_permissions" VALUES(18,11,22);
INSERT INTO "auth_user_user_permissions" VALUES(19,11,23);
INSERT INTO "auth_user_user_permissions" VALUES(20,11,24);
INSERT INTO "auth_user_user_permissions" VALUES(21,11,25);
INSERT INTO "auth_user_user_permissions" VALUES(22,11,26);
INSERT INTO "auth_user_user_permissions" VALUES(23,11,27);
INSERT INTO "auth_user_user_permissions" VALUES(24,11,31);
CREATE TABLE "django_admin_log" ("id" integer NOT NULL PRIMARY KEY AUTOINCREMENT, "object_id" text NULL, "object_repr" varchar(200) NOT NULL, "action_flag" smallint unsigned NOT NULL, "change_message" text NOT NULL, "content_type_id" integer NULL REFERENCES "django_content_type" ("id"), "user_id" integer NOT NULL REFERENCES "auth_user" ("id"), "action_time" datetime NOT NULL);
INSERT INTO "django_admin_log" VALUES(12,'1','Tự nấu ăn một bữa cơm ngon cho mẹ.',2,'Changed startDate and endDate.',11,7,'2016-12-09 09:56:04.811671');
INSERT INTO "django_admin_log" VALUES(13,'8','sonpdh',1,'Added.',4,7,'2016-12-09 10:12:28.283885');
INSERT INTO "django_admin_log" VALUES(14,'8','sonpdh',2,'Changed is_staff and groups.',4,7,'2016-12-09 10:12:49.274270');
INSERT INTO "django_admin_log" VALUES(15,'2','Bạn có biết là để chuẩn bị một cành đào chơi tết phải công phu như thế nào chưa?',1,'Added.',11,8,'2016-12-09 10:14:31.438028');
INSERT INTO "django_admin_log" VALUES(16,'1','https://docs.google.com/spreadsheets/d/1cjYM-DwbMo6xMMD8-0NQMQUjYpGTtQ0wLVtP2fsXWp8/edit#gid=1797085997',1,'Added.',9,8,'2016-12-09 10:15:00.118614');
INSERT INTO "django_admin_log" VALUES(17,'1','admin',3,'',4,7,'2016-12-09 10:31:17.974588');
INSERT INTO "django_admin_log" VALUES(18,'2','khanhph',2,'Changed user_permissions.',4,7,'2016-12-09 10:39:03.656348');
INSERT INTO "django_admin_log" VALUES(19,'8','sonpdh',2,'Changed first_name, last_name and user_permissions.',4,7,'2016-12-09 10:45:00.971397');
INSERT INTO "django_admin_log" VALUES(20,'10','manhhv',1,'Added.',4,2,'2016-12-09 10:45:38.327742');
INSERT INTO "django_admin_log" VALUES(21,'10','manhhv',2,'Changed groups and user_permissions.',4,2,'2016-12-09 10:46:22.661359');
INSERT INTO "django_admin_log" VALUES(22,'11','duannx',1,'Added.',4,2,'2016-12-09 10:46:56.551497');
INSERT INTO "django_admin_log" VALUES(23,'10','manhhv',2,'Changed is_staff.',4,2,'2016-12-09 10:47:54.033492');
INSERT INTO "django_admin_log" VALUES(24,'10','manhhv',2,'Changed is_staff and last_login.',4,8,'2016-12-09 10:48:15.173049');
INSERT INTO "django_admin_log" VALUES(25,'11','duannx',2,'Changed is_staff and user_permissions.',4,2,'2016-12-09 10:48:21.339106');
INSERT INTO "django_admin_log" VALUES(26,'10','manhhv',2,'Changed is_staff.',4,2,'2016-12-09 10:48:53.290300');
INSERT INTO "django_admin_log" VALUES(27,'12','mamahd12',1,'Added.',4,8,'2016-12-09 10:48:57.926782');
INSERT INTO "django_admin_log" VALUES(28,'12','mamahd12',2,'Changed is_staff.',4,8,'2016-12-09 10:49:48.148029');
INSERT INTO "django_admin_log" VALUES(29,'12','mamahd12',3,'',4,8,'2016-12-09 10:51:06.004659');
INSERT INTO "django_admin_log" VALUES(30,'1','Tự nấu ăn một bữa cơm ngon cho mẹ.',2,'Changed content.',11,8,'2016-12-09 10:54:15.236825');
INSERT INTO "django_admin_log" VALUES(31,'3','ActionPicture object',3,'',8,7,'2016-12-09 11:54:43.525396');
INSERT INTO "django_admin_log" VALUES(32,'2','ActionPicture object',3,'',8,7,'2016-12-09 11:54:43.529392');
INSERT INTO "django_admin_log" VALUES(33,'1','ActionPicture object',3,'',8,7,'2016-12-09 11:54:43.534102');
INSERT INTO "django_admin_log" VALUES(34,'1','https://docs.google.com/spreadsheets/d/1cjYM-DwbMo6xMMD8-0NQMQUjYpGTtQ0wLVtP2fsXWp8/edit#gid=1797085997',3,'',9,7,'2016-12-09 11:54:55.343652');
INSERT INTO "django_admin_log" VALUES(35,'1','Tự nấu ăn một bữa cơm ngon cho mẹ.',2,'Changed firstPicture.',11,7,'2016-12-09 11:55:23.722142');
INSERT INTO "django_admin_log" VALUES(36,'2','https://www.dienmayxanh.com/kinh-nghiem-hay/cach-nau-com-ngon-tu-noi-com-dien-534322',1,'Added.',9,7,'2016-12-09 12:25:44.007855');
INSERT INTO "django_admin_log" VALUES(37,'3','Chuẩn bị những phong bao lì xì may mắn ngày Tết',1,'Added.',11,2,'2016-12-09 13:00:27.024822');
INSERT INTO "django_admin_log" VALUES(38,'3','Chuẩn bị những phong bao lì xì may mắn ngày Tết',2,'Changed firstPicture.',11,2,'2016-12-09 13:01:50.174193');
INSERT INTO "django_admin_log" VALUES(39,'4','Tết năm nay bạn đã có những dự định gì cho bản thân và gia đình rồi?',1,'Added.',11,8,'2016-12-09 13:06:10.989121');
INSERT INTO "django_admin_log" VALUES(40,'5','Tết năm nay bạn đã có những dự định gì cho bản thân và gia đình rồi?',1,'Added.',11,8,'2016-12-09 13:06:11.463645');
INSERT INTO "django_admin_log" VALUES(41,'6','Tết năm nay bạn đã có những dự định gì cho bản thân và gia đình rồi?',1,'Added.',11,8,'2016-12-09 13:06:14.390993');
INSERT INTO "django_admin_log" VALUES(42,'6','Tết năm nay bạn đã có những dự định gì cho bản thân và gia đình rồi?',2,'No fields changed.',11,8,'2016-12-09 13:06:36.192754');
INSERT INTO "django_admin_log" VALUES(43,'7','test',1,'Added.',11,7,'2016-12-09 13:23:27.951649');
INSERT INTO "django_admin_log" VALUES(44,'7','test',3,'',11,7,'2016-12-09 13:23:39.460438');
INSERT INTO "django_admin_log" VALUES(45,'6','Tết năm nay bạn đã có những dự định gì cho bản thân và gia đình rồi?',2,'Changed content.',11,8,'2016-12-09 13:38:07.431541');
INSERT INTO "django_admin_log" VALUES(46,'6','Tết năm nay bạn đã có những dự định gì cho bản thân và gia đình rồi?',2,'Changed content.',11,8,'2016-12-09 13:38:34.303955');
INSERT INTO "django_admin_log" VALUES(47,'5','Tết năm nay bạn đã có những dự định gì cho bản thân và gia đình rồi?',2,'Changed content.',11,8,'2016-12-09 13:38:50.011228');
INSERT INTO "django_admin_log" VALUES(48,'4','Tết năm nay bạn đã có những dự định gì cho bản thân và gia đình rồi?',2,'Changed content.',11,8,'2016-12-09 13:40:43.883684');
INSERT INTO "django_admin_log" VALUES(49,'6','Tết năm nay bạn đã có những dự định gì cho bản thân và gia đình rồi?',2,'Changed content.',11,8,'2016-12-09 13:41:28.766557');
INSERT INTO "django_admin_log" VALUES(50,'5','Tết năm nay bạn đã có những dự định gì cho bản thân và gia đình rồi?',2,'Changed content.',11,8,'2016-12-09 13:41:35.695422');
INSERT INTO "django_admin_log" VALUES(51,'6','Tết năm nay bạn đã có những dự định gì cho bản thân và gia đình rồi?',3,'',11,7,'2016-12-09 13:41:37.415084');
INSERT INTO "django_admin_log" VALUES(52,'5','Tết năm nay bạn đã có những dự định gì cho bản thân và gia đình rồi?',3,'',11,7,'2016-12-09 13:41:49.134711');
INSERT INTO "django_admin_log" VALUES(53,'2','khanhph',2,'Changed is_superuser.',4,7,'2016-12-09 13:42:53.449501');
INSERT INTO "django_admin_log" VALUES(54,'8','sonpdh',2,'Changed is_superuser.',4,7,'2016-12-09 13:43:08.448116');
INSERT INTO "django_admin_log" VALUES(55,'2','Bạn có biết là để chuẩn bị một cành đào chơi tết phải công phu như thế nào chưa?',3,'',11,2,'2016-12-09 13:43:53.044404');
INSERT INTO "django_admin_log" VALUES(56,'1','Tự nấu ăn một bữa cơm ngon cho mẹ.',3,'',11,8,'2016-12-09 13:45:54.979711');
INSERT INTO "django_admin_log" VALUES(57,'4','Tết năm nay bạn đã có những dự định gì cho bản thân và gia đình rồi?',2,'Changed content.',11,8,'2016-12-09 13:53:12.246864');
INSERT INTO "django_admin_log" VALUES(58,'4','Tết năm nay bạn đã có những dự định gì cho bản thân và gia đình rồi?',2,'Changed firstPicture.',11,8,'2016-12-09 13:53:49.226346');
INSERT INTO "django_admin_log" VALUES(59,'8','Cắt tóc đón năm mới',1,'Added.',11,2,'2016-12-09 14:03:11.537616');
INSERT INTO "django_admin_log" VALUES(60,'9','Tự mình chuẩn bị một bình hoa đẹp',1,'Added.',11,10,'2016-12-09 14:03:40.111162');
INSERT INTO "django_admin_log" VALUES(61,'10','Đầu năm mới bạn đã đi  lễ chùa cầu an cho bản thân và gia đình chưa?',1,'Added.',11,8,'2016-12-09 14:09:32.518949');
INSERT INTO "django_admin_log" VALUES(62,'11','Nếu có ghé qua các đền chùa vào dịp tết, đừng quên xin một quẻ bói xem tử vi của năm mới',1,'Added.',11,8,'2016-12-09 14:22:24.573659');
INSERT INTO "django_admin_log" VALUES(63,'11','Nếu có ghé qua các đền chùa vào dịp tết, đừng quên xin một quẻ bói xem tử vi của năm mới',2,'No fields changed.',11,8,'2016-12-09 14:22:41.405295');
INSERT INTO "django_admin_log" VALUES(64,'8','Cắt tóc đón năm mới',2,'Changed startDate, endDate and firstPicture.',11,2,'2016-12-09 14:23:49.126966');
INSERT INTO "django_admin_log" VALUES(65,'12','Sắm cây quất ngày Tết',1,'Added.',11,10,'2016-12-09 14:34:54.106405');
INSERT INTO "django_admin_log" VALUES(66,'9','Tự mình chuẩn bị một bình hoa đẹp',2,'Changed content.',11,10,'2016-12-09 14:37:41.391916');
INSERT INTO "django_admin_log" VALUES(67,'13','Tết này chọn Đào nào đây !!!???',1,'Added.',11,11,'2016-12-09 14:38:15.972878');
INSERT INTO "django_admin_log" VALUES(68,'13','Tết này chọn Đào nào đây !!!???',2,'Changed firstPicture.',11,11,'2016-12-09 14:39:26.751690');
INSERT INTO "django_admin_log" VALUES(69,'14','Mọi người sẽ rất bất ngờ khi nhận được lời chúc viết tay của bạn đó',1,'Added.',11,8,'2016-12-09 14:43:07.608849');
INSERT INTO "django_admin_log" VALUES(70,'15','Mọi người sẽ rất bất ngờ khi nhận được lời chúc viết tay của bạn đó',1,'Added.',11,8,'2016-12-09 14:43:09.818798');
INSERT INTO "django_admin_log" VALUES(71,'15','Mọi người sẽ rất bất ngờ khi nhận được lời chúc viết tay của bạn đó',2,'Changed firstPicture.',11,8,'2016-12-09 14:43:21.748246');
INSERT INTO "django_admin_log" VALUES(72,'15','Mọi người sẽ rất bất ngờ khi nhận được lời chúc viết tay của bạn đó',2,'Changed firstPicture.',11,8,'2016-12-09 14:43:44.136069');
INSERT INTO "django_admin_log" VALUES(73,'14','Mọi người sẽ rất bất ngờ khi nhận được lời chúc viết tay của bạn đó',3,'',11,8,'2016-12-09 14:43:57.125038');
INSERT INTO "django_admin_log" VALUES(74,'16','Có một buổi liên hoan nhỏ đầm ấm đón chờ khoảnh khẳn giao thừa',1,'Added.',11,8,'2016-12-09 14:51:24.330584');
INSERT INTO "django_admin_log" VALUES(75,'17','Mình còn mừng tuổi ông bà được bao nhiêu lần nữa vậy ba?',1,'Added.',11,11,'2016-12-09 14:59:35.583428');
INSERT INTO "django_admin_log" VALUES(76,'18','Gửi những lời chúc chân thành đên cha mẹ',1,'Added.',11,8,'2016-12-09 15:00:50.166644');
INSERT INTO "django_admin_log" VALUES(77,'19','Tạo một căn nhà tràn ngập màu sắc với đèn và bóng nháy',1,'Added.',11,10,'2016-12-09 15:18:21.294726');
INSERT INTO "django_admin_log" VALUES(78,'20','Trông nồi bánh chưng ngày Tết',1,'Added.',11,2,'2016-12-09 15:19:50.235547');
INSERT INTO "django_admin_log" VALUES(79,'18','Gửi những lời chúc chân thành đến cha mẹ',2,'Changed title.',11,2,'2016-12-09 15:20:33.768075');
INSERT INTO "django_admin_log" VALUES(80,'19','Tạo một căn nhà tràn ngập màu sắc với đèn và bóng nháy',2,'Changed firstPicture.',11,10,'2016-12-09 15:21:34.319076');
INSERT INTO "django_admin_log" VALUES(81,'21','"Mồng ba tết thầy"',1,'Added.',11,8,'2016-12-09 15:24:46.535065');
INSERT INTO "django_admin_log" VALUES(82,'22','Tiễn chân ông táo về trời',1,'Added.',11,8,'2016-12-09 15:29:46.043607');
INSERT INTO "django_admin_log" VALUES(83,'23','Gia đình bạn đã nhờ ai xông nhà tết năm nay chưa?',1,'Added.',11,8,'2016-12-09 15:33:54.275770');
INSERT INTO "django_admin_log" VALUES(84,'24','Đêm nay khai bút đầu năm, Cầu cho năm mới phơi phới điều may',1,'Added.',11,11,'2016-12-09 15:36:56.025159');
INSERT INTO "django_admin_log" VALUES(85,'25','Đưa mẹ đi chợ ngày Tết',1,'Added.',11,2,'2016-12-09 15:41:41.026374');
INSERT INTO "django_admin_log" VALUES(86,'26','Bạn đã thử mời một người bạn ngoại quốc về ăn tết Việt chưa?',1,'Added.',11,8,'2016-12-09 15:45:12.764880');
INSERT INTO "django_admin_log" VALUES(87,'27','Treo ảnh gia đình đón mừng năm mới',1,'Added.',11,2,'2016-12-09 16:04:57.925846');
INSERT INTO "django_admin_log" VALUES(88,'28','Em yêu !!! Tết này mình đi cầu duyên !',1,'Added.',11,11,'2016-12-09 16:17:01.599199');
INSERT INTO "django_admin_log" VALUES(89,'29','Đừng quên lập mục tiêu cho năm mới nhé',1,'Added.',11,11,'2016-12-09 16:39:55.887089');
INSERT INTO "django_admin_log" VALUES(90,'30','Mừng tuổi bố mẹ đêm giao thừa',1,'Added.',11,8,'2016-12-10 01:40:03.963360');
INSERT INTO "django_admin_log" VALUES(91,'31','Ra chợ bán hoa những ngày trước Tết',1,'Added.',11,8,'2016-12-10 01:43:06.978874');
INSERT INTO "django_admin_log" VALUES(92,'32','Mua sách đầu năm',1,'Added.',11,2,'2016-12-10 02:29:38.537076');
INSERT INTO "django_admin_log" VALUES(93,'33','Cùng bạn bè tham gia một trận thể thao khai xuân đầu năm',1,'Added.',11,8,'2016-12-10 02:42:55.989146');
INSERT INTO "django_admin_log" VALUES(94,'34','Hát cho cả nhà nghe đêm giao thừa',1,'Added.',11,2,'2016-12-10 02:46:18.640387');
INSERT INTO "django_admin_log" VALUES(95,'35','Hóa vàng ngày tết bên gia đình',1,'Added.',11,8,'2016-12-10 02:52:47.267429');
INSERT INTO "django_admin_log" VALUES(96,'30','Phong bì nhỏ, bỏ vào bao, trao người lớn',2,'Changed title and content.',11,8,'2016-12-10 07:09:21.503863');
INSERT INTO "django_admin_log" VALUES(97,'31','Góp những nhành hoa Xuân làm đẹp cho đời',2,'Changed title and content.',11,8,'2016-12-10 07:11:29.388722');
INSERT INTO "django_admin_log" VALUES(98,'31','Bạn đã bao giờ kinh doanh hoa vào dịp tết chưa?',2,'Changed title.',11,8,'2016-12-10 07:12:26.036967');
INSERT INTO "django_admin_log" VALUES(99,'36','Chia sẻ những bức ảnh tết trên quê hương mình với bạn bè',1,'Added.',11,8,'2016-12-10 07:19:25.865490');
INSERT INTO "django_admin_log" VALUES(100,'37','Tự tay làm lịch Tết đón năm mới',1,'Added.',11,2,'2016-12-10 07:34:51.823321');
INSERT INTO "django_admin_log" VALUES(101,'38','Cùng người yêu đi du xuân, lễ hội cầu may',1,'Added.',11,8,'2016-12-10 07:37:03.179870');
INSERT INTO "django_admin_log" VALUES(102,'39','Dành chút khoảng riêng ngày tết cho bản thân tự do làm những gì mình thích',1,'Added.',11,8,'2016-12-10 07:47:59.632506');
INSERT INTO "django_admin_log" VALUES(103,'40','Bạn đã biết mình sẽ mặc gì vào những ngày đầu xuân chưa?',1,'Added.',11,8,'2016-12-10 07:52:45.911738');
INSERT INTO "django_admin_log" VALUES(104,'41','Bạn đã biết mình sẽ mặc gì vào những ngày đầu xuân chưa?',1,'Added.',11,8,'2016-12-10 07:52:47.461301');
INSERT INTO "django_admin_log" VALUES(105,'40','Bạn đã biết mình sẽ mặc gì vào những ngày đầu xuân chưa?',3,'',11,8,'2016-12-10 08:04:21.060280');
INSERT INTO "django_admin_log" VALUES(106,'41','Bạn đã biết mình sẽ mặc gì vào những ngày đầu xuân chưa?',2,'No fields changed.',11,8,'2016-12-10 08:05:10.256751');
INSERT INTO "django_admin_log" VALUES(107,'42','Đi chợ hoa ngày Tết',1,'Added.',11,2,'2016-12-10 08:06:33.497363');
INSERT INTO "django_admin_log" VALUES(108,'43','Một chuyến đi chơi xa ngày tết cùng đám bạn cũ',1,'Added.',11,10,'2016-12-10 08:10:31.627652');
INSERT INTO "django_admin_log" VALUES(109,'44','Tập tành kinh doanh ngày tết',1,'Added.',11,10,'2016-12-10 08:26:04.894566');
INSERT INTO "django_admin_log" VALUES(110,'45','Đi từ thiện vùng cao dịp giáp Tết',1,'Added.',11,2,'2016-12-10 08:53:27.251633');
INSERT INTO "django_admin_log" VALUES(111,'46','Chụp ảnh đại gia đình vào năm mới',1,'Added.',11,10,'2016-12-10 08:53:32.340040');
INSERT INTO "django_admin_log" VALUES(112,'47','Ngắm nhìn phố phường ngày tết vào buổi sáng sớm',1,'Added.',11,8,'2016-12-10 08:56:16.773157');
INSERT INTO "django_admin_log" VALUES(113,'48','Nhắn tin "Tết này con không về" thử phản ứng bố mẹ',1,'Added.',11,2,'2016-12-10 09:08:52.532277');
INSERT INTO "django_admin_log" VALUES(114,'49','Lên thực đơn chuẩn bị các món ăn ngày tết',1,'Added.',11,8,'2016-12-10 09:11:45.573750');
INSERT INTO "django_admin_log" VALUES(115,'50','Xem lại những bộ phim tết mà bạn không may bỏ lỡ',1,'Added.',11,8,'2016-12-10 09:14:49.605625');
INSERT INTO "django_admin_log" VALUES(116,'51','Tám chuyện về những chuyện ngày tết với lũ bạn',1,'Added.',11,8,'2016-12-10 09:22:23.711513');
INSERT INTO "django_admin_log" VALUES(117,'52','Đi du lịch Sapa cùng gia đình ngày Tết',1,'Added.',11,2,'2016-12-10 09:27:41.271453');
INSERT INTO "django_admin_log" VALUES(118,'53','Cùng gia đình đi lễ chùa đầu năm',1,'Added.',11,8,'2016-12-10 09:35:28.162091');
INSERT INTO "django_admin_log" VALUES(119,'54','Chụp một album bản thân ngày tết',1,'Added.',11,10,'2016-12-10 09:40:01.944155');
INSERT INTO "django_admin_log" VALUES(120,'55','',1,'Added.',11,2,'2016-12-10 09:50:19.975013');
INSERT INTO "django_admin_log" VALUES(121,'56','Nấu thịt đông ngày tết',1,'Added.',11,10,'2016-12-10 09:57:33.033443');
INSERT INTO "django_admin_log" VALUES(122,'57','Xem lại những hình ảnh hay những video của bạn trong năm vừa qua',1,'Added.',11,8,'2016-12-10 10:03:46.892145');
INSERT INTO "django_admin_log" VALUES(123,'58','Ngược thời gian về, tim hiểu về Tết thời bao cấp',1,'Added.',11,2,'2016-12-10 10:12:40.356545');
INSERT INTO "django_admin_log" VALUES(124,'59','Dọn bàn thờ trước ngày đưa ông Táo về chầu trời',1,'Added.',11,8,'2016-12-10 10:19:44.794321');
INSERT INTO "django_admin_log" VALUES(125,'60','Dọn bàn thờ trước ngày đưa ông Táo về chầu trời',1,'Added.',11,8,'2016-12-10 10:19:51.098566');
INSERT INTO "django_admin_log" VALUES(126,'55','',3,'',11,2,'2016-12-10 11:09:36.099353');
INSERT INTO "django_admin_log" VALUES(127,'59','Dọn bàn thờ trước ngày đưa ông Táo về chầu trời',3,'',11,8,'2016-12-10 13:20:49.879973');
INSERT INTO "django_admin_log" VALUES(128,'60','Mua đồ thờ và quần áo lễ chuẩn bị tiễn ông Táo',2,'Changed title and firstPicture.',11,8,'2016-12-10 13:25:00.465041');
INSERT INTO "django_admin_log" VALUES(129,'61','Chọn những cá chép thật khỏe mạnh để hộ tống ông Táo về trời',1,'Added.',11,8,'2016-12-10 13:30:20.944052');
INSERT INTO "django_admin_log" VALUES(130,'62','Bạn có biết về văn khấn ông Táo về trời chưa?',1,'Added.',11,8,'2016-12-10 13:36:36.639820');
INSERT INTO "django_admin_log" VALUES(131,'63','Sưu tập một vài đồng tiền xu cổ lấy may đầu năm',1,'Added.',11,2,'2016-12-10 13:37:47.030800');
INSERT INTO "django_admin_log" VALUES(132,'64','Muối dưa hành ngày tết',1,'Added.',11,10,'2016-12-10 13:39:58.764477');
INSERT INTO "django_admin_log" VALUES(133,'65','Tắm rửa "con chiến mã" đã đồng hành một năm cùng bạn',1,'Added.',11,8,'2016-12-10 13:44:15.476438');
INSERT INTO "django_admin_log" VALUES(134,'66','Tắm rửa "con chiến mã" đã đồng hành một năm cùng bạn',1,'Added.',11,8,'2016-12-10 13:44:17.013838');
INSERT INTO "django_admin_log" VALUES(135,'65','Tắm rửa "con chiến mã" đã đồng hành một năm cùng bạn',3,'',11,8,'2016-12-10 13:44:29.289397');
INSERT INTO "django_admin_log" VALUES(136,'67','Bạn đã có kế hoạch kinh doanh tết này chưa ???',1,'Added.',11,11,'2016-12-10 13:45:06.869280');
INSERT INTO "django_admin_log" VALUES(137,'68','không được đỗ rác những ngày đầu năm mới',1,'Added.',11,10,'2016-12-10 13:48:33.643642');
INSERT INTO "django_admin_log" VALUES(138,'69','Dọn dẹp nhà cửa sẵn sàng đón chào tết đến',1,'Added.',11,8,'2016-12-10 13:51:01.630336');
INSERT INTO "django_admin_log" VALUES(139,'70','Ý nghĩa tục phóng sinh cá ngày Tết ông Công ông Táo',1,'Added.',11,10,'2016-12-10 13:55:36.506897');
INSERT INTO "django_admin_log" VALUES(140,'71','Tảo mộ, một cách nhớ về tổ tiên nhân dịp tết đến xuân về',1,'Added.',11,10,'2016-12-10 14:04:38.277131');
INSERT INTO "django_admin_log" VALUES(141,'72','Quay video gửi lời chúc tết của toàn gia đình đến những ai xa nhà',1,'Added.',11,8,'2016-12-10 14:05:42.016915');
INSERT INTO "django_admin_log" VALUES(142,'73','Tết này con gói bánh chưng cùng bố !!!',1,'Added.',11,11,'2016-12-10 14:07:29.930955');
INSERT INTO "django_admin_log" VALUES(143,'74','Thay ảnh đại diện và ảnh bìa facebook chào đón năm mới',1,'Added.',11,2,'2016-12-10 14:09:15.039378');
INSERT INTO "django_admin_log" VALUES(144,'75','Chia tay những vật dụng đã lâu không còn sử dụng',1,'Added.',11,8,'2016-12-10 14:12:02.500785');
INSERT INTO "django_admin_log" VALUES(145,'75','Chia tay những vật dụng đã lâu không còn sử dụng',2,'Changed firstPicture.',11,8,'2016-12-10 14:12:28.827026');
INSERT INTO "django_admin_log" VALUES(146,'76','Hãy làm tết ấm áp với những lời cảm ơn dành cho nhau',1,'Added.',11,10,'2016-12-10 14:25:45.682894');
INSERT INTO "django_admin_log" VALUES(147,'77','Tắm nước lá hoa mùi chiều cuối năm.',1,'Added.',11,2,'2016-12-10 14:26:33.333108');
INSERT INTO "django_admin_log" VALUES(148,'78','Chuẩn bị những cây đào, cây quất đẹp nhất đón xuân',1,'Added.',11,8,'2016-12-10 14:26:51.595684');
INSERT INTO "django_admin_log" VALUES(149,'79','Giao thừa năm nay mình hôn nhau nhé!',1,'Added.',11,2,'2016-12-10 14:35:35.838465');
INSERT INTO "django_admin_log" VALUES(150,'80','Hình như mình chưa đi xem bói bao giờ !',1,'Added.',11,11,'2016-12-10 14:36:33.912711');
INSERT INTO "django_admin_log" VALUES(151,'81','Thả đèn hoa đăng đầu năm mới',1,'Added.',11,2,'2016-12-10 14:55:09.114403');
INSERT INTO "django_admin_log" VALUES(152,'82','Làm thiệp handmade chúc mừng năm mới',1,'Added.',11,2,'2016-12-10 15:15:54.913674');
INSERT INTO "django_admin_log" VALUES(153,'83','Ồ!!! Quên mất chưa xem tử vi năm này!',1,'Added.',11,11,'2016-12-10 15:16:13.050888');
INSERT INTO "django_admin_log" VALUES(154,'84','Xem Táo Quân tối 30 Tết cùng gia đình',1,'Added.',11,2,'2016-12-10 15:36:15.583771');
INSERT INTO "django_admin_log" VALUES(155,'85','BÁNH CHƯNG RÁN',1,'Added.',11,8,'2016-12-10 15:36:33.261473');
INSERT INTO "django_admin_log" VALUES(156,'86','Tết này! đổi Đô la mừng tuổi cho chất nhé !',1,'Added.',11,11,'2016-12-10 15:37:36.333976');
INSERT INTO "django_admin_log" VALUES(157,'87','Tút lại nhan sắc để xuân ngập tràn',1,'Added.',11,10,'2016-12-10 15:38:42.030240');
INSERT INTO "django_admin_log" VALUES(158,'88','KISS BEAR ĐÊM GIAO THỪA NGỌT NGÀO ĐÊM GIAO THỪA,.. bạn đã thử chưa? :D',1,'Added.',11,8,'2016-12-10 15:39:01.310298');
INSERT INTO "django_admin_log" VALUES(159,'89','ĐI PHƯỢT CUỐI NĂM',1,'Added.',11,8,'2016-12-10 15:40:47.316632');
INSERT INTO "django_admin_log" VALUES(160,'90','Xem múa Lân ngày Tết',1,'Added.',11,10,'2016-12-10 15:50:46.119074');
INSERT INTO "django_admin_log" VALUES(161,'91','Bạn nghĩ sao, tết này thuê một cô bạn gái !',1,'Added.',11,11,'2016-12-10 15:53:13.309221');
INSERT INTO "django_admin_log" VALUES(162,'92','Mặc quần lót đỏ lấy hên cả năm',1,'Added.',11,10,'2016-12-10 16:03:26.699447');
INSERT INTO "django_admin_log" VALUES(163,'93','Làm bao lì xì handmade độc đáo đón Tết',1,'Added.',11,2,'2016-12-10 16:05:00.620053');
INSERT INTO "django_admin_log" VALUES(164,'94','Một phong cách thời trang mới cho năm này !',1,'Added.',11,11,'2016-12-10 16:18:19.846935');
INSERT INTO "django_admin_log" VALUES(165,'95','Lên lịch gửi tin nhắn trước tới bạn bè năm mới !',1,'Added.',11,11,'2016-12-10 16:31:24.304851');
INSERT INTO "django_admin_log" VALUES(166,'96','Cúng Tất niên',1,'Added.',11,2,'2016-12-10 16:37:52.647228');
INSERT INTO "django_admin_log" VALUES(167,'97','Đưng quên đang một status thật độc đáo lên FB ngay khi năm mới sang',1,'Added.',11,11,'2016-12-10 16:42:02.161021');
INSERT INTO "django_admin_log" VALUES(168,'98','Đã bao lâu rồi bạn chưa nói lời yêu cha mẹ?',1,'Added.',11,11,'2016-12-10 17:04:11.858934');
INSERT INTO "django_admin_log" VALUES(169,'99','Đã bao lâu rồi bạn chưa nói lời yêu cha mẹ?',1,'Added.',11,11,'2016-12-10 17:04:12.154853');
INSERT INTO "django_admin_log" VALUES(170,'100','Ngày tết hồi tưởng ký ức xưa, ngắm chùm ảnh "Xe đạp, hồi ấy..."',1,'Added.',11,2,'2016-12-10 17:05:17.161881');
INSERT INTO "django_admin_log" VALUES(171,'101','Tuyệt chiêu ra mắt gia đình người yêu tết năm nay !!!',1,'Added.',11,11,'2016-12-10 17:12:02.977244');
INSERT INTO "django_admin_log" VALUES(172,'102','Tết này ta đi hội chợ quê !!!',1,'Added.',11,11,'2016-12-10 17:35:42.009497');
INSERT INTO "django_admin_log" VALUES(173,'103','Lang thang, ngắm đường phố những ngày giáp Tết một mình',1,'Added.',11,2,'2016-12-10 17:46:07.930117');
INSERT INTO "django_admin_log" VALUES(174,'103','Lang thang, ngắm đường phố những ngày giáp Tết một mình',2,'Changed content.',11,2,'2016-12-10 17:53:02.944184');
INSERT INTO "django_admin_log" VALUES(175,'104','Đêm giao thừa! Hãy gọi cho người thầy bạn yêu quý!',1,'Added.',11,11,'2016-12-10 18:06:18.856495');
INSERT INTO "django_admin_log" VALUES(176,'105','Đừng quên tết này bạn phải mua một đôi giày mới !!!',1,'Added.',11,11,'2016-12-10 18:22:48.350816');
INSERT INTO "django_admin_log" VALUES(177,'105','Đừng quên tết này bạn phải mua một đôi giày mới !!!',2,'Changed content and firstPicture.',11,11,'2016-12-10 18:30:37.286486');
INSERT INTO "django_admin_log" VALUES(178,'106','Viết nhật kí những ngày Tết',1,'Added.',11,2,'2016-12-10 18:49:19.974633');
INSERT INTO "django_admin_log" VALUES(179,'107','Tết năm nay tao sẽ về nhà mày chơi!',1,'Added.',11,11,'2016-12-10 19:14:33.082908');
INSERT INTO "django_admin_log" VALUES(180,'108','Làm bài thơ chúc tết ông bà!',1,'Added.',11,11,'2016-12-10 19:20:17.167974');
INSERT INTO "django_admin_log" VALUES(181,'109','Mua một cuốn sách bạn tâm đắc nhất đầu năm mới !',1,'Added.',11,11,'2016-12-10 19:49:58.300393');
INSERT INTO "django_admin_log" VALUES(182,'110','Tự tay làm mứt ngày tết',1,'Added.',11,11,'2016-12-10 20:01:00.728326');
INSERT INTO "django_admin_log" VALUES(183,'111','Bán muối đêm giao thừa',1,'Added.',11,11,'2016-12-10 20:10:01.370842');
INSERT INTO "django_admin_log" VALUES(184,'111','Bán muối đêm giao thừa',2,'Changed content.',11,11,'2016-12-10 20:11:36.882331');
INSERT INTO "django_admin_log" VALUES(185,'112','Đỗ xăng Full bình thoải mái chơi tết',1,'Added.',11,11,'2016-12-10 20:19:16.482186');
INSERT INTO "django_admin_log" VALUES(186,'113','',1,'Added.',11,10,'2016-12-11 00:59:11.140221');
INSERT INTO "django_admin_log" VALUES(187,'13','vonhan',1,'Added.',4,8,'2016-12-11 00:59:31.855061');
INSERT INTO "django_admin_log" VALUES(188,'13','vonhan',2,'Changed is_staff and is_superuser.',4,8,'2016-12-11 01:00:05.282999');
INSERT INTO "django_admin_log" VALUES(189,'114','Bạn đã có một bức tranh hoa đào treo tường ưng ý để trưng tết chưa?',1,'Added.',11,8,'2016-12-11 01:48:37.425501');
INSERT INTO "django_admin_log" VALUES(190,'115','Một mâm ngũ quả tuyệt vời sẽ đem lại tài lộc năm mới cho gia đình bạn đó',1,'Added.',11,8,'2016-12-11 01:51:00.631412');
INSERT INTO "django_admin_log" VALUES(191,'113','',3,'',11,2,'2016-12-11 01:52:00.720244');
INSERT INTO "django_admin_log" VALUES(192,'115','Một mâm ngũ quả tuyệt vời sẽ đem lại tài lộc năm mới cho gia đình bạn đó',2,'Changed firstPicture.',11,8,'2016-12-11 01:52:20.107359');
INSERT INTO "django_admin_log" VALUES(193,'116','Thêm những hoa tươi sắc trên bàn thờ tết',1,'Added.',11,8,'2016-12-11 01:58:49.088395');
INSERT INTO "django_admin_log" VALUES(194,'70','Ý nghĩa tục phóng sinh cá ngày Tết ông Công ông Táo',2,'Changed content.',11,2,'2016-12-11 02:01:50.623838');
INSERT INTO "django_admin_log" VALUES(195,'97','Đừng quên đang một status thật độc đáo lên FB ngay khi năm mới sang',2,'Changed title and content.',11,2,'2016-12-11 02:08:05.270250');
INSERT INTO "django_admin_log" VALUES(196,'68','Không được đỗ rác những ngày đầu năm mới',2,'Changed title.',11,8,'2016-12-11 02:18:34.880639');
INSERT INTO "django_admin_log" VALUES(197,'88','KISS BEAR ĐÊM GIAO THỪA NGỌT NGÀO ĐÊM GIAO THỪA,.. bạn đã thử chưa? :D',2,'Changed content.',11,8,'2016-12-11 02:27:38.533725');
INSERT INTO "django_admin_log" VALUES(198,'88','KISS BEAR ĐÊM GIAO THỪA NGỌT NGÀO ĐÊM GIAO THỪA,.. bạn đã thử chưa? :D',2,'Changed content.',11,8,'2016-12-11 02:28:45.203098');
INSERT INTO "django_admin_log" VALUES(199,'95','Lên lịch gửi tin nhắn trước tới bạn bè năm mới!',2,'Changed title and content.',11,2,'2016-12-11 02:49:14.244960');
INSERT INTO "django_admin_log" VALUES(200,'115','Một mâm ngũ quả tuyệt vời sẽ đem lại tài lộc năm mới cho gia đình bạn đó',2,'Changed content.',11,8,'2016-12-11 02:51:13.172199');
INSERT INTO "django_admin_log" VALUES(201,'116','Thêm những hoa tươi sắc trên bàn thờ tết',2,'Changed content.',11,8,'2016-12-11 02:53:20.464300');
INSERT INTO "django_admin_log" VALUES(202,'117','Dành thời gian làm mới những đôi giày của mình',1,'Added.',11,8,'2016-12-11 03:13:34.859960');
CREATE TABLE "django_content_type" ("id" integer NOT NULL PRIMARY KEY AUTOINCREMENT, "app_label" varchar(100) NOT NULL, "model" varchar(100) NOT NULL);
INSERT INTO "django_content_type" VALUES(1,'admin','logentry');
INSERT INTO "django_content_type" VALUES(2,'auth','permission');
INSERT INTO "django_content_type" VALUES(3,'auth','group');
INSERT INTO "django_content_type" VALUES(4,'auth','user');
INSERT INTO "django_content_type" VALUES(5,'contenttypes','contenttype');
INSERT INTO "django_content_type" VALUES(6,'sessions','session');
INSERT INTO "django_content_type" VALUES(7,'core','userprofile');
INSERT INTO "django_content_type" VALUES(8,'core','actionpicture');
INSERT INTO "django_content_type" VALUES(9,'core','actionreflink');
INSERT INTO "django_content_type" VALUES(10,'core','comment');
INSERT INTO "django_content_type" VALUES(11,'core','action');
INSERT INTO "django_content_type" VALUES(12,'core','invitation');
INSERT INTO "django_content_type" VALUES(13,'core','activity');
INSERT INTO "django_content_type" VALUES(14,'core','notification');
INSERT INTO "django_content_type" VALUES(15,'authtoken','token');
INSERT INTO "django_content_type" VALUES(16,'sites','site');
INSERT INTO "django_content_type" VALUES(17,'account','emailaddress');
INSERT INTO "django_content_type" VALUES(18,'account','emailconfirmation');
INSERT INTO "django_content_type" VALUES(19,'socialaccount','socialapp');
INSERT INTO "django_content_type" VALUES(20,'socialaccount','socialaccount');
INSERT INTO "django_content_type" VALUES(21,'socialaccount','socialtoken');
CREATE TABLE "auth_permission" ("id" integer NOT NULL PRIMARY KEY AUTOINCREMENT, "content_type_id" integer NOT NULL REFERENCES "django_content_type" ("id"), "codename" varchar(100) NOT NULL, "name" varchar(255) NOT NULL);
INSERT INTO "auth_permission" VALUES(1,1,'add_logentry','Can add log entry');
INSERT INTO "auth_permission" VALUES(2,1,'change_logentry','Can change log entry');
INSERT INTO "auth_permission" VALUES(3,1,'delete_logentry','Can delete log entry');
INSERT INTO "auth_permission" VALUES(4,2,'add_permission','Can add permission');
INSERT INTO "auth_permission" VALUES(5,2,'change_permission','Can change permission');
INSERT INTO "auth_permission" VALUES(6,2,'delete_permission','Can delete permission');
INSERT INTO "auth_permission" VALUES(7,3,'add_group','Can add group');
INSERT INTO "auth_permission" VALUES(8,3,'change_group','Can change group');
INSERT INTO "auth_permission" VALUES(9,3,'delete_group','Can delete group');
INSERT INTO "auth_permission" VALUES(10,4,'add_user','Can add user');
INSERT INTO "auth_permission" VALUES(11,4,'change_user','Can change user');
INSERT INTO "auth_permission" VALUES(12,4,'delete_user','Can delete user');
INSERT INTO "auth_permission" VALUES(13,5,'add_contenttype','Can add content type');
INSERT INTO "auth_permission" VALUES(14,5,'change_contenttype','Can change content type');
INSERT INTO "auth_permission" VALUES(15,5,'delete_contenttype','Can delete content type');
INSERT INTO "auth_permission" VALUES(16,6,'add_session','Can add session');
INSERT INTO "auth_permission" VALUES(17,6,'change_session','Can change session');
INSERT INTO "auth_permission" VALUES(18,6,'delete_session','Can delete session');
INSERT INTO "auth_permission" VALUES(19,7,'add_userprofile','Can add UserProfile');
INSERT INTO "auth_permission" VALUES(20,7,'change_userprofile','Can change UserProfile');
INSERT INTO "auth_permission" VALUES(21,7,'delete_userprofile','Can delete UserProfile');
INSERT INTO "auth_permission" VALUES(22,8,'add_actionpicture','Can add ActionPicture');
INSERT INTO "auth_permission" VALUES(23,8,'change_actionpicture','Can change ActionPicture');
INSERT INTO "auth_permission" VALUES(24,8,'delete_actionpicture','Can delete ActionPicture');
INSERT INTO "auth_permission" VALUES(25,9,'add_actionreflink','Can add ActionRefLink');
INSERT INTO "auth_permission" VALUES(26,9,'change_actionreflink','Can change ActionRefLink');
INSERT INTO "auth_permission" VALUES(27,9,'delete_actionreflink','Can delete ActionRefLink');
INSERT INTO "auth_permission" VALUES(28,10,'add_comment','Can add Comment');
INSERT INTO "auth_permission" VALUES(29,10,'change_comment','Can change Comment');
INSERT INTO "auth_permission" VALUES(30,10,'delete_comment','Can delete Comment');
INSERT INTO "auth_permission" VALUES(31,11,'add_action','Can add Action');
INSERT INTO "auth_permission" VALUES(32,11,'change_action','Can change Action');
INSERT INTO "auth_permission" VALUES(33,11,'delete_action','Can delete Action');
INSERT INTO "auth_permission" VALUES(34,12,'add_invitation','Can add Invitation');
INSERT INTO "auth_permission" VALUES(35,12,'change_invitation','Can change Invitation');
INSERT INTO "auth_permission" VALUES(36,12,'delete_invitation','Can delete Invitation');
INSERT INTO "auth_permission" VALUES(37,13,'add_activity','Can add Activity');
INSERT INTO "auth_permission" VALUES(38,13,'change_activity','Can change Activity');
INSERT INTO "auth_permission" VALUES(39,13,'delete_activity','Can delete Activity');
INSERT INTO "auth_permission" VALUES(40,14,'add_notification','Can add Notification');
INSERT INTO "auth_permission" VALUES(41,14,'change_notification','Can change Notification');
INSERT INTO "auth_permission" VALUES(42,14,'delete_notification','Can delete Notification');
INSERT INTO "auth_permission" VALUES(43,15,'add_token','Can add Token');
INSERT INTO "auth_permission" VALUES(44,15,'change_token','Can change Token');
INSERT INTO "auth_permission" VALUES(45,15,'delete_token','Can delete Token');
INSERT INTO "auth_permission" VALUES(46,16,'add_site','Can add site');
INSERT INTO "auth_permission" VALUES(47,16,'change_site','Can change site');
INSERT INTO "auth_permission" VALUES(48,16,'delete_site','Can delete site');
INSERT INTO "auth_permission" VALUES(49,17,'add_emailaddress','Can add email address');
INSERT INTO "auth_permission" VALUES(50,17,'change_emailaddress','Can change email address');
INSERT INTO "auth_permission" VALUES(51,17,'delete_emailaddress','Can delete email address');
INSERT INTO "auth_permission" VALUES(52,18,'add_emailconfirmation','Can add email confirmation');
INSERT INTO "auth_permission" VALUES(53,18,'change_emailconfirmation','Can change email confirmation');
INSERT INTO "auth_permission" VALUES(54,18,'delete_emailconfirmation','Can delete email confirmation');
INSERT INTO "auth_permission" VALUES(55,19,'add_socialapp','Can add social application');
INSERT INTO "auth_permission" VALUES(56,19,'change_socialapp','Can change social application');
INSERT INTO "auth_permission" VALUES(57,19,'delete_socialapp','Can delete social application');
INSERT INTO "auth_permission" VALUES(58,20,'add_socialaccount','Can add social account');
INSERT INTO "auth_permission" VALUES(59,20,'change_socialaccount','Can change social account');
INSERT INTO "auth_permission" VALUES(60,20,'delete_socialaccount','Can delete social account');
INSERT INTO "auth_permission" VALUES(61,21,'add_socialtoken','Can add social application token');
INSERT INTO "auth_permission" VALUES(62,21,'change_socialtoken','Can change social application token');
INSERT INTO "auth_permission" VALUES(63,21,'delete_socialtoken','Can delete social application token');
CREATE TABLE "django_session" ("session_key" varchar(40) NOT NULL PRIMARY KEY, "session_data" text NOT NULL, "expire_date" datetime NOT NULL);
INSERT INTO "django_session" VALUES('mrr8jjquhf5a7ws8zfsu1c589xf09ofw','NTcwMzcwMzcyOGI3YWI3MzY5ODFjOTZkOTQ3YmRjMjA5M2U3MzUwNzp7Il9hdXRoX3VzZXJfaGFzaCI6ImRlMGRkYmQ5ZDUzZGYxZDE2NDZmMDU2ZjVlODJkODMzMjE0ZjU0YmQiLCJfYXV0aF91c2VyX2lkIjoiOCIsIl9hdXRoX3VzZXJfYmFja2VuZCI6ImRqYW5nby5jb250cmliLmF1dGguYmFja2VuZHMuTW9kZWxCYWNrZW5kIn0=','2016-12-23 10:13:10.314872');
INSERT INTO "django_session" VALUES('3mfepufdr7googk48wbxehgc9wput3d3','N2MyZGE3MzIyODAwZjJiMDE2Zjg4MjY5YzRlMGU3NDA5OWM5NjNkYTp7Il9hdXRoX3VzZXJfaGFzaCI6IjQzZTI3NGEwOTJlYTFiZjE4ZDYyYzJkODIwYTAwY2FhMWQzNzhkNjMiLCJfYXV0aF91c2VyX2lkIjoiMTAiLCJfYXV0aF91c2VyX2JhY2tlbmQiOiJkamFuZ28uY29udHJpYi5hdXRoLmJhY2tlbmRzLk1vZGVsQmFja2VuZCJ9','2016-12-23 10:49:03.758333');
INSERT INTO "django_session" VALUES('s8ixhtlhfdqs3tt6rg18v25f122kprtf','ZDA5M2VlNGIyNjE2ZDcxNDgyYWI0MzZhZDRmMGM4MTkwNTBkNWNkNjp7Il9hdXRoX3VzZXJfaGFzaCI6IjMzNmZiZTliZTVhMjU5N2YxMDE3ZGU5M2MyZTAwNThhMjQyZjk1NGMiLCJfYXV0aF91c2VyX2JhY2tlbmQiOiJkamFuZ28uY29udHJpYi5hdXRoLmJhY2tlbmRzLk1vZGVsQmFja2VuZCIsIl9hdXRoX3VzZXJfaWQiOiIxMSJ9','2016-12-23 10:48:56.854718');
INSERT INTO "django_session" VALUES('bii1cs5fascbc58myvj5do7ir0dryulc','MDc5NWMyZDc1MjJjOWE2OGQ4ZDZkNTIyODUwMzgxNTViMDU4YTM4NDp7Il9hdXRoX3VzZXJfaGFzaCI6IjM5YzM2MTJjNjg5Njc5MWE3ZWY1NzhmODM0OTI0MzE0NzliZWUxYzkiLCJfYXV0aF91c2VyX2JhY2tlbmQiOiJkamFuZ28uY29udHJpYi5hdXRoLmJhY2tlbmRzLk1vZGVsQmFja2VuZCIsIl9hdXRoX3VzZXJfaWQiOiIxMiJ9','2016-12-23 10:49:52.192722');
INSERT INTO "django_session" VALUES('4o10lr0wfev9vuhylfmvssyc8n02k20q','NTI4MjkzYTEzZGYwODNjNzMyZGJjZmFkMjM5NDZkMjQ5MGI0NTQ1Nzp7Il9hdXRoX3VzZXJfaGFzaCI6ImRlMGRkYmQ5ZDUzZGYxZDE2NDZmMDU2ZjVlODJkODMzMjE0ZjU0YmQiLCJfYXV0aF91c2VyX2JhY2tlbmQiOiJkamFuZ28uY29udHJpYi5hdXRoLmJhY2tlbmRzLk1vZGVsQmFja2VuZCIsIl9hdXRoX3VzZXJfaWQiOiI4In0=','2016-12-23 11:54:12.763891');
INSERT INTO "django_session" VALUES('q4whpn1t64el4pnh2uegitetfjh1vd0e','MzI2ZGU3MmYzNGEzOTgzNTE1NWVmYjU2OTQ5OTMyNTM4NmQ4Zjg1Njp7Il9hdXRoX3VzZXJfaGFzaCI6ImFkMjg5ZjY4YmQyYzc5OWUyODQ3NDA0NGQyYjI2NzI4MjMzZDY3YmEiLCJfYXV0aF91c2VyX2JhY2tlbmQiOiJkamFuZ28uY29udHJpYi5hdXRoLmJhY2tlbmRzLk1vZGVsQmFja2VuZCIsIl9hdXRoX3VzZXJfaWQiOiIyIn0=','2016-12-23 13:04:26.094423');
INSERT INTO "django_session" VALUES('vt16r9dwqw1oimrcoh19wnachp854y1x','YTY3Y2NiZWIyMjc3ZWI4NmE0ZGZmNDQzZmM4ZDViMmZmZDkwMjE0MDp7Il9hdXRoX3VzZXJfaGFzaCI6ImQwOTQxMTMwMmUyMjk5YjFiOGJmMDJhZWVhOGU4MGIwODdlYzhiODEiLCJfYXV0aF91c2VyX2JhY2tlbmQiOiJkamFuZ28uY29udHJpYi5hdXRoLmJhY2tlbmRzLk1vZGVsQmFja2VuZCIsIl9hdXRoX3VzZXJfaWQiOiI3In0=','2016-12-23 13:42:18.824776');
CREATE TABLE "core_action" ("id" integer NOT NULL PRIMARY KEY AUTOINCREMENT, "title" varchar(1024) NULL, "content" text NOT NULL, "createDate" datetime NOT NULL, "startDate" datetime NULL, "endDate" datetime NULL, "modified" datetime NOT NULL, "firstPicture" varchar(100) NOT NULL);
INSERT INTO "core_action" VALUES(3,'Chuẩn bị những phong bao lì xì may mắn ngày Tết','Tết vui, Tết sum vầy, Tết là phải có bánh chưng, bát Tét. Nhưng Tết cũng không thể thiếu chuyện mừng tuổi cho nhau, chúc nhau may mắn, sức khỏe, giàu có, sung túc. Từ trẻ con, người già, thậm chí là những người trung tuổi đều được nhận phong bao lì xì thể hiện sự may mắn.

Người Việt bao đời nay vẫn giữ nguyên phong tục truyền thống ấy và nhất nhất không thể nào quên mỗi dịp đi chơi, gặp gỡ người khác khi xuân về.

Bạn có thể tự tay làm những chiếc lì xì để gửi gắm sự chân thành của mình hoặc đi sắm tết và chọn những phong bao lì xì may mắn với nhiều mẫu mã khác nhau.

Chi tiết tham khảo thêm:
Các mẫu bao lì xì handmade năm 2017 {http://vietgiftcenter.com/phong-bao-li-xi-dep-doc-handmade-tet-binh-than-2016}
Nguồn gốc và ý nghĩa của phong tục lì xì ngày Tết {https://www.youtube.com/watch?v=ul6RVxANqns}','2016-12-09 13:00:27.021288','2017-01-12 12:59:40','2017-01-27 12:00:00','2016-12-09 13:01:50.164699','action/images/Laisee.jpg');
INSERT INTO "core_action" VALUES(4,'Tết năm nay bạn đã có những dự định gì cho bản thân và gia đình rồi?','Trong không khí của tết nguyên đán đang rạo rực khắp các phố phường, bạn đã có một kế hoạch cụ thể nào cho tết nguyên đán sắp tới chưa?
Hãy để dịp tết này sẽ luôn ngập tràn trong niềm vui và tiếng cười. Bạn định về thăm quê hay là chọn cách ăn tết ở một thành phố lạ?  Bạn muốn thăm thú các lễ hội cổ truyền hay đơn giản là đi cầu ăn ở ngồi chùa làng cổ kính? Có rất nhiều lựa chọn để bạn có thế trải nghiệm và chắc chắc nó sẽ là những kỷ niệm không thể nào quên của bạn đó.','2016-12-09 13:06:10.985114','2016-12-09 12:57:03','2017-01-31 12:57:11','2016-12-09 13:53:49.218808','action/images/1111111111_cNNIicw.jpg');
INSERT INTO "core_action" VALUES(8,'Cắt tóc đón năm mới','Hiện nay đang là thời điểm vừa là những ngày thường bận rộn vừa là những ngày chúng ta chờ đợi đón năm mới.  Hẳn là các bạn ai cũng đang háo hức chuẩn bị quần áo đẹp, làm mới bản thân chuẩn bị đón Tết nhưng các bạn cũng đừng quên lựa chọn cho mình những mẫu tóc đẹp để thật tự tin và nổi bật khi du xuân nhé.
Có rất nhiều mẫu tóc đẹp cho bạn lựa chọn để diện đi chơi trong dịp Tết này. 
Chi tiết tham khảo thêm
Các kiểu tóc đẹp cho các bạn gái dịp Tết {http://www.lamsao.com/cac-kieu-toc-dep-de-chi-em-dieu-da-don-tet-p214a99898.html}
Các kiểu tóc đẹp cho nam giới dịp Tết {http://www.biendao24h.vn/products/Kieu-toc-nam-truyen-thong-ton-tai-mai-voi-thoi-gian.html}','2016-12-09 14:03:11.532733','2016-12-01 07:03:22','2017-01-27 05:00:00','2016-12-09 14:23:49.111820','action/images/1389599906-img_0394.jpg');
INSERT INTO "core_action" VALUES(9,'Tự mình chuẩn bị một bình hoa đẹp','Mỗi dịp Tết đến xuân về, kháo nhau tìm mua hoa tươi sớm để cắm hoa Tết cho ngôi nhà thêm tươi mới. Theo tâm linh đặt hoa tươi trong nhà có ý nghĩa cầu mong một năm mới khởi sắc với nhiều may măn, đầy đủ. Tùy theo từng loại hoa khác nhau sẽ có ý nghĩa khác nhau. Nếu các năm thường mẹ hay chị sẽ làm điều đó tại sao năm nay bạn không tự tay mình chuẩn bị một bình hoa như thế nhỉ?
 Từ việc chọn hoa mua hoa hay cắm hoa đều là những công việc rất thú vị vừa thể hiện được gu thẩm mỹ của bạn nữa, hãy xách mông lên và cắm ngay một bình hoa theo hướng dẫn thôi nào
 
chi tiết đây nhé mọi người {https://tuyentaphay.com/tuyen-tap-cac-mau-cam-hoa-de-ban-ngay-tet-mang-loc-vao-nha}','2016-12-09 14:03:40.107253',NULL,NULL,'2016-12-09 14:37:41.383224','action/images/cuu-nguoi-mau-thuy-hanh-day-con-cam-hoa-ngay-tet.jpg');
INSERT INTO "core_action" VALUES(10,'Đầu năm mới bạn đã đi  lễ chùa cầu an cho bản thân và gia đình chưa?','Lễ Chùa đầu năm đã trở thành một nét văn hóa không thể thiếu của mỗi con người Việt Nam mỗi dịp tết đến xuân về. Bên cạnh những hoạt động vui chơi giải trí, những lễ hội tưng bằng sắc xuân thì không khí linh thiêng, thanh tịnh ở những đền, miếu cũng là hoạt động thu hút rất nhiều bạn trẻ tham gia với lý do:" Cầu một năm mới may mắn, bình yên, hạnh phúc"','2016-12-09 14:09:32.514207','2016-12-09 07:06:01','2017-01-31 07:06:08','2016-12-09 14:09:32.514347','action/images/images923115_5.JPG');
INSERT INTO "core_action" VALUES(11,'Nếu có ghé qua các đền chùa vào dịp tết, đừng quên xin một quẻ bói xem tử vi của năm mới','Đi lễ chùa đầu năm và xin quẻ là phong tục lâu đời của người Việt. Theo tục cũ, người đi chùa sau khi dâng lễ chọn lấy một quẻ thẻ thường làm bằng tre có ghi số hiệu hoặc ghi một câu ngắn gọn bằng tiếng Hán nêu tổng quát về cuộc đời, vận hạn của người rút quẻ trong năm đó. Ngày nay, thay vì thẻ tre, các chùa thường dùng thẻ giấy và chữ quốc ngữ để người xem dễ hiểu, không cần nhờ đến các thầy đồ luận giải. 
Tại một số đình chùa, người đi lễ được rút thẻ miễn phí. Nội dung các quẻ thẻ tập trung nói đến vận hạn của mọi người trong năm. Quẻ tốt hay xấu thể hiện ngay ở tên quẻ: quẻ đại cát, quẻ thượng thượng, quẻ hạ hạ.... Cũng có những quẻ luận giải cụ thể các vấn đề hôn nhân, cầu tài, cầu danh, gia trạch.... và tổng giải.
Người đi lễ chùa rút quẻ đầu năm xuất phát từ mong muốn sẽ gặp nhiều may mắn, an lành trong cả năm trước mắt. Đây là phong tục đã được nhân dân ta lưu giữ từ lâu và trở thành nét đẹp văn hóa mỗi dịp tết đến, xuân về. 
Dẫu vậy nhưng những điều ta xem được chưa chắc đã đáng tin, thế nên nếu không mang có gặp phải quẻ xui thì cũng đừng vì thế mà lo lắng nha.','2016-12-09 14:22:24.567539','2016-12-09 14:21:43','2017-01-31 14:21:48','2016-12-09 14:22:41.399951','action/images/gieo-que3.png');
INSERT INTO "core_action" VALUES(12,'Sắm cây quất ngày Tết','Cây quất thường được người dân lựa chọn để trang trí vào dịp Tết cũng bởi theo âm Hán Việt thì âm của từ "quất" gần giống âm của từ "cát". Quất có lá xanh tốt, sai quả, quả vàng đều thể hiện sự trù phú, hứa hẹn một năm mới được mùa, ăn nên làm ra, dồi dào sức sống. 
    Chính vì vậy, mỗi khi Tết đến xuân về, ngoài việc xem ngày tốt xấu để dọn dẹp nhà cửa đón Tết, nhà nhà đều bài trí cây quất với hy vọng mang lại niềm vui và may mắn trong cả năm cho gia đình. Ngoài ra, cành quất trĩu quả trong quan niệm dân gian là biểu tượng cho sức khỏe, bình an, trường thọ và sự may mắn trong tình duyên, thể hiện sự sum vầy của nhiều thế hệ trong gia đình. Những cây quất lá xanh tốt, quả vàng chi chít thể hiện sự trù phú, hứa hẹn năm mới được mùa, ăn nên làm ra, dồi dào sức sống. Bài trí cây quất trong nhà với hy vọng mang lại niềm vui và may mắn cả năm cho gia đình, trong kinh doanh, đặt cây quất ở văn phòng hoặc cửa hàng sẽ đem lại cát khí lớn lao, sự đầu tư sáng suốt và thu được nhiều tài lộc.

Chi tiết tại {http://saigonhoa.com/product/cay-quat-cay-tac-ngay-tet/}','2016-12-09 14:34:54.098328',NULL,NULL,'2016-12-09 14:34:54.098448','action/images/Manhhv2.jpg');
INSERT INTO "core_action" VALUES(13,'Tết này chọn Đào nào đây !!!???','Cây đào được xem là tinh hoa của Ngũ hành, theo phong thủy cây này có thể trị bách quỷ hơn nữa hoa đào còn là biểu tượng cho sự đổi mới và sức sinh sôi phát triển mạnh mẽ. 
Vì vậy sắm một cây đào tết thật đẹp để tô điểm cho Tết năm nay thôi !

Kinh nghiệm chọn và chăm sóc hoa đào ngày Tết: 
Chọn đào

Chơi đào ngày Tết là cả một nghệ thuật cao cấp từ người trồng cho đến người mua, phụ thuộc vào nhiều yếu tố: kỹ thuật trồng, chăm sóc, điều kiện kinh tế, sở thích, loại đèn, màu tường, không gian rộng hay hẹp và cách trang trí phòng khách… của mỗi hộ gia đình mà chọn lựa cho phù hợp. Đào có nhiều giống: đào bích, đào phai, đào trắng (bạch đào, rất hiếm); có đào thế, đào cảnh trồng chậu, đào cắt cành cắm lọ…
Xem thêm: {http://vietnamnet.vn/vn/doi-song/kinh-nghiem-chon-va-cham-soc-hoa-dao-ngay-tet-220248.html}','2016-12-09 14:38:15.968350',NULL,NULL,'2016-12-09 14:39:26.747366','action/images/duan-00001.jpg');
INSERT INTO "core_action" VALUES(15,'Mọi người sẽ rất bất ngờ khi nhận được lời chúc viết tay của bạn đó','Mỗi một tấm thiệp mang những lời chúc sức khỏe, may mắn và bình an của bạn sẽ làm những  người thân trong gia đình cảm thấy cảm động và hành phúc viết bao. Hãy để món quà nhỏ này là một điều bất ngờ cho mọi người bạn nhé!!','2016-12-09 14:43:09.812813','2016-12-09 14:25:47','2017-01-31 14:26:35','2016-12-09 14:43:44.130347','action/images/son0001.jpg');
INSERT INTO "core_action" VALUES(16,'Có một buổi liên hoan nhỏ đầm ấm đón chờ khoảnh khẳn giao thừa','Đêm Giao thừa là một buổi tối đặc biệt. Đó là một buổi tối thật ấn tượng. Nó là thời điểm của năm mà bạn có thể bỏ lại hết những nỗi đau buồn trong năm qua và đón chào những giấc mơ và hoài bão của chúng ta trong năm tới. Chúng ta cũng có thể nhìn lại những điều tốt đẹp mà chúng ta đã làm được, những người bạn mới, những kỳ lễ hội và những thành công trong công việc mà chúng ta đã có. 

Vì vậy hãy tổ chức buổi tiệc theo phong cách của bạn. Cố thêm vào những suy nghĩ của bạn. Nó không quá khó để làm. Bạn có thể nhớ lại những việc đã xảy ra trong năm qua với những kỷ niệm đáng nhớ. Bạn đã có chuyến du lịch đáng yêu? hay chuyện cưới hỏi? chuyện thăng tiến trong công việc? hay gặp được người yêu? Bây giờ là lúc để gợi lại những kỷ niệm. Hãy hâm nóng những gì còn lạnh lẽo trong lòng. Hãy làm cho buổi tiệc của bạn thật lãng mạn và gây tác động mạnh mẽ. Hãy lên chủ đề cho buổi tiệc dựa vào những cảm giác của bạn.

Điều quan trọng nhất là buổi tiệc của bạn phải mang tính cá nhân. Bạn sẽ phải ngạc nhiên vì chúng có tác động rất mạnh đến những vị khách của bạn. f','2016-12-09 14:51:24.326811',NULL,NULL,'2016-12-09 14:51:24.326863','action/images/son0002.jpg');
INSERT INTO "core_action" VALUES(17,'Mình còn mừng tuổi ông bà được bao nhiêu lần nữa vậy ba?','Ông bà luôn cho ta sự ấm áp nhất, vì vậy bạn đừng quên dành thật nhiều tình cảm cho ông bà của mình không chỉ riêng vào các ngày lễ Tết. Mừng tuổi ông bà là một điều hết sức ý nghĩa đối với ông bà!
Hãy để ông bà cảm nhận được sự quan tâm của con cháu dành cho mình, như vậy ông bà mới có thể vui khỏe để sống thật lâu cùng  với con cháu. Ở cái tuổi xế bóng này, sự cô đơn chính là nỗi ám ảnh sợ hãi lớn nhất, là một người cháu hiếu thảo bạn hãy xoa dịu sự cô đơn trong lòng tuy chỉ cần một cái quan tâm thật nhỏ bé nào đó. 
Đừng quên điều này nhé !
--------
Crazylife.co','2016-12-09 14:59:35.579639',NULL,NULL,'2016-12-09 14:59:35.579702','action/images/duan-00002.jpg');
INSERT INTO "core_action" VALUES(18,'Gửi những lời chúc chân thành đến cha mẹ','Tết là dịp của gia đình đoàn tụ đón giây phút giao thừa thiêng liêng... và cũng là dịp để gửi những lời chúc Tết, chúc mừng năm mới tới bố mẹ người đã sinh thành, nuôi dạy chúng ta. Cùng gửi đến những lời chúc năm mới tốt đẹp nhất đến bố mẹ kính yêu nào.

Xem thêm tại
Những lời chúc bố mẹ hay nhất{http://www.lamsao.com/nhung-loi-chuc-tet-bo-me-hay-nhat-p214a61005.html}','2016-12-09 15:00:50.162466',NULL,NULL,'2016-12-09 15:20:33.764587','action/images/Son0003.jpg');
INSERT INTO "core_action" VALUES(19,'Tạo một căn nhà tràn ngập màu sắc với đèn và bóng nháy','Một căn phòng đầy ánh sáng đủ màu hay một khung cảnh ảo diệu sẽ hiện ra trong dịp tết này khi bạn sử dụng những đèn hay những bộ bóng nháy đủ màu
  Tết là ngày để mọi người vui chơi sau một năm làm việc nên công việc trang hoàng nhà cửa sẽ không thể thiếu. Hãy chứng tỏ với mọi người là bạn là người sáng tạo đi nào. Không chỉ nhà cửa mình có thể dùng đèn náy trang trí cây mai, cây đào hay là cờ tổ quốc.

hướng dẫn chi tiết {http://bellasofa.vn/khong-gian-lung-linh-voi-nhung-chiec-den-nhay-lap-lanh.html}','2016-12-09 15:18:21.289689',NULL,NULL,'2016-12-09 15:21:34.313074','action/images/manhhv2.jpg');
INSERT INTO "core_action" VALUES(20,'Trông nồi bánh chưng ngày Tết','Ngày Tết cổ truyền hàng năm, có nhà ai là không có dăm cặp bánh chưng để cúng gia tiên và thưởng thức hương vị cổ truyền ? 
Bánh chưng là nét văn hóa lâu đời mà có lẽ mãi mãi về sau cũng không thể biến mất trong tâm thức người Việt. Nét truyền thống đó sẽ còn mãi với hình ảnh nồi bánh chưng sôi sùng sục suốt đêm và những ánh lửa bập bùng, rạng rỡ trong đôi mắt người trông bánh. Ngồi bên bếp than hồng đến cay xè cả mắt, ăn khoai lang nướng đen xì những đôi môi, nghe bố kể chuyện tết xưa, ríu rít nói chuyện với anh chị em và thi thoảng còn ngủ gật nữa. Tảng sáng, mùi bánh đã thơm lừng, quyện trong hương thơm mùi già ngai ngái ngon tuyệt…','2016-12-09 15:19:50.231638','2016-12-09 15:19:24','2017-01-27 05:00:00','2016-12-09 15:19:50.231780','action/images/Khanh75123.jpg');
INSERT INTO "core_action" VALUES(21,'"Mồng ba tết thầy"','Sang ngày mồng ba, người Việt thường dành riêng đi lễ Tết thầy giáo. Không chỉ có các học trò học chữ đến với thầy dạy chữ mà thầy được người Việt mở rộng nghĩa là những bậc có công dạy chữ lẫn dạy nghề, dạy cả những bộ môn nghệ thuật như dạy đàn, dạy hát…

Người Việt có một câu thành ngữ chân phương, nôm na nói về vai trò người thầy là “Không thầy đố mày làm nên”. Công dưỡng dục thuộc về cha mẹ nhưng công lao dạy dỗ thành người hiểu biết, thành người có nghề nghiệp để sau này sinh sống và định vị cuộc đời mình trước nhân quần xã hội là người thầy. Với tinh thần tôn sư trọng đạo, người Việt quan niệm “Nhất tự vi sư, bán tự vi sư” nghĩa là dạy một chữ là thầy, nửa chữ cũng là thầy – để tỏ lòng tri ân người có công khai tâm cho con người bằng trí thức, bằng chữ.

Đây cũng là dịp cho thầy trò cùng nhau hàn huyên tâm sự mọi chuyện tầng ấy năm xa trường. Vậy hãy mau mau qua chúc tết thầy cô đi nhé','2016-12-09 15:24:46.530601',NULL,NULL,'2016-12-09 15:24:46.530667','action/images/son0004.jpg');
INSERT INTO "core_action" VALUES(22,'Tiễn chân ông táo về trời','Tục cúng Táo quân khởi nguồn từ bếp lửa, tượng trưng cho sự ấm no, sung túc, cung cấp sự sống cho con người bằng việc sưởi ấm, đun chín thức ăn. Đó cũng là hình tượng trong cõi tâm linh về ông Vua Bếp. Sau này, dựa trên các sự tích liên quan đến bếp lửa, dân gian mới sáng tạo ra câu chuyện "hai ông, một bà" nhưng vẫn có ý nghĩa mong muốn một cuộc sống no đủ, bếp gia đình lúc nào cũng rực lửa. 

Cá chép là phương tiện duy nhất có thể đưa Táo Quân về trời. Bởi thế, vào ngày này, sau khi làm lễ xong, các gia đình đều cúng con cá chép rồi đem ra sông hay ra ao thả, ngụ ý “cá hóa long”, nghĩa là cá sẽ hóa rồng, vượt vũ môn, làm phương tiện cho Táo quân cưỡi về trời.

Hãy đưa những chú cá chép đến nơi thuận lợi nhất để chuyến đi về trời của Ông Công, Ông Táo được suôn sẻ và may mắn nha bạn.','2016-12-09 15:29:46.038940',NULL,NULL,'2016-12-09 15:29:46.039000','action/images/Son0005.jpg');
INSERT INTO "core_action" VALUES(23,'Gia đình bạn đã nhờ ai xông nhà tết năm nay chưa?','Người xông nhà, xông đất là người bước chân đầu tiên vào nhà sau phút giao thừa. Do muốn được may mắn, mọi người hay tìm người hợp tuổi đến xông nhà. Người mở hàng có thể là giám đốc công ty, những người thành đạt hoặc chính con cháu, hoặc tự bạn cũng có thể mở hàng cho nhà mình. Điều quan trọng khi chọn người xông nhà, mở hàng đầu năm, đó phải là người vui vẻ, rộng rãi. Tuyệt đối tránh thuê người đến mở hàng, xông đất chỉ để hợp tuổi khi không biết tính cách, năng lực... của họ. 

Vì xông nhà có ý nghĩa lớn về tinh thần và tâm linh như vậy nên hãy lựa chọn đúng người bạn nhé.','2016-12-09 15:33:54.264258',NULL,NULL,'2016-12-09 15:33:54.264378','action/images/son0006.jpg');
INSERT INTO "core_action" VALUES(24,'Đêm nay khai bút đầu năm, Cầu cho năm mới phơi phới điều may','Bạn đã thử cảm giác khai bút đầu năm ngay khi thời khắc chuyển giao năm mới với năm cũ chưa. 
Cái cảm xúc ngồi nắn nót viết những dòng chữ đầu tiên của một năm thật là đặc biệt! Là bạn bạn sẽ viết gì đây ? Đó là những điều tuyệt vời của riêng bạn !

Những gợi ý hay để khai bút đầu xuân nhiều ý nghĩa
{http://tiin.vn/chuyen-muc/hoc/nhung-goi-y-hay-de-khai-but-dau-xuan-nhieu-y-nghia.html}','2016-12-09 15:36:56.020730',NULL,NULL,'2016-12-09 15:36:56.020796','action/images/duan-00003.jpg');
INSERT INTO "core_action" VALUES(25,'Đưa mẹ đi chợ ngày Tết','Con vốn biết thời gian trôi qua nhanh, nhưng đôi khi ngẫm lại vẫn giật mình. Mới chớp mắt mà lại tết nữa rồi. Mẹ hay nói với con câu nói "bảo bối" từ ngoại: “Không có cái tết nào giống cái tết nào”.
Năm con 7 tuổi, điều vui nhất vào dịp tết là được nhận lì xì, hay năm 17 tuổi là được đi chơi cùng bạn bè. Nhưng những năm con lớn hơn tuổi, con chỉ mong đến tết để được đi chợ cùng mẹ, phụ mẹ xách đồ. Đó là khoảnh khắc của bình yên, của ấm áp, của nơi con thuộc về, được nắm tay mẹ thật chặt, chen chúc giữa chợ tết, dù con không còn nhỏ bé gì...
Mẹ cho con đi chợ với mẹ nhé!','2016-12-09 15:41:41.020669','2016-12-09 15:41:25','2017-01-27 05:00:00','2016-12-09 15:41:41.020849','');
INSERT INTO "core_action" VALUES(26,'Bạn đã thử mời một người bạn ngoại quốc về ăn tết Việt chưa?','Tết nguyên đán là một nét văn hóa rất đặc biệt ở Châu Á mà chắc hẳn những người ngoại quốc, đặc biệt là người phương Tây muốn trải nghiệm sự đặc biệt có một không hai này. Hãy mời và tình nguyện giới thiệu cho họ về tết của quê hương Việt Nam của chúng ta. Điều này thật tuyệt vời phải không?','2016-12-09 15:45:12.758573',NULL,NULL,'2016-12-09 15:45:12.758936','action/images/son0007.JPG');
INSERT INTO "core_action" VALUES(27,'Treo ảnh gia đình đón mừng năm mới','Cuối năm bên gia đình trang hoàng lại nhà cửa. Đây là lúc các thành viên trong gia đình bồi đắp thêm tình cảm gia đình gắn bó. Có thể nói, một bức ảnh gia đình chính là phương pháp đơn giản mà hiệu quả nhất để nhắc nhở  mọi người về tình thân, tình thương yêu giữa những thành viên dưới một mái nhà.
Còn gì tuyệt vời hơn nếu Tết này cả nhà có thể chụp cùng nhau những bức ảnh gia đình rồi cùng chọn bức đẹp nhất treo trang trọng giữa phòng khách?
Nếu là các bâc cha mẹ có thể để con cái tự tay lựa vài bức treo chỗ con cái muốn, treo thêm cả trong phòng riêng của con nữa, để nhắc nhở trẻ rằng dẫu có biến cố thăng trầm, con vẫn luôn có mẹ cha ở bên hỗ trợ. Đấy chính là tình máu mủ ruột rà mà một năm bận rộn mưu sinh có lẽ nhiều người quên lãng.
Chi tiết xem thêm:
Những cách treo ảnh đẹp {http://emdep.vn/nha-xinh/nhung-cach-treo-anh-vua-dep-vua-nghe-thuat-ban-se-muon-thu-ngay-20160511150431339.htm}','2016-12-09 16:04:57.921298','2016-12-01 16:00:23','2017-01-26 17:00:00','2016-12-09 16:04:57.921491','action/images/khanh1243.jpg');
INSERT INTO "core_action" VALUES(28,'Em yêu !!! Tết này mình đi cầu duyên !','Tình yêu là một cảm xúc kì diệu mà thượng đế đã ban cho con người, khiến hai con người vốn khác nhau xích lại gần nhau hơn. 
Càng lớn, con người càng mong muốn có được một tình yêu đẹp và bền lâu. Tuy nhiên tình yêu đâu phải ai cũng may mắn tìm được nhau. Có những người suốt cả cuộc đời này vẫn không tìm được thật sự cái gọi là tình yêu. Một số người đã có nó trong tay thì lại không phải ai cũng biết cách nắm giữ, vẫn để tuột mất nhau, tuột mất thứ tình cảm vốn đẹp đẽ đó chỉ trong một thời gian ngắn.
Hãy làm những điều tuyệt tuyệt vời và ý nghĩa để xây đắp tình yêu đôi bạn !
Cùng nhau đi cầu duyên là một điều cực kỳ ý nghĩa đối với những cặp tình nhân. Nếu năm này là lần đầu tiên cầu duyên của đôi bạn thì nó sẽ là một kỷ niệm cực kỳ đáng nhớ. 

Có rất nhiều nơi để các bạn có thể đến cầu duyên và cũng là một điểm đến trong chuyến du xuân như: Chùa Hà (Hà Nội)
Chùa Duyên Ninh (Ninh Bình)
Đền Chử Đồng Tử (Hưng Yên)
Chùa Bát Bửu Phật Đài (TP. HCM)
...
Xem thêm {http://diadiemdulich.com/diem-den/5-ngoi-chua-cau-duyen-noi-tieng-nhat-viet-nam.html}','2016-12-09 16:17:01.594384',NULL,NULL,'2016-12-09 16:17:01.594486','action/images/duan-00004.jpg');
INSERT INTO "core_action" VALUES(29,'Đừng quên lập mục tiêu cho năm mới nhé','Đến hẹn lại lên, những ngày cuối cùng của năm cũ luôn là khoảng thời gian lý tưởng để chúng ta nghiền ngẫm về những điều đã qua và bắt đầu suy nghĩ về những mục tiêu cụ thể cho sự nghiệp trong năm mới.

Theo phản ứng tự nhiên khi nói đến những mục tiêu mới trong công việc, mọi người luôn có thói quen suy luận rằng đó chính là thay đổi công việc. Không hẳn thế, tìm một vị trí mới hoặc tham gia một lĩnh vực nghề nghiệp mới cũng chỉ là một trong vô số các mục tiêu. Vẫn còn có những điều khác, bao gồm trong cả công việc lẫn cuộc sống mà bạn cần phải vạch ra kế hoạch và xác lập mục tiêu cho mình trong năm mới.

Sau đây là một vài gợi ý giúp bạn có từng bước điều chỉnh công việc và cuộc sống thêm phần thuận lợi để hướng đến ước mơ “ vạn sự như ý” ở năm Bính Tuất

Năm mới bắt đầu từ những bước thay đổi nhỏ. Nếu là một người luôn tham công tiếc việc, luôn quay cuồng với hàng đống trách nhiệm và bao giờ cũng trở vể muộn trong suốt bảy ngày trong tuần thì bạn nên tập thay đổi thói quen này dần dần để tránh rước vào mình cảm giác quá tải, mệt mỏi. Hãy bắt đầu thay đổi từ những bước nhỏ.

Ví dụ như: bạn sẽ trở về nhà sớm hơn 30 phút mỗi ngày so với năm cũ, còn nếu bạn vẫn thường xuyên mang việc về nhà thì nên tự đặt ra nguyên tắc “một ngày không công việc trong tuần”. Sự thay đổi nhỏ này sẽ giúp bạn cảm thấy công việc trở nên nhẹ nhàng và cuộc sống thì dễ chịu hơn nhiều so với năm cũ.

Đọc sách nhiều hơn. Hãy dành thời gian đọc sách nhiều hơn, xen kẽ các tài liệu liên quan đến công việc là những tác phẩm giải trí. Dành thời gian đọc nhiều hơn sẽ giúp bạn vừa tiếp thu được những kiến thức mới cần cho nghề nghiệp lại vừa có những giây phút thư giãn bổ ích.

Nếu thường xuyên đi lại bằng các phương tiện giao thông công cộng, bạn nên nhớ luôn để sẳn một quyển sách trong cặp đi làm, hãy tận dụng mọi thời gian qúy báu có được một cách có ý nghĩa bằng việc đọc sách nhiều hơn.

Tham gia các khoá huấn luyện thể thao. Việc này sẽ rất có ích nếu nghề nghiệp của bạn đòi hỏi giao tiếp thường xuyên và yêu cầu cao về ngoại hình. Chọn một môn thể thao yêu thích và phù hợp ghi danh tham gia ngay lập tức. Rèn luyện thân thể không chỉ giúp bạn có một ngoại hình cân đối hơn mà còn giúp bạn có thêm sức khoẻ để đeo đuổi công việc đến cùng.

Cập nhật thông tin mới cho resume. Bạn phải thường xuyên cập nhật những thông tin mới nhất cho resume của mình với những chi tiết cụ thể và rõ ràng. Công việc này sẽ giúp bạn có cơ hội nhìn lại và đánh giá những việc đã làm được, xem lại coi bạn đã thực hiện đúng theo kế hoạch đã định hay không và hơn nữa là sẽ có thêm cơ sở để thiết lập những mục tiêu mới cho mình.

Lên kế hoạch cho những kỳ nghỉ trong năm. Điều này có thể làm cho bạn thấy có vẻ buồn cười. Tuy nhiên, lên kế hoạch trước cho bất cứ công việc gì luôn luôn không thể là chuyện thừa.

Trong thời gian làm việc sắp tới, chúng ta sẽ vô cùng bận rộn, vì thế sẳn sàng gác lại chuyện nghỉ ngơi táo tạo năng lượng nếu chưa có một kế hoạch cụ thể đi đâu làm gì. Làm việc không nghỉ ngơi sẽ không giúp công việc thêm phần hiệu quả mà ngược lại còn đẩy bạn đến trạng thái mệt mỏi, kiệt quệ năng lực.

Một trường hợp khác nữa là nếu bạn có ý định dồn hết phép lại một lần để “chơi” cho đã thì cũng nên thay đổi suy nghĩ, vì bạn sẽ lập tức cảm thấy ngán việc khi quay lại văn phòng sau một thời gian nghỉ ngơi quá dài.

Trau dồi kỹ năng giao tiếp. Giao tiếp là một kỹ năng cần thiết cho mọi nghề nghiệp với những cấp độ khác nhau, đó chính là sức mạnh thu hút sự chú ý và thiết lập mối quan hệ với mọi người.

Thành công chỉ đến được khi bạn có đã xác định được những mục tiêu cụ thể và kế hoạch thực hiện rõ ràng. Với những mục tiêu nhỏ gợi ý trên đây, hy vọng bạn sẽ thành công to trong năm mới.

Nguồn:Dân trí (2006)','2016-12-09 16:39:55.882142',NULL,NULL,'2016-12-09 16:39:55.882209','action/images/duan-00005.jpg');
INSERT INTO "core_action" VALUES(30,'Phong bì nhỏ, bỏ vào bao, trao người lớn','Trở vào nhà sau tràng pháo hoa rực rỡ báo hiệu thời khắc chuyển giao năm cũ - năm mới, cũng là khi bố mẹ thắp hương cúng xong bàn thờ gia tiên. Có giây phút nào hai chữ “gia đình” lại thiêng liêng  thế chăng? Tết này, bạn sẽ mừng tuổi cho bố mẹ mình chứ?

Phong bao đỏ mang theo cả tấm lòng người con với lời cầu chúc ông bà, bố mẹ luôn mạnh khỏe, hạnh phúc bên con cháu. Đặc biệt với những bạn cả năm ít có thời gian bên gia đình, tại sao làm nên những khoảnh khắc thật đáng nhớ? Hãy cùng tấm lì xì nhỏ trao gửi tất cả lời cảm tạ chân thành tới bậc thân sinh vì đã có một năm bươn chải kiếm sống và lo lắng cho bạn. Hãy cho ông bà được cười thật tươi vì đứa cháu của mình đã thật sự trưởng thành. Hãy gieo niềm tin yêu và hi vọng trong gia đình rằng năm mới của bạn sẽ là một năm thành công hơn tất cả những gì họ mong đợi.

Một hành động nhỏ, nhưng ý nghĩa biết chừng nào!','2016-12-10 01:40:03.949272',NULL,NULL,'2016-12-10 07:09:21.499662','action/images/son0008.jpg');
INSERT INTO "core_action" VALUES(31,'Bạn đã bao giờ kinh doanh hoa vào dịp tết chưa?','Mùa xuân là thời điểm trăm hoa tô điểm cho trời đất và cho lòng người. Chẳng biết tự bao giờ, việc ra chợ Tết mua bán hoa, ngắm hoa đã trở thành nét đẹp văn hóa người Việt. Vậy tại sao bạn không thử góp một chút Xuân bằng cách bày lên những đóa hoa tươi đẹp rực rỡ và đem bán cho mọi người?
Thử tưởng tượng rằng bạn là cô chủ nhỏ của những cành hồng đỏ, hồng vàng, hồng nhung, hồng trắng, hồng thắm, nụ vẫn còn e ấp như muốn níu giữ mùa đông; những đóa cúc vàng cúc trắng cánh nhỏ li ti mà đầy thanh cao, sang trọng; này đây nàng lưu ly he hé những cánh kiều diễm, còn kia là dáng tim tím của những bông hoa cẩm chướng thật tươi khi gió Xuân về, … Đứng giữa hàng hoa như đang trôi trong một dòng sông thơm ngát đầy sắc màu, để thấy lòng mình thật tươi trẻ, để thấy mình đang cho đi những hân hoan của mùa Xuân và sẻ chia khát khao được mang thiên nhiên vào nhà của mọi người.
Việc bán hoa tưởng chừng dễ, nhưng các bạn hãy tự chuẩn bị cho mình những tips giúp công việc hiệu quả hơn. Thời gian sắp xếp hợp lí, thường là mười ngày cuối tháng Chạp. Bên cạnh đó,  tìm hiểu trước về thị trường và chuẩn bị kĩ càng về vốn, nguồn nhập hàng, địa điểm và cách thức nhập, bán, …. cực kì quan trọng. Hỏi những người đã từng làm giống bạn cũng là một cách rất hay. Hãy cân nhắc sao cho vừa vặn và cùng tận hưởng thành quả mùa Xuân thôi nào!','2016-12-10 01:43:06.972773',NULL,NULL,'2016-12-10 07:12:26.030773','action/images/son0009.jpg');
INSERT INTO "core_action" VALUES(32,'Mua sách đầu năm','Hãy đến hiệu sách và chọn ngay một quyển sách về lĩnh vực mà bạn yêu thích, một quyển cẩm nang du lịch, hoặc chỉ đơn giản là một quyển truyện tranh,... Hãy tận hưởng một niềm vui mới mỗi ngày bằng cách đọc những gì bạn yêu thích.
Còn gì tuyệt vời hơn, bạn nhận được một lời chúc chứa chan tình cảm trong cuốn sách của một ai đó tặng mình. Cũng còn hạnh phúc nào hơn khi ta dành tặng bố mẹ cùng người thân yêu những cuốn sách mang thông điệp yêu thương đầu năm mới.
Chi tiết tham khảo thêm:
Tựa một số cuốn sách hay đọc ngày Tết {https://www.facebook.com/notes/tikivn/12-t%E1%BB%B1a-s%C3%A1ch-hay-%C4%91%E1%BB%8Dc-d%E1%BB%8Bp-t%E1%BA%BFt/184508731572840/}
Các website mua, đọc sách online hay{https://10hay.com/top-website/top-10-website-mua-sach-doc-sach-online-tot-nhat-viet-nam.html}','2016-12-10 02:29:38.532125','2016-11-30 17:00:00','2017-02-28 02:15:29','2016-12-10 02:29:38.532357','action/images/khanhdz1234.jpg');
INSERT INTO "core_action" VALUES(33,'Cùng bạn bè tham gia một trận thể thao khai xuân đầu năm','Dịp đầu xuân mới luôn gắn liền với những hoạt động " khai xuân".  Đây là một công việc ý nghĩa với mong muốn có được một năm mới may mắn, tốt đệp. Thể thao là một trong những hoạt động thu hút được rất đông người tham gia sau những những ngày nghỉ tết, vừa để tèn luyện sức khỏe và cũng là cơ hội gặp gỡ giao lưu bạn bè đầu năm

Bạn có đang sở hữu cho mình những đồng đội tuyệt vời cùng chơi môn thể thao nào đó. Vậy thì còn chờ gì nữa mà không đặt lịch cho đội mình ngay nhỉ?','2016-12-10 02:42:55.985209',NULL,NULL,'2016-12-10 02:42:55.985273','action/images/son0010.jpg');
INSERT INTO "core_action" VALUES(34,'Hát cho cả nhà nghe đêm giao thừa','Đêm giao thừa là khoảng thời gian thiêng liêng nhất của năm khi cả gia đình sum họp, chuẩn bị đón năm mới với những điều tốt lành, may mắn sẽ đến và tiễn trừ năm cũ với những điều không may đã qua.
Bên cạnh những chùm phá hoa, mâm cỗ truyền thống, những lời chúc, và những chiếc lì xì may mắn. Năm nay sẽ đặc biệt hơn là bạn sẽ chuẩn bị thêm một bài hát ý nghĩa dịp Tết và hát dành tặng các thành viên trong gia đình mình.
Chi tiết xem thêm:
Những bài hát cho đêm giao thừa {http://nhac.vn/playlist-nhung-bai-hat-cho-dem-giao-thua-vol-1-plB4P37?st=sorzJAN}','2016-12-10 02:46:18.634307','2016-11-30 17:00:00','2017-01-26 17:00:00','2016-12-10 02:46:18.634856','');
INSERT INTO "core_action" VALUES(35,'Hóa vàng ngày tết bên gia đình','Theo truyền thống xưa, sau khi mời Tổ tiên về dự 3 ngày Tết với con cháu vào ngày 30 Tết (nếu tháng thiếu thì vào ngày 29 Tết), đến ngày mùng 3 Tết hoặc ngày khai hạ mồng bảy Tết, là ngày cuối cùng, tiệc xuân đã mãn, con cháu lại cáo lễ để tiễn đưa Tổ tiên trở về âm cảnh.Lễ này, tục gọi là “đưa ông bà”, lễ hóa vàng cho Tổ tiên, hay lễ tạ năm mới.

Theo một số chuyên gia văn hóa phương Đông, việc chọn ngày làm lễ hóa vàng tùy thuộc vào mỗi gia đình, chủ yếu từ mùng 3 đến khoảng mùng 10 Tết Nguyên đán. Điều quan trọng nhất là phải có lễ tạ gia tiên, gia thần và chư vị thánh thần, phật. Theo quan niệm dân gian, có lễ tạ thì tấm lòng của chủ nhà mới được người âm chứng giám. Lễ vật dâng cúng trong lễ tạ năm mới gồm: Nhang, hoa, ngũ quả, trầu cau, rượu, đèn nến, bánh kẹo, mâm lễ mặn hoặc chay cùng các món ăn ngày Tết đầy đủ, tinh khiết.

Bạn và gia đình đã định làm lễ hóa vàng vào ngày nào chưa?','2016-12-10 02:52:47.260965',NULL,NULL,'2016-12-10 02:52:47.261032','action/images/Son0011.jpg');
INSERT INTO "core_action" VALUES(36,'Chia sẻ những bức ảnh tết trên quê hương mình với bạn bè','Mỗi một nơi trên tổ quốc Việt Nam lại có một số phong tục, những lễ hội riêng trong địp tết. Cùng nhau chia sẻ những bức ảnh, những câu chuyện đầu xuân sẽ giúp cho mình và bạn bè biết nhiều hơn về tập tục của các vùng khác nhau,  qua đó làm giàu thêm tình yêu đất nước.','2016-12-10 07:19:25.861310',NULL,NULL,'2016-12-10 07:19:25.861369','action/images/son0012a.jpg');
INSERT INTO "core_action" VALUES(37,'Tự tay làm lịch Tết đón năm mới','Mỗi khi năm mới đến mọi người đều cần sắm cho mình những cuốn sổ tay làm lịch, lịch treo tường, lịch để bàn mới. Những bộ lịch handmade hoặc lịch để bàn, lịch dưới dạng sổ tay không chỉ rất đẹp và phong cách khi trang trí nhà, phòng riêng. Bộ lịch handmade còn là món quà tết hoàn hảo nhân dịp năm mới tết đến.

Có rất nhiều mẫu lịch handmade để bàn, mẫu lịch treo tường hoặc thậm chí những quyển lịch làm theo album ảnh của chính bạn. Nguyên liệu để làm một cuốn lịch handmade cũng vô cùng đơn giản và dễ kiếm. Ngoài ra bạn có thể tận dụng giấy bọc quà, album ảnh, sổ cũ, thậm chí thêu chữ thập lên giấy, in trên vải vintage bằng các bộ con dấu handmade… Rất độc đáo phải không?

Chi tiết xem thêm:
Hướng dẫn cách làm các lịch handmade {https://www.youtube.com/watch?v=PTF-96zADNA&list=PLLhVqN6MdbbKbbKtv8zAgBLYTFbExc_MX&index=2}','2016-12-10 07:34:51.818908','2016-12-10 07:34:32','2017-01-27 07:34:35','2016-12-10 07:34:51.819056','action/images/khanh1a23.jpg');
INSERT INTO "core_action" VALUES(38,'Cùng người yêu đi du xuân, lễ hội cầu may','Du lịch là cách tốt nhất để giải trí, thư giãn tinh thần và "hâm nóng" tình yêu đôi lứa. Nếu bạn dự định cùng “người ấy” du xuân dịp Tết này, hãy tăng thêm phần lãng mạn cho chuyến vi vu bằng cách đơn giản sau đây.

Tùy vào sở thích của người yêu mà bạn chọn điểm đến yên tĩnh, thanh bình hay náo nhiệt. Hãy lên danh sách các địa chỉ hấp dẫn nhất rồi sau đó quyết định nơi các bạn thích đến nhất. Thông thường, biển cả, núi rừng, sông nước, ao hồ...là những địa điểm lý tưởng nhất để bạn viếng thăm.

Nếu kinh tế không cho phép, hai bạn cũng có thể chọn mua tour ít điểm đến, ngắn ngày hoặc chọn những nơi có nhiều cây xanh, không khí trong lành và yên tĩnh để tạo cảm giác thú vị cho chuyến đi của mình. Còn gì tuyệt vời hơn khi được cùng nhau thưởng thức một bữa ăn nhẹ ngoài trời trên nền cỏ xanh mướt, hay đi dạo mát ở bãi biển dịu êm...Tất cả những điều ấy sẽ khiến hai bạn thêm hạnh phúc và gắn bó hơn.

Nghe nhạc cùng nhau cũng là cách hay để khơi gợi lại cảm xúc yêu thương giữa hai người. Do đó, dù mua tour hay tự lái xe đi du lịch, các bạn đừng quên chuẩn bị cho mình một đĩa CD với những bản nhạc yêu thích, gắn liền với kỷ niệm đáng nhớ của hai người.

Trên đường khám phá vùng đất mới, nếu bắt gặp chỗ nào có cảnh đẹp và lãng mạn, hai bạn đừng nên bỏ qua cơ hội chụp hình trong bối cảnh thiên nhiên đầy thơ mộng. Có thể nói, cùng nhau trải nghiệm hạnh phúc dưới khung cảnh bình minh và hoàng hôn là những ý tưởng tuyệt vời nhất để ghi lại giây phút hạnh phúc bên nhau mà các "cặp đôi hoàn hảo" sẽ không thể nào quên được.

Nếu muốn tạo niềm vui bất ngờ cho người mình yêu, bạn cũng có thể để một món quà nhỏ ở đâu đó trong hành lý của người ấy. Sau khi tình cờ phát hiện ra nó, chắc chắn “gấu” của bạn sẽ vô cùng cảm động trước tình yêu chân thành từ bạn.

Bạn cũng nên yêu cầu nhà tour đặt riêng hoặc tự đặt bàn trước cho bữa tối lãng mạn tại một nhà hàng ở điểm đến. Còn gì tuyệt vời hơn khi được cùng nhau thưởng thức các món ăn ngon, nâng ly chúc mừng tình yêu và nghỉ ngơi thư giãn sau chuyến đi dài.','2016-12-10 07:37:03.175924',NULL,NULL,'2016-12-10 07:37:03.175986','action/images/Son0013.jpg');
INSERT INTO "core_action" VALUES(39,'Dành chút khoảng riêng ngày tết cho bản thân tự do làm những gì mình thích','Tết không chỉ cho chúng ta thời gian để quây quần bên gia đình, họ hàng, bạn bè. Tết còn cho ta thời gian để thực hiện những ước muốn nhỏ nhoi, hay theo đuổi một đam mê nho nhỏ. Bởi vậy dù có bận rộn hày nhiều lịch hẹn thế nào, bạn hãy nhớ dành ra một ít thời gian và không gian riêng để tận hưởng cuộc sống này bạn nhé.','2016-12-10 07:47:59.626527',NULL,NULL,'2016-12-10 07:47:59.626589','action/images/son0014.jpg');
INSERT INTO "core_action" VALUES(41,'Bạn đã biết mình sẽ mặc gì vào những ngày đầu xuân chưa?','Ngày Tết, bạn tạm rời xa những bộ công sở gò bó để thể hiện gu thời trang của mình. 3 gợi ý dưới đây giúp bạn xinh tươi, rạng rỡ hơn trong dịp năm mới.

Những bộ đồ thanh lịch, sang trọng là lựa chọn an toàn cho bạn khi sum họp gia đình, khi đi chúc Tết họ hàng, người thân. Vì thế, một chiếc váy liền và áo choàng - cách mix đồ kinh điển - sẽ giúp bạn ghi điểm. Trong quan niệm của người Việt thì màu đỏ mang lại may mắn, vì thế, trang phục có màu đỏ, hoặc màu sắc tươi sáng cũng khiến những ngày đầu năm thêm tươi vui, rộn ràng.

Thay vì bận rộn tới tấp với công việc, ngày Tết là dịp bạn có thể thảnh thơi đi chơi đây đó. Lúc này, chân váy xòe, hoặc váy mullet và áo cardigan nhẹ nhàng khiến bạn như mang theo làn gió xuân tươi trẻ bên mình. Một đôi giầy bệt cũng giúp bạn thoải mái, thư thái hơn.

Chi tiết xem thêm{http://giaitri.vnexpress.net/tin-tuc/thoi-trang/lam-dep/3-go-i-y-trang-phu-c-cho-nga-y-te-t-2422970.html}','2016-12-10 07:52:47.456258',NULL,NULL,'2016-12-10 08:05:10.252208','action/images/son0015.jpg');
INSERT INTO "core_action" VALUES(42,'Đi chợ hoa ngày Tết','Khám phá chợ hoa ngày Tết là một trong những nét độc đáo của người dân Việt Nam mỗi dịp Tết đến xuân về. Dạo qua chợ hoa ngày Tết để cảm nhận được không khí xuân đang về, chụp ảnh làm kỉ niệm hay lựa chọn những chậu hoa đẹp nhất về trang trí cho gia đình ngày Tết.
Chi tiết xem thêm:
Cách chọn hoa-cây cảnh ngày tết{https://www.youtube.com/watch?v=R1W-6sxrs6Y}
Các chợ hoa nổi tiếng Hà Nội{http://dulich.vnexpress.net/tin-tuc/viet-nam/ha-noi/6-cho-hoa-tet-noi-tieng-cua-ha-noi-3352276.html}
Các chợ hoa nổi tiếng Sài Gòn{http://dulich9.com/nhung-cho-hoa-ngay-tet-noi-tieng-o-sai-gon-nhon-nhip-va-doc-dao.html}','2016-12-10 08:06:33.493257','2016-11-30 17:00:00','2017-01-30 17:00:00','2016-12-10 08:06:33.493398','action/images/khanhzc1.jpg');
INSERT INTO "core_action" VALUES(43,'Một chuyến đi chơi xa ngày tết cùng đám bạn cũ','Một chuyến đi vào đầu năm mới sẽ làm tinh thần thêm sảng khoái hơn rất nhiều, khi đi cùng đám bạn cũ mọi người có thể nói chuyện với nhau nhiều hơn và kể cho nhau nghe những câu chuyện một năm qua
  Đầu năm thường những địa điểm được chọn du lịch nhiều nhất là chùa chiền hay là những địa điểm tâm linh, nhưng với nhịp sống xã hội hay là phù hợp với túi tiền thì cách đi là của bạn
  Có nhiều típ để đi du lịch đầu năm mọi người tham khảo qua nhé, nhớ hãy làm những vị khách thật văn minh và đem cho và nhận tất cả những niềm vui năm mới.

{http://dulich9.com/du-lich-tet-nguyen-dan-2017-nen-di-dau-lay-loc-dau-nam.html}','2016-12-10 08:10:31.623242',NULL,NULL,'2016-12-10 08:10:31.623329','action/images/du-lich-tet-trong-nuoc2.jpg');
INSERT INTO "core_action" VALUES(44,'Tập tành kinh doanh ngày tết','Với người trẻ thì ai cũng có máu kinh doanh và kiếm tiền để tiêu xài trong dịp tết. Hãy thứ tự đứng ra hoặc cùng với mấy đứa bạn hùn vốn kinh doanh một thứ nào đó đi nào. Việc buôn bán sẽ mang cho bạn nhiều kinh nghiệm hay ho trong cuộc sống và học tập.
  Bán hoa, bán quần áo, bánh kẹo, quần áo... hãy thử làm ông bà chủ thôi nào

chi tiết xem tại {http://www.phoithai.com/kinh-doanh-gi-ngay-tet-von-it-lai-nhieu.html}','2016-12-10 08:26:04.889218',NULL,NULL,'2016-12-10 08:26:04.889319','action/images/Manhhv4.jpg');
INSERT INTO "core_action" VALUES(45,'Đi từ thiện vùng cao dịp giáp Tết','Thật hạnh phúc và may mắn cho những ai được quây quần bên gia đình, được ăn ngon mặc ấm. Nhưng đâu đó bên cạnh chúng ta vẫn còn những mảnh đời kém may mắn, những hoàn cảnh khó khăn và không phải ai cũng được hưởng những cái điều giản dị đó.
Rủ bạn bè xung quanh cùng quyên góp quần áo cũ không dùng tới hay, ủng hộ một phần tài tài chính cá nhân dịp cuối năm hay chỉ là những cuốn sách cũ . Chuẩn bị tươm tất những món quà ý nghĩa muốn gửi, lên đường bắt đầu một chuyến thiện nguyện đầy ý nghĩa dịp giáp Tết nào!
Chi tiết xem thêm:','2016-12-10 08:53:27.247408','2016-12-01 08:53:03','2017-01-31 11:00:00','2016-12-10 08:53:27.247546','action/images/khanhok1.JPG');
INSERT INTO "core_action" VALUES(46,'Chụp ảnh đại gia đình vào năm mới','Tết là dịp để gia đình đoàn viên, mọi người cùng sum họp đầy đủ cũng là dịp để đánh dấu mọi người thêm tuổi mới và nhìn lại những thay đổi của một năm đã qua. Công nghệ khoa học phát triền không chỉ làm việc có những bức ảnh dễ dàng hơn mà còn lưu vào để mỗi lúc nhớ nhà mình có thể đem ra ngắm.
  Một bức ảnh đại gia đình đầu năm là một việc cần thiết để lưu giữ những kỉ niệm đẹp đẽ ngày tết. Có những tấm ảnh đã lâu mình chưa nhìn lại hay có bức ảnh được treo trọng trên tường nhà những bức ảnh như thế đều là những kỉ niệm, những sự thay đổi đáng nhớ của ngày tết. Mỗi khi ngắm nhìn những bức ảnh tình yêu thương gia đình lại ngập tràn và nhớ về những ngày tết năm nao.','2016-12-10 08:53:32.334533',NULL,NULL,'2016-12-10 08:53:32.334594','action/images/manhhv3.jpg');
INSERT INTO "core_action" VALUES(47,'Ngắm nhìn phố phường ngày tết vào buổi sáng sớm','Những buổi sáng sớm trong những ngày tết với cái khí trời se se lạnh, cải nét vắng vẻ chưa đủ rộn rã như lúc mặt trời lên đến đỉnh đầu cộng với những tia sáng lấp ló của ông mặt trời lên thật đang là một khung cảnh yêu bình cho chúng ta chiêm ngưỡng. Và đặc biệt ở những vùng quê, xa xa đâu đó có tiếng rao muối, rao vôi vọng lại...','2016-12-10 08:56:16.767118',NULL,NULL,'2016-12-10 08:56:16.767169','action/images/son0017.jpg');
INSERT INTO "core_action" VALUES(48,'Nhắn tin "Tết này con không về" thử phản ứng bố mẹ','Thật bất ngờ, thử  nhắn tin thông báo “Tết này con không về” gửi tới gia đình với nội dung: "Nhắn tin cho bố hoặc mẹ: ''Tết này con không về được, con xin lỗi'' và cùng chờ đợi kết quả. Nếu các cụ gọi lại, cố gắng đừng nghe máy, bảo là con không thể nghe điện thoại và xem phản ứng của bố mẹ nhé!".
Bên cạnh việc tìm niềm vui từ phản ứng của bố mẹ, đây cũng là cơ hội để mỗi thành viên trong gia đình gần gũi nhau hơn dịp Tết này.','2016-12-10 09:08:52.524084','2016-12-01 09:08:32','2017-01-27 11:00:00','2016-12-10 09:08:52.524359','');
INSERT INTO "core_action" VALUES(49,'Lên thực đơn chuẩn bị các món ăn ngày tết','Ngày Tết, cả nhà quây quần bên nồi bánh chưng, mùi bánh chưng bốc lên thơm phức cả không gian. Cái hương thơm của lá dong lẫn trong hương thơm của lúa nếp nghe cứ nôn nao trong lòng. Không khí cứ mỗi lúc một đầm ấm, vui vẻ và niềm hạnh phúc như cấp số nhân nhân mãi.

Ngày Tết, mọi người ai cũng muốn có nhiều thời gian vui chơi cùng gia đình, bạn bè nhưng vẫn muốn có bữa cơm ngon do mình tự chế biến. Do vậy, việc lên kế hoạch ăn gì trong ba ngày tết rất cần thiết. Để giúp bạn thực hiện được điều này chúng tôi giới thiệu thực đơn cho bốn người trong 3 ngày tết. Bạn cũng có thể "biến tấu" một chút khi có khách.   

Chi tiết xem thêm{http://www.lamsao.com/lam-sao-de-len-thuc-don-cho-3-ngay-tet-p214a19271.html}','2016-12-10 09:11:45.569664',NULL,NULL,'2016-12-10 09:11:45.569723','action/images/son0018.jpg');
INSERT INTO "core_action" VALUES(50,'Xem lại những bộ phim tết mà bạn không may bỏ lỡ','Tết luôn là dịp mà những chương trình giải trí, đặc biệt là những bộ phim tết vừa hài hước, thú vị lại mang giá trị nhân văn sâu sắc. Bỏ lỡ bất ký một bộ phim nào thôi cũng sẽ là sự tiếc nuối không thôi, vậy hãy dành ra một chút thời gian, ngồi quây quần cũng gia đình thước thức những bộ phim tết nhé.','2016-12-10 09:14:49.601144',NULL,NULL,'2016-12-10 09:14:49.601198','action/images/son0019.jpg');
INSERT INTO "core_action" VALUES(51,'Tám chuyện về những chuyện ngày tết với lũ bạn','Tết là khoảng thời gian mà chúng ta tạm thời rời xa những người bạn trên giảng đường để về thăm quê, cùng ông bà, cha mẹ đón chào năm mới. Và thế là chúng ta có cả tỷ thứ trên đời để kể với tụi nó, cùng nhau chia sẻ những trải nghiệm thú vị, những chuyến du xuân tuyệt vời với nhau nào.','2016-12-10 09:22:23.705228',NULL,NULL,'2016-12-10 09:22:23.705325','action/images/son0020.jpg');
INSERT INTO "core_action" VALUES(52,'Đi du lịch Sapa cùng gia đình ngày Tết','Nằm ở phía tây bắc của Tổ quốc, Sa Pa là một huyện vùng cao của tỉnh Lào Cai, một vùng đất khiêm nhường, lặng lẽ nhưng ẩn chứa bao điều kỳ diệu của cảnh sắc thiên nhiên. Phong cảnh thiên nhiên của Sa Pa được kết hợp với sức sáng tạo của con người cùng với địa hình của núi đồi, màu xanh của rừng, như bức tranh có sự sắp xếp theo một bố cục hài hoà tạo nên một vùng có nhiều cảnh sắc thơ mộng hấp dẫn.
Trong những ngày tết, Sapa như khoác trên mình một chiếc áo thơ mộng hơn. Đây là một cơ hội tuyệt vời để bạn cùng gia đình có thể khám phá hết vẻ đẹp thiên nhiên nơi đây đồng thời tìm hiểu thêm văn hóa ngày Tết của các đồng bào dân tộc vùng cao.
Chi tiết xem thêm:
Du lịch Sapa {http://dulich9.com/tong-hop-nhung-kinh-nghiem-du-lich-sapa.html}
Những điểm du lịch ở Sapa{https://www.ivivu.com/blog/2012/08/10-diem-du-lich-hap-dan-o-sapa/}','2016-12-10 09:27:41.261684','2016-12-01 09:27:06','2017-01-31 09:27:04','2016-12-10 09:27:41.261835','action/images/khanhdzvz1.jpg');
INSERT INTO "core_action" VALUES(53,'Cùng gia đình đi lễ chùa đầu năm','Cầu một năm mới an khang hạnh phúc. Cầu cho toàn gia trong ấm ngoài êm. Cầu cho bố mẹ mãi mãi khỏe mạnh. Cầu cho con cái học hành giỏi giang. Chuyến đi lễ đầu năm với gia đình mang trong đó là gửi gắm những hy vọng, những niềm vui và cả sự thanh thản trong tâm hồn mỗi thành viên. Đây cũng là dịp để cha mẹ giao dục cho con cái một trong những phong tục tốt đẹp của dân tộc.','2016-12-10 09:35:28.157635',NULL,NULL,'2016-12-10 09:35:28.157704','action/images/son0021.JPG');
INSERT INTO "core_action" VALUES(54,'Chụp một album bản thân ngày tết','Dạo gần đây làm một album tết cho bản thân đang là xu hướng của giới trẻ, những ngày giáp tết hay cả trong những ngày tết thấy trong các vườn đào hay trên đường phố các cô gái, chàng trai mặc những áo dài sặc sỡ trang điểm đẹp đẽ và thường đi theo là những phó nháy với chiếc máy ảnh trên tay.
  Hãy tự mình chuẩn bị một album tết thật lộng lẫy để post vào dịp tết thôi mọi người.','2016-12-10 09:40:01.936099',NULL,NULL,'2016-12-10 09:40:01.936189','action/images/manhhv5.JPG');
INSERT INTO "core_action" VALUES(56,'Nấu thịt đông ngày tết','Trong thú ẩm thực phong phú của người Việt, có một món ăn khá độc đáo, đó là thịt đông. Món ăn độc đáo ở chỗ là ăn khi đã để nguội lạnh, mà thường ăn vào những ngày đông giá hay lúc xuân sang.
 Hãy tự làm cho mình và mọi người một món thịt thật ngon thôi nào
 cách nấu ở link này nhé {http://www.lamsao.com/bi-quyet-nau-thit-dong-ngon-cho-ngay-tet-p214a31320.html}','2016-12-10 09:57:33.029253',NULL,NULL,'2016-12-10 09:57:33.029334','action/images/manhhv6.jpg');
INSERT INTO "core_action" VALUES(57,'Xem lại những hình ảnh hay những video của bạn trong năm vừa qua','Năm cũ qua, năm mới lại đến. Một năm qua đã xảy ra biết bao nhiêu là sự kiện, và sau mỗi sự kiện đó lại là những trải nghiệm, những cảm xúc thật sự khó quên. Hãy dành ra một giờ đồng hồ để ngồi lật lại từng bức ảnh, xem lại từng video để ngẫm lại một năm đáng nhớ. Biết bao nhiêu những thứ tưởng chừng đã quên, nhưng qua những bức ảnh và video, những ký ức đó chợt quay lại vỡ òa trong niềm nối tiếc vô hạn về tháng năm tuổi trẻ ,,,','2016-12-10 10:03:46.888075',NULL,NULL,'2016-12-10 10:03:46.888136','action/images/son0022.jpg');
INSERT INTO "core_action" VALUES(58,'Ngược thời gian về, tim hiểu về Tết thời bao cấp','Đã bao giờ bạn tự hỏi tết ngày xưa thời ông bà, bố mẹ mình như thế nào chưa?
Ngày xửa ngày xưa, khoảng 30-40 năm trước...
Tết ngày xưa chỉ có hộp mứt thập cẩm, vài lạng đậu xanh để gói bánh chưng, có chăng thêm vài lạng thịt, một bánh pháo tép cũng thành Tết. Trẻ con thì được diện những bộ quần áo mới, được lì xì, háo hức đón giao thừa trong tiếng pháo nổ đì đùng...

Tết xưa đơn sơ là thế nhưng thân thương, ấm cúng vô cùng. Kỉ niệm về Tết thời bao cấp đã trở thành một phần ký ức không bao giờ phai màu trong tâm trí những người đã đi qua thời gian.

Vẫn là hoa đào, hoa mai, vẫn bánh chưng và không khí nhộn nhịp của ngày Tết, nhưng Tết của ngày xưa và ngày nay đã khác nhau rất nhiều. Và chắc hẳn, có những thứ ta chỉ có thể tìm lại trong ký ức, trong hình ảnh còn lưu lại về ngày hôm qua…

Cùng ngược dòng thời gian ngắm nhìn những bức ảnh Tết thời bao cấp để hoài niệm, cảm nhận không khí Tết đơn sơ nhưng tràn đầy yêu thương.
Xem tiếp {http://giaoduc.net.vn/Mobile/Nguoc-thoi-gian-ve-ngay-Tet-thoi-bao-cap-post109622.gd}','2016-12-10 10:12:40.349376','2016-12-10 10:09:24','2017-01-27 10:09:26','2016-12-10 10:12:40.349604','action/images/Khanhabc1.jpg');
INSERT INTO "core_action" VALUES(60,'Mua đồ thờ và quần áo lễ chuẩn bị tiễn ông Táo','Thổ công tức Táo quân là vị thần có nhiệm vụ ghi chép mọi việc tốt xấu xảy ra trong mỗi gia đình. Lễ cúng ông Công ông Táo quan trọng nhất là Tết Táo quân vào ngày 23 tháng Chạp. Trong lễ này, sau khi cúng xong, ông Táo lên chầu Thượng đế để báo cáo những điều tai nghe mắt thấy ở trần thế mà mình đã ghi chép được.

Để chuẩn bị cho ông Táo lên trời, thời xưa các gia đình sẽ đốt vàng mã, mũ áo, hia của năm trước và phóng sinh một con cá chép để làm “ngựa” cho ông Táo cưỡi. Người ta tin rằng sau khi cúng, cá sống cùng tro của vàng mã mũ áo được đổ ra sông hay ao hồ thì ông Công sẽ nhận được. Con cá sau khi phóng sinh sẽ hóa rồng để đưa ông Công lên trời. Còn thời nay, nhiều gia đình thường không thờ mũ áo cả năm mà đến dịp Tết ông Táo mới mua và sau khi cúng xong cũng hóa ngay.

Ở một số nơi còn có tục đốt ngựa vàng mã biếu ông Táo thì cũng có thể chọn màu ngựa theo ngũ hành. Sau mũ áo, một vật phổ biến nữa phải có là con cá chép sống thả trong chậu nước để sau cuộc lễ sẽ phóng sinh ra ao hồ.

Về cỗ cúng ông Táo, gia chủ có thể lễ chay hay mặn đều được. Lễ chay thì gồm có giấy vàng, giấy bạc, tờ tiền, cau trầu, nước và hoa quả. Nếu gia chủ muốn cúng lễ mặn thì có thể cúng giò chả, chân giò, xôi và các món ăn cổ truyền khác. Tuy nhiên có một số loại thịt người ta kiêng không đem cúng. Chẳng hạn như các món làm từ Vịt, chim, ngỗng, trâu, bò, dê, chó. Nói chung cỗ đem cúng phổ biến là làm từ thịt lợn, thịt gà.','2016-12-10 10:19:51.094897',NULL,NULL,'2016-12-10 13:25:00.451422','action/images/son0025.JPG');
INSERT INTO "core_action" VALUES(61,'Chọn những cá chép thật khỏe mạnh để hộ tống ông Táo về trời','Theo truyền thuyết, Táo quân cưỡi cá chép về chầu Ngọc Hoàng. Trong các món đồ cúng Táo quân có cá chép còn sống bơi trong chậu nước để ông Táo dùng làm phương tiện di chuyển về trời. Nhiều người quan niệm, ông Táo có thể cưỡi cá chép bay về trời được vì cá chép có thể hóa ra rồng bay lên mây, lên trời được.

Ngoài ý nghĩa là "cá hóa rồng", "vượt vũ môn", làm phương tiện cho Táo quân cưỡi về trời, phong tục thả cá chép trong ngày 23 tháng Chạp còn thể hiện sự từ bi quý báu của người Việt Nam. Trong tâm thức người Việt, “cá vượt vũ môn” hay “cá chép hóa rồng” còn mang ý nghĩa của sự thăng hoa, biểu tượng của tinh thần vượt khó, sự kiên trì, bền chí chinh phục tri thức để đi tới thành công, biểu trưng cho nhân cách thanh cao tiềm ẩn hoặc hướng đến một kết quả tốt đẹp.

Nếu không có những yếu tố quá bất tiện, các gia chủ nên chọn cá chép sống thay vì cá chép giấy, vì ngoài ý nghĩa thờ cúng để dâng các vị Táo phương tiện đi lại, thì tục lệ phóng sinh cá chép cũng có một ý nghĩa văn hóa quý báu, thể hiện tinh thần nhân đạo của người Việt. Chọn những chú cá còn khỏe mạnh, khi chạm nhẹ tay vào mặt nước chậu thấy cá bơi nhanh, quẫy mạnh. Không nên chọn những con cá bị tróc vảy, xước thân.

Cá chép mang về nhà phải để trong một chiếc bát sạch, dùng nước sạch đổ vào. Tốt nhất có thể xin được nước giếng, vì nước máy ở nhiều nơi đậm clo có thể làm chết cá. Hãy đảm bảo là chú cá sẽ thật khỏe mạnh trước khi hộ tống ông táo về trời bạn nhé','2016-12-10 13:30:20.937150',NULL,NULL,'2016-12-10 13:30:20.937210','action/images/son0026.jpg');
INSERT INTO "core_action" VALUES(62,'Bạn có biết về văn khấn ông Táo về trời chưa?','Cúng Ông Táo còn gọi là Táo Quân hay Thổ Công là vị thần cai quản mọi hoạt động của gia chủ. Không những ông là vị thần định đoạt may, rủi, phúc họa của gia chủ mà còn ngăn cản sự xâm phạm của ma quỷ vào thổ cư, giữ bình yên cho mọi người trong nhà. Thế nên tục cúng ông Công ông Táo cần được gìn giữ và duy trì bởi nó thể hiện yếu tố tâm linh vô cùng quan trọng, cần thiết. Vậy cụ thể bên cạnh chuẩn bị mâm cúng tươm tất thì nghi thức thực hiện bài cúng đúng theo phong tục sẽ diễn ra như thế nào? Bạn có thể tham khảo tại đây{http://tapchitieudung.net/bai-van-khan-cung-ong-cong-ong-tao-ve-troi-23-thang-chap}','2016-12-10 13:36:36.634586',NULL,NULL,'2016-12-10 13:36:36.634638','action/images/son0027.jpg');
INSERT INTO "core_action" VALUES(63,'Sưu tập một vài đồng tiền xu cổ lấy may đầu năm','Tiền xu cổ luôn là một pháp khí sử dụng rất nhiều trong Phong Thủy. Những đồng tiền xu là biểu tượng của nguồn tài lộc và của cải. Cát khí của nó không những làm gia tăng tài lộc mà con đem lại nhiều may mắn về công danh, sự nghiệp và giải trừ tai họa, tiểu nhân… 
Theo phong thủy, tiền xu là một trong những vật phẩm quan trọng. Ngày xưa, người ta dùng tiền xu đục lỗ hình tròn tượng trưng cho trời, giữa là lỗ hình vuông tượng trưng cho đất. Trời ngoài đất trong tượng trưng cho quẻ Thái tức sự thịnh vượng. Tùy theo niên hiệu các đời vua mà trên tiền xu có khắc chữ khác nhau và cũng mang nhiều ý nghĩa khác nhau.
Bạn có thể tìm kiếm cho mình những đồng xu như ý trên các web tiền xưa online hoặc các cửa hàng lưu niệm tại các đền chùa khi đi du xuân đầu năm.
Chi tiết xem thêm:
Các loại tiền xu - ý nghĩa và cách sử dụng {http://lichvansu.wap.vn/phong-thuy-voi-doi-song/tien-xu-phong-thuy-y-nghia-va-cach-su-dung-28604.html}','2016-12-10 13:37:47.026881','2016-12-04 13:27:24','2017-01-31 13:27:25','2016-12-10 13:37:47.027025','action/images/khanhok15.jpg');
INSERT INTO "core_action" VALUES(64,'Muối dưa hành ngày tết','Dưa hành là một trong những món ăn không thể thiếu trong những ngày Tết cổ truyền của người Việt Nam. Tuy là một món dưa muối đơn giản nhưng nó tạo nên vị ngon, lại còn chống ngán cho bữa cỗ nhiều thịt cá, giúp tránh đầy bụng
 Cách  làm cũng không quá cầu kì đâu nhé, ra chợ ngay và mua những thứ này nhé Nguyên liệu:

- 300g củ hành trắng
- 200ml dấm ăn
- 100ml nước lọc
- 50g đường
- 40g muối
- Nước vo gạo
Cách làm:

Bước 1: Hành mua về ngâm nước vo gạo để qua đêm.
Bước 2: Hòa 20g muối với 1,5 lít nước. Cắt rễ hành, bóc vỏ, rửa qua nước muối rồi trút ra rổ để ráo nước.
Bước 3: Nấu nước dấm: cho 200ml dấm, 100 nước, 50g đường, 20g muối vào nồi đun sôi, khi đường tan hết thì tắt bếp để nguội. Xếp hành vào lọ, dùng tăm hay que tre chèn trên mặt trước khi đổ nước muối vào để hành không bị trồi trên mặt nước. 
Bước 4: Để hành nơi khô ráo thoáng mát, khoảng 3-4 ngày là dùng được. 
Thế nào, quá dễ phải không nhỉ. Chúc các bạn có một món dưa hành đón tết ngon lành nhé','2016-12-10 13:39:58.760757',NULL,NULL,'2016-12-10 13:39:58.760817','action/images/manhhv7.jpg');
INSERT INTO "core_action" VALUES(66,'Tắm rửa "con chiến mã" đã đồng hành một năm cùng bạn','Để chuẩn bị cho một cái tết ấm cúng, hạnh phúc và may mắn, những ngày giáp tết, mọi người thường làm vệ sinh mọi vật dụng cá nhân, trong đó có chiếc xe đã luôn đồng hành cùng ta trên khắp nẻo đường, sinh tử gắn liền với chúng ta. Năm mới, xe cũng cần khoác lên mình một diện mạo mới, sạch và mới hơn. Hãy tự tay tắm rửa cho " con chiến mã " của mình nào bạn.','2016-12-10 13:44:17.009399',NULL,NULL,'2016-12-10 13:44:17.009459','action/images/son0028.jpg');
INSERT INTO "core_action" VALUES(67,'Bạn đã có kế hoạch kinh doanh tết này chưa ???','Giai đoạn cuối năm nhất là trong giúp đón tết năm mới sẽ là cơ hội cực kỳ lớn để các chúng ta có kinh doanh và kiếm thêm thu nhập.
Tuy nhiên nói thì dễ nhưng làm mới thấy khó. suy nghĩ và làm một bản kế hoạch kinh doanh cho diệp tết lần này sẽ vô cùng cần thiết. 
Chắc chắn cảm giác tết năm này kiếm được bội tiền từ việc kinh doanh sẽ rất đặc biệt. Cho dù bạn đã làm thường xuyên kinh doanh hay mới bắt đầu kinh doanh hãy hành động sớm và gặt hái thành công cho riêng mình.

Tham khảo:
- Lập kế hoạch kinh doanh trên một trang giấy {http://kynangcanban.blogspot.com/2013/03/5-bước-lập-kế-hoạch-kinh-doanh.html}
- 10 ý tưởng kinh doanh dịp tết 2017 kiếm thêm thu nhập {https://10hay.com/top-list/10-y-tuong-kinh-doanh-dip-tet-2017.html}
- Dân văn phòng kinh doanh gì dịp Tết chỉ với 2 triệu đồng? {http://blog.sapo.vn/dan-van-phong-kinh-doanh-gi-dip-tet-chi-voi-2-trieu-dong/}','2016-12-10 13:45:06.863816',NULL,NULL,'2016-12-10 13:45:06.863941','action/images/duan-00006.jpg');
INSERT INTO "core_action" VALUES(68,'Không được đỗ rác những ngày đầu năm mới','Từ xưa dân ta đã có tục lệ là kiêng không quét nhà vào mùng 1 tới mùng 3 Tết. Không quét nhà, không đổ rác, tránh dọn dẹp vì sợ thần Tài sẽ theo đó mà đi ra khỏi nhà. Trong ba ngày này, vạn bất đắc dĩ phải quét nhà thì họ quét vào trong nhà và vun rác thành đống ở góc khuất nào đó, như một cách tích tụ tài lộc trong suốt cả năm. Kiêng không quét nhà cũng là một trong những phong tục ngày Tết Việt Nam đấy nhé!
Theo một điển tích của Trung Quốc ghi trong "Sưu thần ký"

Có người lái buôn tên là Âu Minh, đi qua hồ Thanh Thảo được thủy thần cho một con hầu tên là Như Nguyệt, đem về nhà được vài năm thì Âu Minh ăn nên làm ra nhà rất giàu.

Một hôm, nhân ngày mồng một Tết, không biết vì lý do gì Âu Minh đánh Như Nguyệt, nó sợ quá chui vào đống rác ở góc nhà. Vợ Âu Minh không để ý nên vô tình quét nhà hót luôn cả đống rác có Như Nguyệt bên trong đổ đi. Từ đó nhà Âu Minh lại nghèo đi. Người ta bảo Như Nguyệt chính là thần tài và lập bàn thờ để thờ. (Có lẽ vì vậy mà bàn thờ thần tài thường để ở góc nhà).

Từ đó có tục kiêng hót rác trong ba ngày đầu năm sợ hót mất thần tài ẩn trong đó đổ đi, sự làm ăn sẽ không phát đạt.
Ở Việt Nam lại có chuyện "Sự tích cái chổi" để giải thích tập tục này.

Nội dung chủ yếu có thể tóm tắt như sau:

Ngày xưa ở trên trời có một người đàn bà nấu ăn rất khéo tay nên Ngọc Hoàng giao cho bà chuyên trông nom công việc nấu ăn ở thiên trù. Nhưng bà lại có tật hay ăn vụng và tham lam. Bà ta yêu một lão chăn ngựa cho thiên đình. Đã nhiều phen bà lấy cắp rượu thịt trong thiên trù giấu đưa ra cho lão và cũng nhiều phen bà dắt lão lẻn vào kho rượu, mặc sức cho lão bí tỉ. Lệ nhà trời những người hầu hạ đều có thức ăn riêng, nhất thiết không được đụng chạm đến ngự thiện, dù là Ngọc Hoàng ăn thừa cũng vậy.

Một hôm, Ngọc Hoàng mở tiệc đãi quần thần. Giữa lúc cỗ đang bày lên mâm thì từ đàng xa, bà đã nghe tiếng lão chăn ngựa hát. Bà biết lão tìm mình. Bà lật đật ra đón và đưa giấu lão vào phía góc chạn. Trong bóng tối, trên giá mâm đặt ở gần đó có biết bao là mỹ vị mùi hương thơm phức. Đang đói sẵn, lão giở lồng bàn sờ soạng bốc lấy bốc để...Khi những người lính hầu vô tình bưng mâm ngự thiện ra thì bát nào bát ấy đều như đã có người nếm trước. Ngọc Hoàng thượng đế vừa trông thấy không ngăn được cơn thịnh nộ.

Tiếng quát tháo của Ngọc Hoàng dữ dội làm cho mọi người sợ hãi. Người đàn bà nấu bếp cúi đầu nhận tội và bị đày xuống trần, bắt phải làm chổi để phải làm việc luôn tay không nghỉ và tìm thức ăn trong những rác rưởi dơ bẩn của trần gian.

Lâu về sau, thấy phạm nhân bày tỏ nông nỗi là phải làm khổ sai ngày này qua tháng khác không lúc nào được nghỉ, Ngọc Hoàng thương tình ra lệnh cho nghỉ ba ngày trong một năm. Ba ngày đó là ba ngày Tết nguyên đán.

Bởi vậy đời sau trong dịp Tết nguyên đán, người ta có tục lệ kiêng không quét nhà để cho chổi được nghỉ.

- See more at: http://trithucsong.com/van-hoa/vi-sao-co-tuc-kieng-hot-rac-do-di-trong-ba-ngay-tet-c31067.html#sthash.eSoUO9Tn.dpuf','2016-12-10 13:48:33.639625',NULL,NULL,'2016-12-11 02:18:34.862299','action/images/manhhv8.jpg');
INSERT INTO "core_action" VALUES(69,'Dọn dẹp nhà cửa sẵn sàng đón chào tết đến','Việc dọn dẹp và trang trí nhà cho sạch đẹp để đón Tết là việc làm phổ biến ở các gia đình Việt. Tuy nhiên, việc trang trí nhà cửa hợp phong thủy để mang lại may mắn và tài lộc cả năm cho gia chủ thì không phải ai cũng biết. Một số gợi ý của chúng tôi tôi dành cho bạn:

1. Dọn dẹp bàn thờ
2. Trang hoàng phòng khách để đón tài lộc
3. Trang trí nhà bếp
4. Cánh cửa sạch sẽ giúp cát khí vào nhà nhiều hơn
5. Nhà thông cửa thoáng vô cùng quan trọng

Còn gì nữa không nhỉ? Nếu không thì bắt tay vào làm luôn thôi','2016-12-10 13:51:01.625850',NULL,NULL,'2016-12-10 13:51:01.625914','action/images/son0029.jpg');
INSERT INTO "core_action" VALUES(70,'Ý nghĩa tục phóng sinh cá ngày Tết ông Công ông Táo','Hàng năm đến ngày 23 tháng Chạp Âm lịch, Táo Quân lại cưỡi cá chép bay về trời để trình báo chuyện bếp núc, và mọi việc xảy ra trong gia đình gia chủ với Ngọc Hoàng. Đến Giao thừa, Táo quân trở lại hạ giới để tiếp tục công việc của mình.

Từ ngày xửa ngày xưa, khi con người vẫn còn sống theo lối du mục, rồi định cư trồng lúa, làm nương, tức là lúc con người biết nấu nướng, làm chín thức ăn, con người đã tin rằng luôn có một ba vị thần bếp canh giữ, và ban may mắn cho gia đình. Vị thần bếp đó chính là ba vị Táo Quân, vật biểu tượng là chính là chiếc kiềng ba chân tượng trưng cho 2 ông, 1 bà Táo Quân. Phong tục cúng ông Táo chính là một trong những phong tục lâu đời của người dân Việt Nam.
 Phong tục thả cá chép về trời là phong tục rất đẹp của người dân Việt Nam, 23 âm lịch tới hãy thay bố mẹ thả cá chép nhé bạn.','2016-12-10 13:55:36.502702',NULL,NULL,'2016-12-11 02:01:50.620069','action/images/manhhv9.jpg');
INSERT INTO "core_action" VALUES(71,'Tảo mộ, một cách nhớ về tổ tiên nhân dịp tết đến xuân về','Hàng năm, cứ vào khoảng ngày 24, 25 tháng Chạp là nhiều gia đình người Việt đi tảo mộ. Người ta đi thăm viếng, vun lại những nấm mồ, phát cỏ dại, chặt cây cối quanh mộ, sửa sang, tu bổ mộ phần những người quá cố trong gia đình, và cả những phần mộ của các vị tổ tiên nhiều đời trước đó.
 Tục tảo mộ là một trong những tập tục thế hiện được tinh thần uống nước nhớ nguồn của dân tộc ta, ngày nay nhiều bạn xa quê hương gốc nên không nhớ có tục đó nhưng ở các vùng quê vẫn luôn duy trì đều đặn mỗi năm','2016-12-10 14:04:38.273240',NULL,NULL,'2016-12-10 14:04:38.273298','action/images/manhhv10.JPG');
INSERT INTO "core_action" VALUES(72,'Quay video gửi lời chúc tết của toàn gia đình đến những ai xa nhà','Không phải năm nào cả gia đình cũng có cơ hội cùng đón giao thừa và ăn tết cùng nhau. Vì một vài lỹ do đặc biệt nào đó,  có những người con phải đón giao thừa cách xa gia đình cả ngàn cây số trong nỗi nhớ nhà không thể tả hết. Nếu bạn cùng gia đình có thể quay một video gửi gắm những lời chúc chân thành và yêu thương gửi đến cho ai đang ở xa, chắc chắn họ sẽ rất cảm động và bớt một phần nào đó sự cô đơn và hưu quạnh dó.','2016-12-10 14:05:42.012406',NULL,NULL,'2016-12-10 14:05:42.012474','action/images/son0030.jpg');
INSERT INTO "core_action" VALUES(73,'Tết này con gói bánh chưng cùng bố !!!','Bạn và bố có hay làm những việc ý nghĩa cùng nhau không? 
Dịp tết này con cùng bố gói bánh chưng vì cả năm rồi con chưa có dịp cùng bố làm điều gì. Cuộc sống bận rộn:công việc, học tập, ... chẳng mấy khí bố con mình có thời gian ngồi cùng nhau vui vẻ nói chuyện và làm cái gi đó, bố à!
Tết này bố con mình cùng gói bánh chưng!','2016-12-10 14:07:29.926341',NULL,NULL,'2016-12-10 14:07:29.926405','');
INSERT INTO "core_action" VALUES(74,'Thay ảnh đại diện và ảnh bìa facebook chào đón năm mới','Tết 2017 – Tết Đinh Dậu (năm con gà) đang về. Chắc hẳn mọi người đang rất mong đợi ngày lễ quan trọng nhất trong năm này phải không? Trong lúc chờ đợi Tết đến, Xuân về hãy làm mới không gian riêng trên Facebook của bạn bằng ảnh avata, ảnh bìa Tết 2017 tràn đầy không khí Xuân nào.
Chi tiết xem thêm:
Những ảnh, hình bìa chúc mừng năm mới 2017 độc đáo {http://vforum.vn/diendan/showthread.php?103056-Tuyen-tap-hinh-anh-hinh-nen-dep-don-nam-moi-2017-tet-Dinh-Dau}','2016-12-10 14:09:15.035459','2016-12-01 14:03:20','2017-01-26 17:00:00','2016-12-10 14:09:15.035602','action/images/Khanha1.jpg');
INSERT INTO "core_action" VALUES(75,'Chia tay những vật dụng đã lâu không còn sử dụng','Năm cũ đã qua, có những thử  chúng ta phải bỏ lại để tiếp tục tiến về cái mới. Có những thử dù đã từng gắng bó với ta rất nhiều những có lẽ nếu bây giờ không thể dùng tới nữa, chúng ta cũng không nên cố chấp giữa mãi. Những đồ vật này ra đi rồi sẽ có những đồ vặt khác mới xuất hiện, nhiều công năng và phù hợp với tai hơn, Hãy nhớ điều này bạn nhé.','2016-12-10 14:12:02.493341',NULL,NULL,'2016-12-10 14:12:28.821646','action/images/son0031.jpg');
INSERT INTO "core_action" VALUES(76,'Hãy làm tết ấm áp với những lời cảm ơn dành cho nhau','Ngay từ khi còn học tiểu học, chúng ta đã được dạy nói “cám ơn” khi có một ai đó giúp ta việc gì hay cho ta thứ gì đó. Lời cám ơn trong kỹ năng giao tiếp khi được thốt ra người nghe sẽ cảm thấy vui hơn.

Tuy vậy người Việt Nam thường có thói quen chỉ cám ơn khi đem lợi ích cho chính mình. Tôi nhớ một câu chuyện nho nhỏ về cách cám ơn của người nước ngoài. Đó là khi bạn được một người khác mời một thứ gì đó như ” Bạn có muốn một tách cafe không?”. Người Việt Nam thì thường trả lời “Không”hoặc “Có, cám ơn”. Nhưng người nước ngoài họ “cám ơn” kể cả khi họ không có nhu cầu “Không, tôi uống rồi, cám ơn bạn”.

Nhiều năm trở lại đây đạo đức giới trẻ bị báo chí cảnh báo là xuống cấp trầm trọng. Tuy có thể không đến mức đó nhưng chỉ nói cách “cảm ơn – xin lỗi”cũng thấy phép lịch sự trong giao tiếp của giới trẻ đang giảm sút.

Ra đường hỏi đường bác xe ôm nhưng lại quên mất cám ơn khi đã biết đường, đánh rơi đồ vật trên đường người khác nhặt dùm vì quá “vội vàng” lại quên cám ơn.

Người Việt thường dựa vào địa vị của mình và coi thường người khác. Họ không chấp nhận việc nói lời “cám ơn” với những người có địa vị thấp hơn mình. Hãy thử nhớ xem khi bạn vào một trung tâm thương mại chú bảo vệ dắt xe dùm bạn, bạn có “cám ơn” người ta không. Nhiều bạn nghĩ đó là công việc của người ta, họ trả tiền để làm như vậy nhưng bạn lại vô tình quên họ cũng đang giúp bạn đó thôi.
Ngày tết năm nay hãy cảm ơn những người đã cạnh bạn trong một năm nhé. Cảm ơn gia đình, bạn bè, đồng nghiệp và cả những người không quen nữa bạn sẽ có một năm thật vui vẻ đó!!!','2016-12-10 14:25:45.676751',NULL,NULL,'2016-12-10 14:25:45.676868','action/images/manhhv11.jpg');
INSERT INTO "core_action" VALUES(77,'Tắm nước lá hoa mùi chiều cuối năm.','Bạn có biết phong tục tắm nước lá hoa mùi chiều cuối năm?
Chẳng biết từ bao giờ người Việt Nam đã coi viêc tắm vào chiều cuối năm như một thứ nghi lễ. Cùng với việc dọn dẹp trang hoàng nhà cửa, ai cũng muốn thân thể mình sạch sẽ. Và nước lá hoa mùi không chỉ cho người ta được sạch sẽ gột rửa bụi trần, mà còn như được tắm rửa tinh thần.
Cây mùi được chọn để nấu nước tắm phải là loại mùi già đã trổ hoa, kết trái, thân cây đã chuyển từ màu xanh sang nâu tía và khi đun lên, cho mùi thơm ngan ngát, cay cay, rất riêng biệt.
Có lẽ bởi vậy mà hương thơm của lá mùi già đọng lại rất lâu. Tắm xong, cả nhà vẫn phảng phất hương đến vài ba ngày Tết. Nhưng ẩn sau đó, hương thơm của lá mùi già còn khiến cho mỗi người lưu luyến, vấn vương nhớ về mùi hương của cội nguồn, quê hương mình.','2016-12-10 14:26:33.328578','2016-11-30 17:00:00','2017-01-27 14:19:59','2016-12-10 14:26:33.328729','action/images/khanhab11.jpg');
INSERT INTO "core_action" VALUES(78,'Chuẩn bị những cây đào, cây quất đẹp nhất đón xuân','Cây mai, cây đào, cây quất là những loại cây không thể thiếu trong những ngày tết. Mỗi một loại cây đều có những ý nghĩa độc đáo riêng. Có một loại cây như thế trong ngôi nhà chắc chắn sẽ giúp ngôi nhà không chỉ đẹp mà còn đem lại nhiều tài lộc hơn.Tuy nhiên, để chọn được một cành mai, cành đào hay cây quất như ý muốn thì các gia đình cũng nên trang bị cho mình một số kiến thức cơ bản.

Khi chọn quất, dáng đẹp là yếu tố hàng đầu mà bạn cần phải chú ý đến. Bạn nên lựa chọn những cây dáng tự nhiên, gốc cứng, thân thẳng với đầy đủ quả xanh, quả chín và có cả nụ và hoa.Quất đẹp là cây phải đủ tứ quý, nghĩa là có dáng đẹp; quả đẹp và đủ xanh, chín, to là đẹp nhất. Ngược lại, cây quất có lá nhỏ, vàng, quả bé thì đó là cây quất xấu và có thể sẽ không được bền lâu. 

Nếu muốn mua đào cành, bạn hãy chọn những cành có tán tròn, nhánh đều. Ngược lại, bạn không nên lấy những cành có tán lệch và các nhánh đâm lên không cùng bắt đầu từ một điểm trên thân gốc. Khi mua, bạn nên chọn cành có nhiều nụ và đốt gốc trước khi cắm vào lọ.Nếu chọn đào cây, bạn cũng nên mua các cây có dăm nhỏ và ngắn, các nhánh chính cũng đều xuất phát từ một điểm trên thân sẽ giúp cây được cân đối. Tuy nhiên, bạn cần lưu ý rằng đào cây nở chậm hơn đào cành nên bạn phải chọn cây nở nhiều hoa vào lúc cận Tết.','2016-12-10 14:26:51.588689',NULL,NULL,'2016-12-10 14:26:51.588788','action/images/Son0033.jpg');
INSERT INTO "core_action" VALUES(79,'Giao thừa năm nay mình hôn nhau nhé!','Tết đến rồi, mình ở bên nhau nhé!
Sẽ bên nhau khoảnh khắc giao thừa. Khi ánh sáng của chùm pháo hoa rực rỡ phát lên, sẽ cùng nhau cầu nguyện những điều tốt đẹp cho năm mới, mọi chuyện không vui năm cũ để trôi xa. Mỉm cười, ôm nhau, và trao nhau nụ hôn trong thời khắc giao thừa... Nghe ai đó nói có thể bên nhau khoảnh khắc ấy, sẽ hạnh phúc bên nhau cả đời...
Tết này, mình hạnh phúc bên nhau như vậy được không?','2016-12-10 14:35:35.833542','2016-12-01 14:35:11','2017-01-26 17:00:00','2016-12-10 14:35:35.833743','action/images/khanhab12.png');
INSERT INTO "core_action" VALUES(80,'Hình như mình chưa đi xem bói bao giờ !','Chắc chắn đầu năm ai cũng mong muốn biết được điều gì đó về bản thân mình, về tương lại hay tài vận năm mới...Vì vậy mà người ta thường đi xem bói.
Có nhiều luồng ý kiến về việc xem bói, có tốt có xấu tùy theo quan điểm mỗi người.
Chúng ta là những người sống tích cực, có thể thoải mái trải nghiệm thêm những điều gì đó mới. 
Nếu bạn chưa xem bói bao giờ thì thử một lần xem thế nào !!! Cuộc sống là trải nghiệm, mình thích thì mình xem thôi !

-------- Crazylife-----','2016-12-10 14:36:33.908756',NULL,NULL,'2016-12-10 14:36:33.908819','action/images/Duan-00007.jpg');
INSERT INTO "core_action" VALUES(81,'Thả đèn hoa đăng đầu năm mới','Theo nguyên nghĩa, Hoa đăng có nghĩa là đèn hoa. Lễ hội thả Hoa đăng là lễ hội thắp đèn được trang trí bằng những chiếc đèn hoa. Hoa đăng được thắp sáng nhằm mục đích tôn vinh những giá trị tinh thần, giá trị tâm linh và văn hóa của người Việt Nam vào những ngày lễ lớn. Đặc biệt là lễ hội đầu năm mới, lễ Thượng Nguyên, đốt đèn mừng lễ hội, cầu nguyện quốc thái dân an, cầu âm siêu dương thái. 
Hoa đăng được thả trên sông vừa ấm cúng, thẩm mỹ, giàu truyền thống vừa mang lại giá trị tâm linh mở đầu cho một năm mới tốt đẹp.
Chi tiết xem thêm:
Ý nghĩa thả đèn hoa đăng {http://tamanlac.vn/tin-tuc/tin-sinh-hoat-tai-chua/y-nghia-viec-tha-den-hoa-dang-trong-doi-song.html}
Cách tự làm đèn hoa đăng đơn giản{https://www.youtube.com/watch?v=M0SEe_Yeqjk}','2016-12-10 14:55:09.108482','2016-12-01 14:38:41','2017-01-26 17:00:00','2016-12-10 14:55:09.108657','action/images/khanhab13.jpg');
INSERT INTO "core_action" VALUES(82,'Làm thiệp handmade chúc mừng năm mới','Tết sắp đến rồi, chắc hẳn bạn cũng mong muốn có một bộ thiệp Tết để ghi những lời chúc chân thành ấm áp và ý nghĩa nhất đến gia đình và bạn bè của mình.
Thiệp Tết handmade thường không cầu kì và kiểu cách như thiệp sinh nhật, Giáng sinh hay Valentine nhưng nó thường có những dấu hiệu mang đậm dấu ấn của năm mới. Cách làm thiệp Tết cũng rất đơn giản, chỉ cần có màu sắc rực rỡ và chủ đề phù hợp là bạn đã hoàn thành rồi.
Hãy viết vào thiệp những lời chúc Tết ấm áp và chân thành nhất để gửi đến gia đình, bạn bè và đồng nghiệp của các bạn từ những tấm thiệp Tết do chính tay mình làm nhé!
Chi tiết xem thêm:
Cách làm thiệp handmade dịp tết {http://www.lamsao.com/huong-dan-cach-lam-thiep-tet-don-gian-p214a84587.html}
Video hướng dẫn làm thiệp handmade dịp tết {https://www.youtube.com/watch?v=rFZuVbnSoqI}','2016-12-10 15:15:54.909569','2016-12-01 15:15:26','2017-01-26 17:00:00','2016-12-10 15:15:54.909714','action/images/khanhab14.jpg');
INSERT INTO "core_action" VALUES(83,'Ồ!!! Quên mất chưa xem tử vi năm này!','Tử vi năm này của bạn sẽ nói những gì, xem ngày đi xem có những gi đặc biệt trong năm 2017 nhé!
Nhớ xem thật chi tiết cho bản thân và cả những người bạn quan tâm nhé !

Giới thiệu một chút về tử vi: 
Tử vi bắt nguồn từ Trung Hoa (hay còn gọi là Tử vi Đông phương) đã tồn tại và phát triển từ rất lâu. Ở nước ta, theo Sử Việt Đại Nam nhất thống chí, bác học Lê Quý Đôn cũng từng nghiên cứu kỹ về Tử vi, sau đó Trạng Trình Nguyễn Bỉnh Khiêm cũng nghiên cứu Tử vi theo "Lục Thập Hoa Giáp Luật Mệnh Bản Nôm". Cho đến nay, có rất nhiều học giả nghiên cứu và bổ sung vào kho tàng kinh nghiệm làm cho Tử vi ngày càng trở nên phong phú, tinh tế và hấp dẫn. Ở Việt Nam, Tử vi còn được phát triển đi sâu vào đời sống tâm linh người Việt, gần gũi tới mức không ít người còn lạm dụng Tử vi với việc xem bói (!). Tuy vậy, hầu như những người nghiên cứu về Tử vi đều phân biệt được là Tử vi khác với chuyện bói toán. Tử vi đáng tin và có cơ sở khoa học hơn.
Xem thêm: {http://www.baoxaydung.com.vn/news/vn/van-hoa-the-thao/tu-vi-la-mon-khoa-hoc-du-doan.html}}

Tham khảo:','2016-12-10 15:16:13.046847',NULL,NULL,'2016-12-10 15:16:13.046902','action/images/Duan-00008.jpg');
INSERT INTO "core_action" VALUES(84,'Xem Táo Quân tối 30 Tết cùng gia đình','Gặp nhau cuối năm hay còn được gọi là Táo Quân là một chương trình truyền hình phát sóng vào 20 giờ ngày cuối năm (âm lịch) trên các kênh VTV1, VTV2, VTV3, VTV4, VTV5, VTV6, VTV7, VTV8, VTV9, VTV1 HD, VTV2 HD, VTV3 HD, VTV4 HD, VTV5 HD và VTV6 HD (kênh gộp lại thành một kênh-VTV SD và HD) của Đài Truyền hình Việt Nam. Dựa theo truyền thuyết táo quân về trời, thông qua buổi chầu nơi các Táo báo cáo với Ngọc Hoàng những việc mình đã làm được trong suốt một năm qua, Gặp nhau cuối năm tập trung vào phản ánh, đả kích những vấn đề nóng bỏng, nổi cộm trong năm vừa qua, thuộc các lĩnh vực trong đời sống xã hội như kinh tế, văn hóa, giao thông, điện lực, y tế, thể thao... một cách hài hước, dí dỏm. Cách thể hiện kết hợp tấu nói, hài kịch xen lẫn với các điệu dân ca cải lương, chèo và nhiều bài nhạc chế.
Tối 30 Tết, sau khi dọn dẹp nhà cửa, ăn bữa cơm tất niên, cả nhà lại quây quần bên ấm chè, hộp mứt, ngồi trước ti vi cùng xem chương trình Táo Quân, chờ đón giao thừa sắp đến. Đó có lẽ là hình ảnh rất đỗi quen thuộc ở các gia đình Việt trong suốt hơn 10 năm qua.','2016-12-10 15:36:15.566922','2016-12-01 15:33:59','2017-01-26 17:00:00','2016-12-10 15:36:15.567157','action/images/khanhab15.jpeg');
INSERT INTO "core_action" VALUES(85,'BÁNH CHƯNG RÁN','Hương vị Tết của bạn là gì? Có thể hương vị Tết với mỗi người mang một vẻ khác nhau… Tết trong bạn có thể là hương thơm của những loại hoa, là vị ngon ngọt của những chiếc bánh kẹo hay là bất kể thứ vị gì khác có trên đời.. Còn với tôi, hương vị của Tết chính là hương vị của những chiếc bánh chưng rán :D Nó hấp dẫn vô cùng, nó làm thỏa cái niềm đam mê ăn uống của tôi lắm. Vừa nóng vừa giòn, ấm áp biết bao trong ngày Tết cổ truyền ^^  Bạn có phải là fan của bánh chưng rán như tôi không?? Tết này, đừng quên nghiền những miếng bánh chưng rán béo ngậy bạn nha <3','2016-12-10 15:36:33.256990',NULL,NULL,'2016-12-10 15:36:33.257097','action/images/son0034.jpg');
INSERT INTO "core_action" VALUES(86,'Tết này! đổi Đô la mừng tuổi cho chất nhé !','Cứ tết đến là mừng tuổi, mừng tuổi và mừng tuổi!!!
Năm nào cũng quên mừng tiền Việt, hỏng có gi đặc sắc nữa và ấn tượng. Năm nay làm khác một chút, mừng tuổi bằng tiền đô $$$ sẽ hay thú vị hơn !
Đến ngân hàng đổi tiền $$$ sớm nhé ! Tết này ai cũng phải thích bao lì xì của bạn đấy !','2016-12-10 15:37:36.330111',NULL,NULL,'2016-12-10 15:37:36.330174','action/images/Duan-00009..jpg');
INSERT INTO "core_action" VALUES(87,'Tút lại nhan sắc để xuân ngập tràn','Mỗi dịp tết ai ai cũng muốn đẹp đẽ để đi chơi hay là chuẩn bị cho một năm mới may mắn. Hãy dành thời gian tút lại nhan sác cho mình để đón tết nhé. Những các đơn giản này bạn có thể tham khảo.
- Thay đổi kiểu tóc lạ mắt
Bạn chọn được kiểu tóc đẹp, phù hợp với khuôn mặt và trung thành với nó suốt nhiều tháng, thậm chí nhiều năm. Nhiều lúc đẹp và hợp không phải là tiêu chí duy nhất. Đôi khi sự nhàm chán sẽ làm mai một dần vẻ đẹp vốn có. Bởi thế, bạn thỉnh thoảng nên thử thay đổi kiểu tóc để thực sự làm mới mình. Từ tóc dài thành tóc ngắn, tóc thẳng thành tóc xoăn, từ không để mái trở thành có mái… Ngoài ra, bạn có thể kết hợp thêm một số phụ kiện dành riêng cho mái tóc như băng đô, bờm, trâm hay cặp tóc để tăng nét duyên xinh trong ngày tết
- Trang điểm phấn má hồng
Sau nhiều ngày trang điểm môi và mắt tone đậm, bạn có thể chuyển hướng trang điểm nhẹ nhàng. Kiểu make-up tự nhiên cùng phấn má màu hồng hoặc hồng đào sẽ làm sáng hẳn gương mặt bạn
- Đắp mặt nạ đều đặn trong suốt 2 tuần trước tết
Những ngày sắp tết, bạn bận rộn với nhiều công việc phải hoàn thành nốt trước khi hết năm. Lúc này làn da cũng phải chịu nhiều áp lực khiến cho da dễ sạm, khô, mất đi sức sống. Bạn nên đều đặn đắp các loại mặt nạ trái cây hoặc mặt nạ bùn khoáng để tăng độ ẩm, giữ da sáng mịn. Chỉ cần dành ra 15 – 20 phút trước giờ đi ngủ, bạn vẫn chăm sóc được làn da mình đẹp như ý muốn.

- See more at: http://trithucsong.com/lam-dep/bi-quyet-lam-moi-ban-than-chao-don-tet-c34499.html#sthash.F744EyUm.dpuf','2016-12-10 15:38:42.025629',NULL,NULL,'2016-12-10 15:38:42.025694','action/images/manhhv12.jpg');
INSERT INTO "core_action" VALUES(88,'KISS BEAR ĐÊM GIAO THỪA NGỌT NGÀO ĐÊM GIAO THỪA,.. bạn đã thử chưa? :D','Có một quy luật, chúng ta cho rằng “bất thành văn”, đó là dành cho người ấy của bạn 1 nụ hôn ngọt ngào khi chuông đồng hồ điểm 12 giờ… Có thể nó sẽ khác lạ lắm so với những nụ hôn hàng ngày dành cho nhau đấy. Giữa cái lạnh của mùa đông, của những hạt mưa phùn, thì nụ hôn ấy sưởi ấm trái tim của chúng ta, đem lại một sự an yên hạnh phúc đến lạ - một niềm vui giản dị nhưng không hề nhỏ bé ngay khoảnh khắc chào đón năm mới đến và cũng là chào đón cho những điều tuyệt đẹp sẽ đến bên bạn.','2016-12-10 15:39:01.306313',NULL,NULL,'2016-12-11 02:28:45.198258','action/images/son0035.jpg');
INSERT INTO "core_action" VALUES(89,'ĐI PHƯỢT CUỐI NĂM','Tôi nhớ đến cậu, khi mà trong những ngày cuối năm bận rộn, khi mà cuộc sống và công việc đang khá bế tắc. Khi tôi muốn xếp hết tất cả lại để lấy lại nhiệt huyết cho chính tuổi trẻ của mình, để tôi có thể được vô lo vô nghĩ, tôi nhớ đến cậu… Cậu ấy chính là những cung đường- những cung đường trải dài và rộng đang chờ tôi khám phá.Có thể tôi chưa đủ lớn, nhưng có đủ khát khao để được ngắm nhìn thế giới và sẵn sàng xách balo lên và đi tìm kiếm những trải nghiệm mới cho cuộc đời.
“Nếu tuổi trẻ chẳng hai lần thắm lại”, nếu chúng ta chỉ có 1 cuộc đời để sống, vậy sao không tự tạo khoảnh khắc cho chính mình, sao không tự tìm ra chính mình bằng những chuyến đi. Đi thôi, đặt một dấu ấn cuối năm bằng đôi bàn chân của tuổi trẻ nào bạn ơi!','2016-12-10 15:40:47.312884',NULL,NULL,'2016-12-10 15:40:47.312937','action/images/son0036.jpg');
INSERT INTO "core_action" VALUES(90,'Xem múa Lân ngày Tết','Múa lân ngày Tết chính là một hoạt động văn hóa đặc sắc từ lâu đời của ông cha ta để lại cho con cháu ngày nay. Cho dù xã hội phát triển đến đâu chăng nữa thì hình ảnh ông lân, ông địa vẫn mang đậm tính dân gian trong lòng người dân Việt Nam. Điệu nhảy của lân nhanh nhẹn, dứt khoát trong các dịp lễ, Tết, khởi công, khánh thành, khai trương,... cho thấy sự phấn khởi, mau lẹ chắc chắn. Do đó, hình ảnh nhảy múa của lân đã nói lên được ý nguyện của mọi người ngay từ ngày đầu tiên năm mới.

  Cảnh múa lân rình rang trên đường phố, hay vào sâu tận các các ngõ hẻm là một hoạt động không thể thiếu dịp Tết Nguyên đán. Nhiều người có suy nghĩ: Lân đến nhà như là một điềm hên đầu năm, vì trên khuôn mặt ông lân, ông địa lúc nào cũng tươi vui hớn hở đem hân hoan đến cho mọi nhà. Đây cũng là điều ước chung của mọi người cầu mong năm hết, Tết đến "nhà nhà vui vẻ đón xuân sang, năm mới mọi chuyện đều tốt lành".','2016-12-10 15:50:46.109870',NULL,NULL,'2016-12-10 15:50:46.109958','action/images/manhhv13.jpg');
INSERT INTO "core_action" VALUES(91,'Bạn nghĩ sao, tết này thuê một cô bạn gái !','Đã bao nhiêu cái tết trôi qua bạn vẫn FA. Lúc nào cũng bị hỏi có người yêu chưa? sao không đưa bạn gái về nhà ? Ngần này tuổi mà chưa có người yêu về ra mắt bố mẹ? Khi nào mày lấy vợ ? đẹp trai thế kia mà đến giờ này vẫn chưa có người yêu?...
Thật là phiền phức !! Liệu bạn có đang trong tình cảnh này không !
Tại sao tết năm nay không thuê một cô bạn gái hay  anh bạn trai về nhỉ ?
Hãy thử đi .... 

---- CrazyLife----','2016-12-10 15:53:13.304627',NULL,NULL,'2016-12-10 15:53:13.304692','action/images/duan-00010.jpg');
INSERT INTO "core_action" VALUES(92,'Mặc quần lót đỏ lấy hên cả năm','Màu sắc của nội y nói lên điều ước của mọi người trong năm mới: màu đỏ đem lại thịnh vượng, màu vàng hạnh phúc, xanh lá cây dồi dào sức khỏe. Một số nơi còn mặc ngược với niềm tin nhân đôi may mắn. 
Người Nhật đóng khố tắm nước lạnh mừng năm mới  /  Những phong tục đón năm mới kỳ quặc trên thế giới
Tại các nước Mỹ Latin có nhiều phong tục kỳ lạ để đón năm mới, đặc biệt là việc mặc đồ lót sặc sỡ: 

Argentina

Nội y màu hồng luôn được người dân Argentina ưa chuộng trong những ngày đầu năm với hy vọng thêm chút hương vị nồng nàn cho tình yêu.

Bolivia

Ở Bolivia, quần lót màu hồng đảm nhiệm việc thắt chặt tình bạn. Đặc biệt hơn, người ta còn mặc ngược quần lót từ đằng trước ra đằng sau để nhân đôi may mắn.

Tây Ban Nha

Màu đỏ từ lâu đã tượng trưng cho chiến thắng và nghị lực trong các cuộc đấu bò tót ở Tây Ban Nha. Tất nhiên nội y đỏ cũng đem lại sức mạnh và may mắn.
Mặc đồ lót đỏ dịp năm mới ở Tây Ban Nha được tin rằng sẽ mang may mắn đến trong suốt 365 ngày. 
Brazil

Nếu muốn gặt hái nhiều thành công, hãy mặc “quần chíp” màu cam khi bạn ở Brazil. Ngoài ra, mỗi màu đều mang một điều ước và ý nghĩa đặc biệt: màu vàng đại diện cho sự thịnh vượng, xanh da trời mang lại hòa thuận, màu tím truyền cảm hứng, hồng và đỏ tượng trưng cho sự lãng mạn. Tuy nhiên, nhớ mặc quần áo bên ngoài màu trắng để đem lại hòa bình và hạnh phúc.

Colombia

Người Colombia mặc quần lót trắng cầu mong hạnh phúc và may mắn trong năm mới.

Peru

Những chiếc quần lót màu xanh lá cây xinh xắn được tin rằng sẽ mang lại một năm tràn đầy năng lượng ở Peru. Đặc biệt hơn, người ta sẽ mặc trái chiếc quần và đợi đến khoảnh khắc giao thừa mới lộn phải lại, để chắc chắn cả năm sẽ “hên”.

Chile

Theo truyền thống đã có từ lâu đời của nước này, hạnh phúc và may mắn sẽ đến với ai diện nội y màu vàng trong ngày đầu năm. Ngoài ra, họ còn ăn đậu lăng trong đêm giao thừa để cầu mong tiền tài và sức khỏe.

phong-tuc-mac-do-lot-sac-so-don-nam-moi-o-my-latin-1
Hạnh phúc và may mắn sẽ đến với ai diện nội y vàng tại Chile. Ảnh: Blog
Puerto Rico

Người dân Puerto Rico luôn hào hứng mặc quần lót trắng với niềm tin chúng sẽ mang lại may mắn trong sinh nở và dồi dào sức khỏe cho họ.

Ecuador

Phụ nữ nước này mặc nội y màu vàng để cầu mong tiền bạc rủng rỉnh hoặc màu đỏ cho tình yêu trong năm mới. Cô nào lém lỉnh sẽ mặc đủ bộ áo đỏ và quần vàng.','2016-12-10 16:03:26.695591',NULL,NULL,'2016-12-10 16:03:26.695655','action/images/new-year-red-underwear-1529-1453280220.jpg');
INSERT INTO "core_action" VALUES(93,'Làm bao lì xì handmade độc đáo đón Tết','Mừng tuổi hay còn gọi là ''lì xì'' đã trở thành nét văn hóa truyền thống mỗi dịp Tết đến xuân về. Một phong bao lì xì đỏ nhỏ bằng 1/4 tờ giấy A4 tượng trưng cho một món lộc trừ họa, mang may mắn đến cho người nhận. Ngày nay không khó để mua được những bao lì xì đẹp mắt, tuy nhiên nếu có thời gian bạn hãy thử tự tay làm bao lì xì handmade để dành tặng người thân, bạn bè trong dịp Tết. Sẽ thật ý nghĩa biết bao vì trong đó chứa đựng cả tấm chân thành.
Chi tiết xem thêm:
Hướng dẫn làm lì xì handmade {https://www.youtube.com/watch?v=6hVn9wZaUe0}
Nguồn gốc và ý nghĩa của phong tục lì xì ngày Tết {https://www.youtube.com/watch?v=ul6RVxANqns}
Video vui "lì xì thì làm gì"? {https://www.youtube.com/watch?v=9uifTpEk380}','2016-12-10 16:05:00.615485','2016-12-10 16:00:09','2017-01-26 17:00:00','2016-12-10 16:05:00.615631','action/images/khanhab16.jpg');
INSERT INTO "core_action" VALUES(94,'Một phong cách thời trang mới cho năm này !','Để đi chơi trong những ngày Tết này, chắc chắn bạn cũng cần phải làm điệu một chút cho mình. Hãy cùng thử phối đồ thật xinh tươi, một phong cách thời trang mới  và độc đáo nhé.
Hãy sáng tạo cho mình một phong cách mới khiến người khác phải ngạc nhiên về bạn !

tham khảo:
Xu hướng thời trang tết 2017 {http://www.phunu.news/xu-huong-thoi-trang-tet-2017/}
5 thương hiệu cao cấp tiêu biểu của phong cách thời trang Mỹ {http://styleguide.leflair.vn/phong-cach-thoi-trang-my/}','2016-12-10 16:18:19.843047',NULL,NULL,'2016-12-10 16:18:19.843122','action/images/duan-00011.jpg');
INSERT INTO "core_action" VALUES(95,'Lên lịch gửi tin nhắn trước tới bạn bè năm mới!','Chắc chắn với các nhân mỗi người đều muốn dành những lời chúc tốt đẹp gửi đến tất cả những người bạn của mình khi năm mới đến. Nhưng khi năm mới đến chúng ra sẽ không có thời gian gửi hết những lời chúc cho tất cả mọi người ta muốn. Vì vậy hãy lên lịch gửi tin nhắn trước cho họ nhé!','2016-12-10 16:31:24.301002',NULL,NULL,'2016-12-11 02:49:14.239914','action/images/duan-00012.png');
INSERT INTO "core_action" VALUES(96,'Cúng Tất niên','Tất niên hay cúng Tất niên, Lễ tất niên, tiệc Tất niên là một nghi thức nhằm ghi nhận việc kết thúc một năm và chuẩn bị bước sang năm mới. Tất niên có thể là một bữa tiệc Tất niên, liên hoan cuối năm để bước sang năm mới (Tết Tây) và là một phần trong nghi thức Tết diễn ra vào những ngày cuối năm âm lịch, từ ngày 30 tháng Chạp (nếu là năm đủ) hoặc 29 tháng Chạp (nếu là năm thiếu) được gọi là ngày Tất niên. Đây là lúc mọi người quây quần bên nhau và bên những món thức ăn và cùng chào đón năm mới, giao thừa là một phong tục tập quán lâu đời của người Việt Nam, nó mang nét đẹp văn hóa lâu đời của người Việt Nam.
Một ngày ý nghĩa trong năm, cùng gia đình làm một mâm cơm cúng tất niên. Nếu bạn còn trẻ thì đây là cơ hội tuyệt vời để bạn tìm hiểu và học cách chuẩn bị mâm cơm cúng tất niên như thế nào? Văn cúng và cách cúng tất niên ra làm sao?
Chi tiết tham khảo thêm
Mâm cỗ cúng tất niên{http://www.vtc.vn/chuan-bi-mam-co-cung-tat-nien-d241616.html} 
Văn cúng tất niên, bài cúng tất niên cuối năm{http://thuthuat.taimienphi.vn/van-khan-le-tat-nien-cuoi-nam-3994n.aspx}','2016-12-10 16:37:52.640672','2016-12-01 16:37:16','2017-01-26 17:00:00','2016-12-10 16:37:52.640928','action/images/khanhab17.jpg');
INSERT INTO "core_action" VALUES(97,'Đừng quên đang một status thật độc đáo lên FB ngay khi năm mới sang','Đăng và đăng và đăng stt stt stt...!
Chắc chắn ai cũng sẽ đăng một hoặc thậm chí nhiều hơn những dòng stt trên FB đó là điều đương nhiên!
Nhưng stt phải thật hay nhé! và thật sự phải gửi gắm nhiều cảm xúc cho năm mới
Những dòng stt đặc biệt của riêng bạn, cảm xúc gửi gắm những yêu thương của riêng bạn !!!','2016-12-10 16:42:02.157691',NULL,NULL,'2016-12-11 02:08:05.239780','');
INSERT INTO "core_action" VALUES(98,'Đã bao lâu rồi bạn chưa nói lời yêu cha mẹ?','Đã bao lâu rồi bạn chưa nói lời yêu cha mẹ? Đã bao nhiêu lâu, bạn quên ôm nồng ấm với mẹ cha, đã bao nhiêu lần trong năm bạn quên nhắc mẹ cha phải ngủ sớm hơn, ăn sáng đầy đủ?

Dòng chảy của cuộc sống song hành với dòng chảy tâm lý của sự trưởng thành. Khi trưởng thành, con người càng lúc ngần ngại khi nói những lời yêu thương dù tình cảm có thể vẫn tràn đầy. Người Việt thường rất yêu quý gia đình và trân trọng đấng sinh thành. Vì vậy, càng có xu hướng quan tâm gia đình và cha mẹ trong những dịp lễ tết. Việc trao tặng quà cho cha mẹ trong những dịp xuân về tết đến như tấm lòng thành từ con cháu đến ông bà cha mẹ… Nhưng liệu rằng bao nhiêu đó có đủ và đầy cho sự mong mỏi của tình thương?

Trong cái se lạnh của đất trời, mỗi người đều nô nức chào đón mùa Tết đến. Cơ hội của sự bày tỏ yêu thương lại về. Nào bánh mứt, nào trà rượu để có thể biểu lộ sự trân trọng dành cho đấng sinh thành. Cha mẹ vui lắm khi thấy con về, thấy gia đình sum họp. Vui hơn khi thấy con cái hiếu thảo biết nghĩ đến ông bà, cha mẹ bằng món quà ý nghĩa. Chúng ta hay thấy, cứ mỗi khi Tết đến xuân về, nắm bắt tâm lý ấy, mọi quảng cáo trên ti vi cũng hòa cùng một sắc màu chung đỏ rực, ấm sực tình thân, thúc giục con người ta tìm về gia đình sum họp. Nhưng, trong số đó, mấy ai nói được rằng sum họp hay quà tặng thôi chưa đủ, lời yêu thương còn lắm ngại ngùng phải tìm cách nói ra thôi. Bởi nếu không bây giờ, còn mấy cơ hội về sau?

Người ta có thể hành động thương yêu nhưng nói lời thương yêu không dễ. Vì những rào cản tâm lý, vì những thói quen tích cực về bày tỏ cảm xúc bị bỏ sót, vì những sự tự vệ của cái tôi dựng dậy theo thời gian. 

Đừng quên nói lời yêu thương cha mẹ!!!','2016-12-10 17:04:11.855707',NULL,NULL,'2016-12-10 17:04:11.855758','');
INSERT INTO "core_action" VALUES(99,'Đã bao lâu rồi bạn chưa nói lời yêu cha mẹ?','Đã bao lâu rồi bạn chưa nói lời yêu cha mẹ? Đã bao nhiêu lâu, bạn quên ôm nồng ấm với mẹ cha, đã bao nhiêu lần trong năm bạn quên nhắc mẹ cha phải ngủ sớm hơn, ăn sáng đầy đủ?

Dòng chảy của cuộc sống song hành với dòng chảy tâm lý của sự trưởng thành. Khi trưởng thành, con người càng lúc ngần ngại khi nói những lời yêu thương dù tình cảm có thể vẫn tràn đầy. Người Việt thường rất yêu quý gia đình và trân trọng đấng sinh thành. Vì vậy, càng có xu hướng quan tâm gia đình và cha mẹ trong những dịp lễ tết. Việc trao tặng quà cho cha mẹ trong những dịp xuân về tết đến như tấm lòng thành từ con cháu đến ông bà cha mẹ… Nhưng liệu rằng bao nhiêu đó có đủ và đầy cho sự mong mỏi của tình thương?

Trong cái se lạnh của đất trời, mỗi người đều nô nức chào đón mùa Tết đến. Cơ hội của sự bày tỏ yêu thương lại về. Nào bánh mứt, nào trà rượu để có thể biểu lộ sự trân trọng dành cho đấng sinh thành. Cha mẹ vui lắm khi thấy con về, thấy gia đình sum họp. Vui hơn khi thấy con cái hiếu thảo biết nghĩ đến ông bà, cha mẹ bằng món quà ý nghĩa. Chúng ta hay thấy, cứ mỗi khi Tết đến xuân về, nắm bắt tâm lý ấy, mọi quảng cáo trên ti vi cũng hòa cùng một sắc màu chung đỏ rực, ấm sực tình thân, thúc giục con người ta tìm về gia đình sum họp. Nhưng, trong số đó, mấy ai nói được rằng sum họp hay quà tặng thôi chưa đủ, lời yêu thương còn lắm ngại ngùng phải tìm cách nói ra thôi. Bởi nếu không bây giờ, còn mấy cơ hội về sau?

Người ta có thể hành động thương yêu nhưng nói lời thương yêu không dễ. Vì những rào cản tâm lý, vì những thói quen tích cực về bày tỏ cảm xúc bị bỏ sót, vì những sự tự vệ của cái tôi dựng dậy theo thời gian. 

Đừng quên nói lời yêu thương cha mẹ!!!','2016-12-10 17:04:12.150854',NULL,NULL,'2016-12-10 17:04:12.150917','action/images/duan-00013.jpg');
INSERT INTO "core_action" VALUES(100,'Ngày tết hồi tưởng ký ức xưa, ngắm chùm ảnh "Xe đạp, hồi ấy..."','Những chiếc xe thời bao cấp
Những năm 80 của thế kỷ trước, trên đường phố , người ta thấy chủ yếu là xe đạp lưu thông chứ không nhiều xe máy, ô tô như bây giờ. Xe đạp hồi đó được coi là tài sản lớn, có đăng ký, và luôn được giữ gìn cẩn thận.
Từ những năm đổi mới, đời sống người dân ngày một khá giả hơn, nhịp sống hối hả hơn, xe đạp cũng ít dần. Giờ đây, xe đạp chủ yếu là phương tiện đi lại của học sinh, sinh viên, hoặc chuyên chở hàng rong… Còn ngày xưa Xe đạp Pháp- tài sản quý của "nhà giàu" thời ấy.
Chi tiết xem thêm:
Bộ album ảnh xe đạp hồi ấy{https://shopxedap.vn/tin-tuc/Ngay-tet-hoi-tuong-ky-uc-xua,-ngam-chum-anh-Xe-dap,-hoi-ay...-107.html}
Bài hát gắn với những chiếc xe thời bao cấp dưới góc nhìn của giới trẻ {https://www.youtube.com/watch?v=zj-aEwORdzk}','2016-12-10 17:05:17.157414','2016-12-10 16:51:29','2017-01-27 16:51:34','2016-12-10 17:05:17.157591','action/images/khanhab20.jpg');
INSERT INTO "core_action" VALUES(101,'Tuyệt chiêu ra mắt gia đình người yêu tết năm nay !!!','Tết là thời điểm rất thích hợp để bạn đưa người ấy về nhà ra mắt cho những người thân trong gia đình cùng biết. Đầu năm mới, mọi người hầu như ai cũng mang tâm lý thoải mái và vui vẻ nên có thể bạn sẽ nhận được cái nhìn “thoáng hơn” từ phụ huynh người ta. Thế nhưng, những ngày cuối năm và trong Tết cũng là dịp mọi người bận rộn với nhiều việc và tiếp đón khá nhiều khách khứa, cái nhìn “khắt khe” có thể sẽ đến từ những phương diện khác.

Vậy nên, hãy tự “bỏ túi” cho mình một vài tips sau để không bị lúng túng khi ra mắt gia đình người ấy nhé!

Xuất hiện như thế nào?

Đây là lần đầu tiên bạn xuất hiện trước gia đình người ấy nên hãy chú ý cách ăn mặc của mình nhé. Dù là trong dịp Tết những bạn không nên ăn mặc quá cầu kì, màu mè, hay trang điểm quá lòe loẹt. Bạn cũng nên tránh mặc những bộ đồ tối màu, kị nhất là những bộ đồ đen “từ đầu tới chân” đấy nhé! Những gam màu tươi tắn luôn được ưu tiên nhưng hãy chú ý giữ gìn sự trang nhã và lịch thiệp.

Bạn cũng không nên đến nhà người yêu chúc Tết khi thời gian quá eo hẹp, hãy cố gắng sắp xếp đến lúc cả hai bên cùng thoải mái nhất. Việc cáo lỗi về sớm, hay thấp thỏm không yên vì những lịch hẹn tiếp theo sẽ gia đình nàng/chàng không vừa lòng; cũng như đến lúc nhà người ta đang có việc thì bạn cũng sẽ mất cơ hội thể hiện mình.

Chọn gì làm quà Tết?

Vì là lần đầu gặp mặt nên việc đi tay không là điều rất nên tránh. Bạn không cần một món quà đắt tiền hay quá “hoành tráng”khi xuất hiện, nhưng hãy chú ý đừng quá sơ sài khi chuẩn bị. Một lẵng hoa quả, hay một vài hộp bánh được gói ghém cẩn thận, hoặc khung tranh, ảnh trang trí… khá là hợp lý trong trường hợp này. Nếu bạn là con trai, thì một chai rượu cũng là lựa chọn không tồi, nhưng hãy thăm dò trước xem bố nàng có phải người thích rượu không đã nhé!


Nếu cẩn thận hơn bạn có thể chọn riêng cho mỗi người trong gia đình một món quà theo gợi ý về sở thích của họ. Điều này sẽ khiến mọi người cảm thấy được sự quan tâm của bạn. Tuy nhiên, bạn không nhất thiết phải làm như thế, một món quà “chung” trong năm mới đã đủ để mang lại niềm vui của mọi người rồi. Điều quan trọng vẫn là tấm lòng mà!

Tiền mừng tuổi

Ngay cả khi bạn nghĩ rằng mình vẫn còn quá trẻ con để mừng tuổi người khác thì việc xuất hiện nhiều trẻ con trong nhà chàng/nàng cũng có thể khiến bạn ngượng chín mặt đấy.

Không cần chuẩn bị lì xì khá dày, nhưng việc chuẩn bị phong bao là điều khá cần thiết. Trẻ con được nhận những phong lì xì đầu năm mới sẽ rất vui, không khí cũng trở nên gần gũi hơn. Nếu trong nhà có người già lớn tuổi, thì bạn biết đấy, việc chuẩn bị những phong bao đỏ kèm theo những lời chúc ông bà sống thọ là điều không thể thiếu. Điều đó giúp bạn dễ dàng ghi điểm trong mắt bố mẹ chàng đấy!

Dùng bữa, nên hay không?

Sẽ rất căng thẳng nếu cùng ăn với gia đình người ta ngay trong lần đầu gặp mặt, nhưng việc từ chối lời mời dùng bữa lại khá là thất lễ, nhất là khi bạn đã có ý định lâu dài với người ấy. Thế nên, hãy vui vẻ nhận lời và giữ tâm trạng thoải mái nhất khi ăn, tránh tình trạng “im lìm” cho đến khi ăn xong bữa nhé.

Với con gái, việc giúp chuẩn bị và lau dọn sau bữa ăn là điều không được phép bỏ qua rồi. Còn với con trai, nếu bạn được mời bia hoặc rượu, thì hãy chỉ uống theo phép lịch sự thôi nhé! Đừng uống quá nhiều dù tửu lượng bạn có cao đến đâu đi nữa. Và nếu bạn không bao giờ uống thì hãy lịch sự từ chối.

Bạn biết không, những cái đầu tiên thường là những cái quan trọng nhất để người xung quanh có ấn tượng và đánh giá về bạn. Thế nên, hãy tham khảo một vài “chiêu” kể trên và chuẩn bị tinh thần thật tốt, để tránh tình trạng “rối như tơ vò” khi ra mắt gia đình người ấy trong dịp Tết, bạn nhé!','2016-12-10 17:12:02.970439',NULL,NULL,'2016-12-10 17:12:02.970652','action/images/duan-00014.jpg');
INSERT INTO "core_action" VALUES(102,'Tết này ta đi hội chợ quê !!!','Chợ tết nhắc nhở người ta quay về với những điều giản dị, những giá trị rặt quê và thông thường, nó dễ chạm đến “góc nông thôn” sâu thẳm sẵn có trong mỗi người...
Tết, chỉ một chữ thôi cũng đủ nhắc nhở ta nhớ về bao cảm xúc. Thời gian vẫn trôi và bốn mùa luân chuyển mãi, đến hẹn lại lên, năm nào cũng vậy, nhưng lạ thay, tết không cũ đi mà ngược lại với không ít người, tết luôn mới và vẫn có những sự hấp dẫn riêng, y như hồi ta còn bé.

Một trong rất nhiều điều người ta ấn tượng về tết, nhất là tết xưa có lẽ chính là chợ tết. Đây là chốn để mọi người thấy được một cách trọn vẹn bầu không khí đón mừng năm mới: rộn ràng, háo hức, mong chờ. Tết là thế, để cảm nhận trọn vẹn một cái tết thì đó phải là tết quê và không điều gì hấp dẫn bằng chợ tết.

Chợ quê chính là bức tranh phản ánh một cách sống động nhất không khí tết, muốn biết không khí tết ra sao, không đâu khác hãy tìm ở chợ. Tất cả mọi người đều tìm được niềm vui cho mình ở chốn náo nhiệt này.

Những ngày giáp tết, chợ quê bao giờ cũng đông đúc, tấp nập hẳn lên. Người mua, kẻ bán, chợ trở thành trung tâm giao dịch, trao đổi hàng hóa. Người ta đi chợ, không chỉ để mua bán, mà đi chợ còn là để chơi, để ngắm.

Chợ tết ở quê sở hữu một mê lực, có sức hấp dẫn đặc biệt với mọi người. Hàng quán những ngày cuối năm, cửa hàng nào cũng ăm ắp sản phẩm, sắc màu rực rỡ. Màu xanh của lá rong xen lẫn sắc đỏ của bánh mứt kẹo, lại chen vào một chút sắc mầu tươi mới của các loài hoa ngày tết.

Những cụ già lưng đã còng vì tuổi tác, lại còng thêm vì gánh hàng nặng trên lưng. Hàng quán siêu vẹo trong bóng chiều, trong khói rơm rạ đâu đó quanh chợ. Người già đến chợ để tìm lại cái cảm giác xưa cũ, với lòng hoài cổ của mình, còn những người trẻ tuổi lại tìm đến chợ như một nơi chốn để ngắm nghía, hẹn hò. Chỉ có lũ trẻ con là vô tư nhất, chúng khuấy động từng góc chợ, nô đùa và len lỏi khắp nơi, tiếng cười bay theo gió…

Đi chợ ngày tết đã trở thành thói quen, một nét văn hóa độc đáo của người dân quê. Chợ những ngày gần tết thường có thời gian họp dài hơn thường ngày, chợ tấp nập và đông đúc từ sáng sớm đến tận chiều tối. 
Cũng chẳng biết tự bao giờ, những khoảnh khắc đẹp về chợ tết, nhất là chợ quê đã trở thành mục tiêu săn đuổi của các tay máy. Một cụ già bỏm bẻm nhai trầu, mái tóc thời gian nhuộm thành cước trắng, một gian hàng ngồn ngộn lá rong xanh mướt, lạt giang trắng phau, một góc chợ ồn ã với những âm thanh hỗn tạp của cơ man nào những gà, vịt, ngan, ngỗng… Tất cả đã tạo nên những bức tranh màu sống động.

Chợ tết ở quê hiện lên như những thước phim sinh động, gợi cảm và giàu tính nhân văn. Nó nhắc nhở người ta quay về với những điều giản dị, những giá trị rặt quê và thông thường, nó dễ chạm đến “góc nông thôn” sâu thẳm sẵn có trong mỗi người để khơi nên một sự rung động chân thành.

Ở nhiều vùng quê, do ảnh hưởng của nếp sống hiện đại của sự đô thị hoá mà những cảnh xưa, nếp cũ cứ lạt phai dần. Với những người hay hoài cổ thì điều này quả là đáng tiếc và chợ tết có lẽ là thành trì ít ỏi còn xót lại cho những nét quê sau luỹ tre làng. Và có lẽ với rất nhiều người, trong rất nhiều năm nữa, chợ quê vẫn là nơi họ tìm đến để sống lại với những khoảnh khắc tết xưa.

Tôi còn nhớ mãi những ngày giáp tết thuở còn bé được mẹ chở đi chợ trên chiếc xe đạp cọc cạch mà pê – đan đã hỏng chỉ còn hai cái “bút chì”. Với tôi, đến chợ tết ngày đó là cả một niềm mong đợi khi được tự do đi lại thăm thú, ngắm nghía.
- nguồn: vnexpress-','2016-12-10 17:35:42.005092',NULL,NULL,'2016-12-10 17:35:42.005158','action/images/duan-00015.jpg');
INSERT INTO "core_action" VALUES(103,'Lang thang, ngắm đường phố những ngày giáp Tết một mình','Trong nhà nồi bánh chưng được bắc lên bếp, ngoài đường phố, ánh đèn trang trí đã sáng bừng, những vườn hoa đủ sắc màu ngập tràn con phố. Các ngõ ngách từ thành thị đến nông thôn, tất cả đều đã sẵn sàng để chuẩn bị cho thời khắc giao thừa chào xuân mới Đinh Dậu.
Lang thang các ngõ ngách, như một đứa trẻ, háo hức khám phá hương vị những ngày tết mới mẻ mà thân quen. Ngắm nhìn một cành hoa, đuổi theo một cơn gió, mùi  hương nhang thơm thoang thoảng, những lá cờ đỏ sao vàng phấp phơi bay trong gió và tôi còn thấy ...','2016-12-10 17:46:07.922119','2016-11-30 17:45:15','2017-01-30 17:00:00','2016-12-10 17:53:02.939784','action/images/khanhab21.jpg');
INSERT INTO "core_action" VALUES(104,'Đêm giao thừa! Hãy gọi cho người thầy bạn yêu quý!','Gọi chúc mừng năm mới thầy cô là một điều vô cùng ý nghĩa.
Thời cắp sách tới trường của mỗi chúng ta là khoảng thời gian đẹp nhất, thời của tuổi mộng mơ, của những ý tưởng vụt đến rồi vụt đi, của cả sự ngỗ nghịch. Chính thầy cô là những người thay đổi cuộc đời chúng ta, uốn nắn chúng ta từng chút một trên con đường học tập. Cho đến bây giờ hình bóng thầy cô vẫn không thể phai mờ !
Hãy duy  trì những mối quan hệ tuyệt vời này! chỉ một cuộc điện thoại chúc mừng năm mới cũng sẽ gắn kết mạnh mẽ tình cảm thầy trò!','2016-12-10 18:06:18.852031',NULL,NULL,'2016-12-10 18:06:18.852103','action/images/duan-00016.jpg');
INSERT INTO "core_action" VALUES(105,'Đừng quên tết này bạn phải mua một đôi giày mới !!!','Có vẻ như những đôi giày của bạn đã cũ, tết năm nay mua thêm giày mới. Một đôi giày thật chất lượng và độc đáo cho riêng bạn.Thử loại giày bạn chưa bao giờ đi thi sao nhỉ ?
Luôn thay đổi và tìm những điều mới mẻ cho bản thân mình!!!','2016-12-10 18:22:48.346076',NULL,NULL,'2016-12-10 18:30:37.282074','action/images/duan-00017.jpg');
INSERT INTO "core_action" VALUES(106,'Viết nhật kí những ngày Tết','Tết vội đến và cũng vội đi.
Vài dòng nhật ký những ngày tết như một chút để giữ lại cho riêng mình phần nào hương vị của Tết năm nay. Hãy xem Tết như một dịp để nghĩ, để ngẫm, để trải nghiệm về cuộc sống và để nạp thêm năng lượng cho bản thân sau này mỗi khi gặp khó khăn trong cuộc sống.

Cuối ngày bạn dành ra 10-15p trước khi đi ngủ để viết nhật ký
Dành ra 5 phút để nhớ lại các sự việc trong ngày và sắp xếp theo thời gian trước sau
5 phút tiếp theo để ghi lại những sự việc trong ngày.
Thời gian còn lại bạn dành ra để xem lại nhật ký của bạn và bổ sung thêm những việc còn thiếu.

Xem thêm:
Quà tặng cuộc sống - Cuốn sổ nhật kí {https://www.youtube.com/watch?v=B7Xa7Bf2N8k}','2016-12-10 18:49:19.970814','2016-11-30 18:49:04','2017-01-30 17:00:00','2016-12-10 18:49:19.970957','action/images/Khanhab22.jpg');
INSERT INTO "core_action" VALUES(107,'Tết năm nay tao sẽ về nhà mày chơi!','Đã nhiều lần hứa với mấy đứa bạn thân sẽ về nhà nó chơi, nhưng mãi mà vẫn chưa sắp xếp được.Tết năm nay bạn hãy sắp xếp thời gian để có thể  nhà mấy đứa bạn thân chúc tết nhé !','2016-12-10 19:14:33.078787',NULL,NULL,'2016-12-10 19:14:33.078855','action/images/duan-00018.jpg');
INSERT INTO "core_action" VALUES(108,'Làm bài thơ chúc tết ông bà!','Những bài thơ Chúc Tết luôn là những điều ý nghĩa nhất để bạn gửi tới ông bà, cha mẹ, đồng nghiệp hay bạn bè trong dịp Xuân về. Chọn ngay bài Thơ chúc tết, những bài thơ chúc tết cùng lời chúc tết hay và ý nghĩa để gửi tới người thân yêu nhé.

Tham khảo:
Những bài thơ chúc Tết ông bà hay nhất 2017 {http://mevidai.vn/nhung-bai-tho-chuc-tet-ong-ba-hay-nhat-2017.html}','2016-12-10 19:20:17.164176',NULL,NULL,'2016-12-10 19:20:17.164238','action/images/duan-00019.jpg');
INSERT INTO "core_action" VALUES(109,'Mua một cuốn sách bạn tâm đắc nhất đầu năm mới !','Thời gian về nghỉ tết là thời gian thoải mái nhất. Hãy tận dụng thời gian này một cách hiệu quả. Nếu bạn là người thích đọc sách thì đây là thời gian tuyệt vời để bạn nhâm nhi từng trang sách. 
Đầu năm mới hãy mua cuốn sách bạn tâm đắc nhất.','2016-12-10 19:49:58.295738',NULL,NULL,'2016-12-10 19:49:58.295806','action/images/duan-00020.jpg');
INSERT INTO "core_action" VALUES(110,'Tự tay làm mứt ngày tết','Có lẽ chỉ mỗi dịp xuân về thì khay mứt Tết lại trở nên ngọt ngào, ý nghĩa. Ngày Tết, hầu như gia đình nào cũng bày trên bàn khách của mình đủ loại bánh kẹo, mứt Tết. Trước là để đãi khách đến chơi, sau là để cả nhà cùng quây quần bên nhau thưởng thức. Nhiều loại mứt được bày trên cùng 1 khay còn có ý nghĩa mong muốn sự hòa hợp, sum họp đoàn viên.
Tham khảo:
Mứt tết {http://eva.vn/tu-lam-mut-tet-c162e747.html}','2016-12-10 20:01:00.721172',NULL,NULL,'2016-12-10 20:01:00.721281','');
INSERT INTO "core_action" VALUES(111,'Bán muối đêm giao thừa','Trải nghiệm công việc kinh doanh rất thú vị ngày tết!
“Đầu năm mua muối, cuối năm mua vôi” là một quan niệm gần như đã ăn sâu vào tiềm thức của người dân Việt. Mua muối đầu năm về treo như là một thủ tục không thể thiếu giúp mang lại may mắn và tình cảm đậm đà hơn. Bởi vậy mà trong nhiều năm gần đây, muối đã trở thành một mặt hàng “lộc” được nhiều người lựa chọn làm ý tưởng kinh doanh trong khoảnh khắc chuyển giao từ năm cũ sang năm mới. Nếu bạn muốn kiếm thêm chút “lì xì” cho năm mới may mắn những chưa biết kinh doanh gì vừa đơn giản vừa dễ hồi vốn thì có thể thực hiện ý tưởng này nhé.
Bạn thấy điều này thế nào!
Hay thi lên kế hoạch bán muối luôn đi nhé :)

Tham khảo:
Bật mí kinh nghiệm buôn muối đêm Giao thừa kiếm tiền “khủng” {http://blog.bizweb.vn/bat-mi-kinh-nghiem-buon-muoi-dem-giao-thua-kiem-tien-khung/}','2016-12-10 20:10:01.366768',NULL,NULL,'2016-12-10 20:11:36.878831','action/images/duan-00022.jpg');
INSERT INTO "core_action" VALUES(112,'Đỗ xăng Full bình thoải mái chơi tết','Tết đến là xăng cứ phải đầy bình nhà các bạn !','2016-12-10 20:19:16.477073',NULL,NULL,'2016-12-10 20:19:16.477171','action/images/duan-00023.jpg');
INSERT INTO "core_action" VALUES(114,'Bạn đã có một bức tranh hoa đào treo tường ưng ý để trưng tết chưa?','Tranh hoa đào treo phòng khách mang hơi thở mùa xuân vào nhà bạn. Cây đào được xem là tinh hoa của Ngũ hành, theo phong thủy cây này có thể trị bách quỷ nên bước sang năm mới ta thường thấy các gia đình hay trồng đào trước cửa nhà.

Thường cành đào có nhiều lộc thì càng được yêu thích vì hoa đào còn là biểu tượng cho sự đổi mới và sự sinh sôi phát triển mạnh mẽ. Vẻ đẹp, màu sắc của hoa đào mang đến sự ấm cúng, tươi vui cho mỗi nhà, gieo vào lòng người sự hân hoan, niềm tin yêu và hi vọng cho năm mới vạn sự như ý.

Treo một bức tranh hoa đào ở phòng khách sẽ giúp không gian thêm phần sang trọng và đem lại ý nghĩa tích cực, vạn sự hưng. Những bức thủy mặc hoa đào hợp với gia chủ thích sự bình yên, thanh tịnh trong tâm. Tranh bộ hoa đào cũng là loại hình lạ mắt giúp đổi mới diện mạo căn phòng của bạn. Ngoài tranh hoa đào, bạn cũng có thể tham khảo thêm tranh Đông Hồ và Hàng Trống. Vậy còn chờ gì nữa mà không sẵm ngay cho căn nhà của mình một bức tranh thật đẹp nhỉ?','2016-12-11 01:48:37.419089',NULL,NULL,'2016-12-11 01:48:37.419194','action/images/son0037.jpg');
INSERT INTO "core_action" VALUES(115,'Một mâm ngũ quả tuyệt vời sẽ đem lại tài lộc năm mới cho gia đình bạn đó','Mâm ngũ quả thể hiện đạo lý thiêng liêng uống nước nhớ nguồn. Ngũ quả - thể hiện cho 5 vị Kim – Mộc – Thủy – Hỏa – Thổ, 5 yếu tố được cho là đã cấu thành nên vũ trụ trong quan niệm của Khổng giáo. Mỗi vùng miền lại có một cách bài trí và bày biện khác nhau và cũng không thiếu những mâm ngũ quả được biến tấu thêm phần sinh động hơn.

Ngũ quả cũng còn được xem như biểu tượng cho thành quả sau một năm lao động miệt mài của những người nông dân. Những sản vật kết tinh từ mồ hôi, công sức của những người dân lao động chắt chiu qua những vụ mùa. Để đến khi xuân sang nắng ấm, lựa dịp tốt lành mà thành kính dâng lên ông bà tổ tiên.

Thông thường mâm ngũ quả gồm 5 loại quả có màu sắc khác nhau. Sở dĩ chọn số 5 là vì từ xưa ông cha ta đã quan niệm Phú – Quý – Thọ – Khang – Ninh là những điều quý giá và luôn mong mỏi đạt được 5 điều này trong năm mới.

Còn lý do nên chọn 5 loại quả có màu sắc khác nhau bởi lẽ nó thể hiện ý nghĩa nguồn của cải năm phương mang về kính lên tổ tiên. Nải chuối có màu xanh tượng trưng Đông phương, quả bưởi có màu vàng tượng trưng Trung phương, quả hồng có màu đỏ tượng trưng Nam phương, quả lê có màu trắng tượng trưng Tây phương và một loại quả có màu sẫm khác tượng trưng Bắc phương. Chà, chỉ là một mâm hoa quả mà mang trong nó nhiều ý nghĩa quá bạn nhỉ?

Một số cách  bài trí mâm ngũ quả{http://baodautu.vn/cach-bay-mam-ngu-qua-ngay-tet-theo-phong-thuy-d21449.html}','2016-12-11 01:51:00.626050',NULL,NULL,'2016-12-11 02:51:13.168417','action/images/son0038.jpg');
INSERT INTO "core_action" VALUES(116,'Thêm những hoa tươi sắc trên bàn thờ tết','Ngày Tết, bạn nên đặt trong nhà một vài lọ hoa tươi để căn nhà thêm sáng hơn, dồi dào sức sống. Theo phong thủy, đặt hoa tươi trong nhà có tác dụng đón may mắn, tài lộc trong năm mới. Theo tâm linh đặt hoa tươi trong nhà có ý nghĩa cầu mong một năm mới khởi sắc với nhiều may măn, đầy đủ. Tùy theo từng loại hoa khác nhau sẽ có ý nghĩa khác nhau. Với các mẫu cắm hoa Tết dưới đây bạn sẽ có nhiều lựa chọn đa dạng để trang trí thêm cho ngôi nhà mình thêm đẹp.

Để cắm hoa bày nhà dịp Tết, bạn có thể sử dụng các loại hoa như tulip, ly, cúc vạn thọ, cúc đại đóa, đồng tiền hay thược dược. Hoa hồng, hoa tiên ông cũng là những loại hoa ngày Tết đem may mắn tài lộc vào nhà.Những loại hoa này thường được cắm dạng để bàn để phòng khách hoặc cửa sổ với hy vọng mang lại điều tươi mới, mới mẻ cho năm mới. Tên của những loài hoa bày Tết cũng được lựa chọn kỹ càng với mong muốn đem đến tiền tài (đồng tiền), may mắn (ly, tulip, tiên ông, thược dược), sức khỏe dài lâu (các loại cúc)... đến cho gia đình trong năm mới.

Cũng chính vì thế mà các mẫu cắm hoaTết để bàn cũng không cần cầu kỳ, cốt yếu là màu sắc hoa phải thật rực rỡ để đem lại màu sắc cho căn nhà, mang đến điềm lành. Nghe có vẻ hấp dẫn ghê nhỉ, vậy tết năm nay nhà bạn chọn trưng hoa gì đó?

Một số mẫu cắm hoa ngày tết{http://www.lamsao.com/mau-cam-hoa-tet-p214a31843.html}','2016-12-11 01:58:49.084487',NULL,NULL,'2016-12-11 02:53:20.459937','action/images/son0039.jpg');
INSERT INTO "core_action" VALUES(117,'Dành thời gian làm mới những đôi giày của mình','Một đôi giày tết sáng sủa sẽ khiến bạn tự tin hơn trong nhũng chuyến đi chúc tết, những cuộc hội họp bạn bè hay những lần rủ người yêu đi chơi xuân.','2016-12-11 03:13:34.855356',NULL,NULL,'2016-12-11 03:13:34.855412','');
CREATE TABLE "core_actionpicture" ("id" integer NOT NULL PRIMARY KEY AUTOINCREMENT, "picture" varchar(100) NOT NULL, "actionid_id" integer NOT NULL REFERENCES "core_action" ("id"));
CREATE TABLE "core_actionreflink" ("id" integer NOT NULL PRIMARY KEY AUTOINCREMENT, "link" text NOT NULL, "actionid_id" integer NOT NULL REFERENCES "core_action" ("id"));
CREATE TABLE "core_activity" ("id" integer NOT NULL PRIMARY KEY AUTOINCREMENT, "activity_type" varchar(1) NOT NULL, "date" datetime NOT NULL, "feed" integer NULL, "question" integer NULL, "answer" integer NULL, "user_id" integer NOT NULL REFERENCES "auth_user" ("id"));
CREATE TABLE "core_comment_childcomment" ("id" integer NOT NULL PRIMARY KEY AUTOINCREMENT, "from_comment_id" integer NOT NULL REFERENCES "core_comment" ("id"), "to_comment_id" integer NOT NULL REFERENCES "core_comment" ("id"));
CREATE TABLE "core_notification" ("id" integer NOT NULL PRIMARY KEY AUTOINCREMENT, "createdDate" datetime NOT NULL, "notificationtype" varchar(1) NOT NULL, "isread" bool NOT NULL, "action_id" integer NOT NULL REFERENCES "core_action" ("id"), "comment_id" integer NOT NULL REFERENCES "core_comment" ("id"), "inviation_id" integer NOT NULL REFERENCES "core_invitation" ("id"));
CREATE TABLE "core_userprofile" ("id" integer NOT NULL PRIMARY KEY AUTOINCREMENT, "date" datetime NOT NULL, "gender" varchar(1) NOT NULL, "occupation" varchar(100) NOT NULL, "address" varchar(200) NOT NULL, "createdDate" datetime NOT NULL, "last_active" datetime NOT NULL, "birthday" datetime NULL, "user_id" integer NOT NULL UNIQUE REFERENCES "auth_user" ("id"));
INSERT INTO "core_userprofile" VALUES(1,'2016-12-09 01:57:51.802349','','','','2016-12-09 01:57:51.802413','2016-12-09 01:57:51.802436',NULL,3);
INSERT INTO "core_userprofile" VALUES(2,'2016-12-09 02:28:12.300266','','','','2016-12-09 02:28:12.300332','2016-12-09 02:28:12.300356',NULL,4);
INSERT INTO "core_userprofile" VALUES(3,'2016-12-09 02:38:36.573591','','','','2016-12-09 02:38:36.573660','2016-12-09 02:38:36.573685',NULL,5);
INSERT INTO "core_userprofile" VALUES(4,'2016-12-09 02:56:52.766525','','','','2016-12-09 02:56:52.766591','2016-12-09 02:56:52.766614',NULL,6);
INSERT INTO "core_userprofile" VALUES(5,'2016-12-09 10:27:14.005293','','','','2016-12-09 10:27:14.005344','2016-12-09 10:27:14.005386',NULL,9);
CREATE TABLE "core_invitation" ("id" integer NOT NULL PRIMARY KEY AUTOINCREMENT, "content" text NOT NULL, "isaccept" bool NOT NULL, "createDate" datetime NOT NULL, "fromuser_id" integer NOT NULL REFERENCES "core_userprofile" ("id"), "touser_id" integer NOT NULL REFERENCES "core_userprofile" ("id"));
CREATE TABLE "core_comment" ("id" integer NOT NULL PRIMARY KEY AUTOINCREMENT, "content" text NOT NULL, "createDate" datetime NOT NULL, "modified" datetime NOT NULL, "active" bool NOT NULL, "commentby_id" integer NOT NULL REFERENCES "core_userprofile" ("id"), "commentin_id" integer NOT NULL REFERENCES "core_action" ("id"));
CREATE TABLE "core_action_likeby" ("id" integer NOT NULL PRIMARY KEY AUTOINCREMENT, "action_id" integer NOT NULL REFERENCES "core_action" ("id"), "userprofile_id" integer NOT NULL REFERENCES "core_userprofile" ("id"));
CREATE TABLE "core_action_listComment" ("id" integer NOT NULL PRIMARY KEY AUTOINCREMENT, "action_id" integer NOT NULL REFERENCES "core_action" ("id"), "comment_id" integer NOT NULL REFERENCES "core_comment" ("id"));
CREATE TABLE "authtoken_token" ("key" varchar(40) NOT NULL PRIMARY KEY, "created" datetime NOT NULL, "user_id" integer NOT NULL UNIQUE REFERENCES "auth_user" ("id"));
CREATE TABLE "account_emailconfirmation" ("id" integer NOT NULL PRIMARY KEY AUTOINCREMENT, "created" datetime NOT NULL, "sent" datetime NULL, "key" varchar(64) NOT NULL UNIQUE, "email_address_id" integer NOT NULL REFERENCES "account_emailaddress" ("id"));
CREATE TABLE "account_emailaddress" ("id" integer NOT NULL PRIMARY KEY AUTOINCREMENT, "verified" bool NOT NULL, "primary" bool NOT NULL, "user_id" integer NOT NULL REFERENCES "auth_user" ("id"), "email" varchar(254) NOT NULL UNIQUE);
CREATE TABLE "django_site" ("id" integer NOT NULL PRIMARY KEY AUTOINCREMENT, "name" varchar(50) NOT NULL, "domain" varchar(100) NOT NULL UNIQUE);
INSERT INTO "django_site" VALUES(1,'example.com','example.com');
INSERT INTO "django_site" VALUES(2,'crazylife.co','crazylife.co');
CREATE TABLE "socialaccount_socialapp_sites" ("id" integer NOT NULL PRIMARY KEY AUTOINCREMENT, "socialapp_id" integer NOT NULL REFERENCES "socialaccount_socialapp" ("id"), "site_id" integer NOT NULL REFERENCES "django_site" ("id"));
CREATE TABLE "socialaccount_socialtoken" ("id" integer NOT NULL PRIMARY KEY AUTOINCREMENT, "token" text NOT NULL, "token_secret" text NOT NULL, "expires_at" datetime NULL, "account_id" integer NOT NULL REFERENCES "socialaccount_socialaccount" ("id"), "app_id" integer NOT NULL REFERENCES "socialaccount_socialapp" ("id"));
CREATE TABLE "socialaccount_socialapp" ("id" integer NOT NULL PRIMARY KEY AUTOINCREMENT, "provider" varchar(30) NOT NULL, "name" varchar(40) NOT NULL, "client_id" varchar(191) NOT NULL, "key" varchar(191) NOT NULL, "secret" varchar(191) NOT NULL);
CREATE TABLE "socialaccount_socialaccount" ("id" integer NOT NULL PRIMARY KEY AUTOINCREMENT, "provider" varchar(30) NOT NULL, "uid" varchar(191) NOT NULL, "last_login" datetime NOT NULL, "date_joined" datetime NOT NULL, "user_id" integer NOT NULL REFERENCES "auth_user" ("id"), "extra_data" text NOT NULL);
CREATE TABLE "auth_user" ("id" integer NOT NULL PRIMARY KEY AUTOINCREMENT, "password" varchar(128) NOT NULL, "last_login" datetime NULL, "is_superuser" bool NOT NULL, "first_name" varchar(30) NOT NULL, "last_name" varchar(30) NOT NULL, "email" varchar(254) NOT NULL, "is_staff" bool NOT NULL, "is_active" bool NOT NULL, "date_joined" datetime NOT NULL, "username" varchar(150) NOT NULL UNIQUE);
INSERT INTO "auth_user" VALUES(2,'pbkdf2_sha256$24000$8DO9u91NftwC$tYnGdgzhHSWXbCGKw9MUEgxtMjBTkPm1hQQ1HJwHveA=','2016-12-09 13:04:26',1,'','','khanhph@crazylife.co',1,1,'2016-12-08 15:32:34','khanhph');
INSERT INTO "auth_user" VALUES(3,'pbkdf2_sha256$24000$jL2k2Agg5TLZ$wKDOsPdfY1HsRVzkNeV3hamR+xgeMIlPsLKVbcJ79B8=',NULL,0,'','','None',0,1,'2016-12-09 01:57:51.666963','None');
INSERT INTO "auth_user" VALUES(4,'pbkdf2_sha256$24000$MNJcBsKLZyTg$Hgrac7KtHgA8kqvnqEZ2cYCkl5kwiy2YBVILwz+n58E=',NULL,0,'','','namnp123@crazylife.co',0,1,'2016-12-09 02:28:12.150413','abcdede');
INSERT INTO "auth_user" VALUES(5,'pbkdf2_sha256$24000$Zlze3ujJxtRd$fhSm4wIMmX+mLeJ6c/DjnQG9V2/3zhfcSi6YmxGfHS0=',NULL,0,'','','namnp123@crazylife.com',0,1,'2016-12-09 02:38:36.453811','abcd');
INSERT INTO "auth_user" VALUES(6,'pbkdf2_sha256$24000$i3WcxRtTio5M$QPaZx8Bh9OcNLHTqm2D9YsWd8YRn2lP+1xUUwHFbNzc=',NULL,0,'','','namnp1@crazylife.com',0,1,'2016-12-09 02:56:52.622279','abcdefg');
INSERT INTO "auth_user" VALUES(7,'pbkdf2_sha256$24000$BZPVOZILDdPe$186as8iOLq+ljTUO+Bvb1pARx8J8Jf5Z3C5QAGRa8KA=','2016-12-09 13:42:18.821763',1,'','','namnp@crazylife.co',1,1,'2016-12-09 09:48:27.732338','namnp');
INSERT INTO "auth_user" VALUES(8,'pbkdf2_sha256$24000$n3UkHohJ2ivT$9JC0eEaMHVt9X9ImhiSbLVzng7PWn3vqyRbwHG2NUkc=','2016-12-09 11:54:12',1,'Sơn','Phạm','sonpdh@crazylife.com',1,1,'2016-12-09 10:12:28','sonpdh');
INSERT INTO "auth_user" VALUES(9,'pbkdf2_sha256$24000$ZOoRgwQT3nNt$rpy/wf1Fqz6I7q+5v0nOsbl1vi48/diiFnUMQh+PfPU=',NULL,0,'','','nam123@gmail.com',0,1,'2016-12-09 10:27:13.966248','namnp12345');
INSERT INTO "auth_user" VALUES(10,'pbkdf2_sha256$24000$fB8ZAPgiwlIf$AKxSTWXYatXl1eK2NnLdridbH9M0PVIAo/qsuo7jcPE=','2016-12-09 10:49:03.754331',0,'','','',1,1,'2016-12-09 10:45:38','manhhv');
INSERT INTO "auth_user" VALUES(11,'pbkdf2_sha256$24000$KRJU0OdVtgSr$+Yn401i1x048pvTBHTGhGsFPHtd22X2v/fOS3MNGqLw=','2016-12-09 10:48:56.851811',0,'','','',1,1,'2016-12-09 10:46:56','duannx');
INSERT INTO "auth_user" VALUES(13,'pbkdf2_sha256$24000$z8jKqCoFOJBn$QOh3DM8JT5oc2E2fs+ycwAT1jpy34gNpymTnpoynWpU=',NULL,1,'','','',1,1,'2016-12-11 00:59:31','vonhan');
DELETE FROM sqlite_sequence;
INSERT INTO "sqlite_sequence" VALUES('django_migrations',24);
INSERT INTO "sqlite_sequence" VALUES('django_admin_log',202);
INSERT INTO "sqlite_sequence" VALUES('django_content_type',21);
INSERT INTO "sqlite_sequence" VALUES('auth_permission',63);
INSERT INTO "sqlite_sequence" VALUES('core_invitation',0);
INSERT INTO "sqlite_sequence" VALUES('core_comment',0);
INSERT INTO "sqlite_sequence" VALUES('core_action',117);
INSERT INTO "sqlite_sequence" VALUES('core_actionpicture',3);
INSERT INTO "sqlite_sequence" VALUES('auth_group',2);
INSERT INTO "sqlite_sequence" VALUES('auth_group_permissions',12);
INSERT INTO "sqlite_sequence" VALUES('auth_user_groups',3);
INSERT INTO "sqlite_sequence" VALUES('core_userprofile',5);
INSERT INTO "sqlite_sequence" VALUES('account_emailaddress',0);
INSERT INTO "sqlite_sequence" VALUES('django_site',2);
INSERT INTO "sqlite_sequence" VALUES('socialaccount_socialtoken',0);
INSERT INTO "sqlite_sequence" VALUES('socialaccount_socialapp',0);
INSERT INTO "sqlite_sequence" VALUES('socialaccount_socialaccount',0);
INSERT INTO "sqlite_sequence" VALUES('auth_user',13);
INSERT INTO "sqlite_sequence" VALUES('core_actionreflink',2);
INSERT INTO "sqlite_sequence" VALUES('auth_user_user_permissions',24);
CREATE UNIQUE INDEX "auth_group_permissions_group_id_0cd325b0_uniq" ON "auth_group_permissions" ("group_id", "permission_id");
CREATE INDEX "auth_group_permissions_0e939a4f" ON "auth_group_permissions" ("group_id");
CREATE INDEX "auth_group_permissions_8373b171" ON "auth_group_permissions" ("permission_id");
CREATE UNIQUE INDEX "auth_user_groups_user_id_94350c0c_uniq" ON "auth_user_groups" ("user_id", "group_id");
CREATE INDEX "auth_user_groups_e8701ad4" ON "auth_user_groups" ("user_id");
CREATE INDEX "auth_user_groups_0e939a4f" ON "auth_user_groups" ("group_id");
CREATE UNIQUE INDEX "auth_user_user_permissions_user_id_14a6b632_uniq" ON "auth_user_user_permissions" ("user_id", "permission_id");
CREATE INDEX "auth_user_user_permissions_e8701ad4" ON "auth_user_user_permissions" ("user_id");
CREATE INDEX "auth_user_user_permissions_8373b171" ON "auth_user_user_permissions" ("permission_id");
CREATE INDEX "django_admin_log_417f1b1c" ON "django_admin_log" ("content_type_id");
CREATE INDEX "django_admin_log_e8701ad4" ON "django_admin_log" ("user_id");
CREATE UNIQUE INDEX "django_content_type_app_label_76bd3d3b_uniq" ON "django_content_type" ("app_label", "model");
CREATE UNIQUE INDEX "auth_permission_content_type_id_01ab375a_uniq" ON "auth_permission" ("content_type_id", "codename");
CREATE INDEX "auth_permission_417f1b1c" ON "auth_permission" ("content_type_id");
CREATE INDEX "django_session_de54fa62" ON "django_session" ("expire_date");
CREATE INDEX "core_actionpicture_c13a9e75" ON "core_actionpicture" ("actionid_id");
CREATE INDEX "core_actionreflink_c13a9e75" ON "core_actionreflink" ("actionid_id");
CREATE INDEX "core_activity_e8701ad4" ON "core_activity" ("user_id");
CREATE UNIQUE INDEX "core_comment_childcomment_from_comment_id_cebc0f63_uniq" ON "core_comment_childcomment" ("from_comment_id", "to_comment_id");
CREATE INDEX "core_comment_childcomment_e5356c7f" ON "core_comment_childcomment" ("from_comment_id");
CREATE INDEX "core_comment_childcomment_0206cdd1" ON "core_comment_childcomment" ("to_comment_id");
CREATE INDEX "core_notification_909acdf2" ON "core_notification" ("action_id");
CREATE INDEX "core_notification_69b97d17" ON "core_notification" ("comment_id");
CREATE INDEX "core_notification_630779f3" ON "core_notification" ("inviation_id");
CREATE INDEX "core_invitation_0c8f4d97" ON "core_invitation" ("fromuser_id");
CREATE INDEX "core_invitation_47a4396b" ON "core_invitation" ("touser_id");
CREATE INDEX "core_comment_ff861967" ON "core_comment" ("commentby_id");
CREATE INDEX "core_comment_21499202" ON "core_comment" ("commentin_id");
CREATE UNIQUE INDEX "core_action_likeby_action_id_a59db4f9_uniq" ON "core_action_likeby" ("action_id", "userprofile_id");
CREATE INDEX "core_action_likeby_909acdf2" ON "core_action_likeby" ("action_id");
CREATE INDEX "core_action_likeby_9c2a73e9" ON "core_action_likeby" ("userprofile_id");
CREATE UNIQUE INDEX "core_action_listComment_action_id_02557f96_uniq" ON "core_action_listComment" ("action_id", "comment_id");
CREATE INDEX "core_action_listComment_909acdf2" ON "core_action_listComment" ("action_id");
CREATE INDEX "core_action_listComment_69b97d17" ON "core_action_listComment" ("comment_id");
CREATE INDEX "account_emailconfirmation_6f1edeac" ON "account_emailconfirmation" ("email_address_id");
CREATE INDEX "account_emailaddress_e8701ad4" ON "account_emailaddress" ("user_id");
CREATE UNIQUE INDEX "socialaccount_socialapp_sites_socialapp_id_71a9a768_uniq" ON "socialaccount_socialapp_sites" ("socialapp_id", "site_id");
CREATE INDEX "socialaccount_socialapp_sites_fe95b0a0" ON "socialaccount_socialapp_sites" ("socialapp_id");
CREATE INDEX "socialaccount_socialapp_sites_9365d6e7" ON "socialaccount_socialapp_sites" ("site_id");
CREATE UNIQUE INDEX "socialaccount_socialtoken_app_id_fca4e0ac_uniq" ON "socialaccount_socialtoken" ("app_id", "account_id");
CREATE INDEX "socialaccount_socialtoken_8a089c2a" ON "socialaccount_socialtoken" ("account_id");
CREATE INDEX "socialaccount_socialtoken_f382adfe" ON "socialaccount_socialtoken" ("app_id");
CREATE UNIQUE INDEX "socialaccount_socialaccount_provider_fc810c6e_uniq" ON "socialaccount_socialaccount" ("provider", "uid");
CREATE INDEX "socialaccount_socialaccount_e8701ad4" ON "socialaccount_socialaccount" ("user_id");
COMMIT;
