PRAGMA foreign_keys=OFF;
BEGIN TRANSACTION;
CREATE TABLE "django_migrations" ("id" integer NOT NULL PRIMARY KEY AUTOINCREMENT, "app" varchar(255) NOT NULL, "name" varchar(255) NOT NULL, "applied" datetime NOT NULL);
INSERT INTO "django_migrations" VALUES(1,'contenttypes','0001_initial','2016-12-08 15:18:28.357253');
INSERT INTO "django_migrations" VALUES(2,'auth','0001_initial','2016-12-08 15:18:28.608648');
INSERT INTO "django_migrations" VALUES(3,'admin','0001_initial','2016-12-08 15:18:28.784727');
INSERT INTO "django_migrations" VALUES(4,'admin','0002_logentry_remove_auto_add','2016-12-08 15:18:28.952480');
INSERT INTO "django_migrations" VALUES(5,'contenttypes','0002_remove_content_type_name','2016-12-08 15:18:29.136318');
INSERT INTO "django_migrations" VALUES(6,'auth','0002_alter_permission_name_max_length','2016-12-08 15:18:29.269741');
INSERT INTO "django_migrations" VALUES(7,'auth','0003_alter_user_email_max_length','2016-12-08 15:18:29.405532');
INSERT INTO "django_migrations" VALUES(8,'auth','0004_alter_user_username_opts','2016-12-08 15:18:29.541164');
INSERT INTO "django_migrations" VALUES(9,'auth','0005_alter_user_last_login_null','2016-12-08 15:18:29.652951');
INSERT INTO "django_migrations" VALUES(10,'auth','0006_require_contenttypes_0002','2016-12-08 15:18:29.703156');
INSERT INTO "django_migrations" VALUES(11,'auth','0007_alter_validators_add_error_messages','2016-12-08 15:18:29.836319');
INSERT INTO "django_migrations" VALUES(12,'sessions','0001_initial','2016-12-08 15:18:29.944823');
INSERT INTO "django_migrations" VALUES(13,'core','0001_initial','2016-12-08 15:20:26.679259');
INSERT INTO "django_migrations" VALUES(14,'authtoken','0001_initial','2016-12-08 19:14:55.208849');
INSERT INTO "django_migrations" VALUES(15,'authtoken','0002_auto_20160226_1747','2016-12-08 19:14:55.443280');
INSERT INTO "django_migrations" VALUES(16,'account','0001_initial','2016-12-09 09:20:46.558747');
INSERT INTO "django_migrations" VALUES(17,'account','0002_email_max_length','2016-12-09 09:20:46.776407');
INSERT INTO "django_migrations" VALUES(18,'sites','0001_initial','2016-12-09 09:20:47.390854');
INSERT INTO "django_migrations" VALUES(19,'sites','0002_alter_domain_unique','2016-12-09 09:20:47.571176');
INSERT INTO "django_migrations" VALUES(20,'socialaccount','0001_initial','2016-12-09 09:20:47.997664');
INSERT INTO "django_migrations" VALUES(21,'socialaccount','0002_token_max_lengths','2016-12-09 09:20:48.406904');
INSERT INTO "django_migrations" VALUES(22,'socialaccount','0003_extra_data_default_dict','2016-12-09 09:20:48.638371');
INSERT INTO "django_migrations" VALUES(23,'auth','0008_alter_user_username_max_length','2016-12-09 09:38:55.438515');
INSERT INTO "django_migrations" VALUES(24,'core','0002_auto_20161209_1331','2016-12-09 13:40:08.683018');
INSERT INTO "django_migrations" VALUES(25,'core','0003_auto_20161211_1147','2016-12-11 04:47:12.870025');
INSERT INTO "django_migrations" VALUES(26,'core','0004_action_author','2016-12-11 05:20:11.894515');
INSERT INTO "django_migrations" VALUES(27,'core','0005_auto_20161211_1443','2016-12-11 07:43:22.627963');
INSERT INTO "django_migrations" VALUES(28,'core','0006_auto_20161211_1446','2016-12-11 07:46:25.790381');
INSERT INTO "django_migrations" VALUES(29,'core','0007_auto_20161215_1011','2016-12-15 03:12:01.126917');
INSERT INTO "django_migrations" VALUES(30,'core','0008_action_isverified','2016-12-15 04:17:23.678612');
CREATE TABLE "auth_group" ("id" integer NOT NULL PRIMARY KEY AUTOINCREMENT, "name" varchar(80) NOT NULL UNIQUE);
INSERT INTO "auth_group" VALUES(2,'Đội ngũ content');
CREATE TABLE "auth_group_permissions" ("id" integer NOT NULL PRIMARY KEY AUTOINCREMENT, "group_id" integer NOT NULL REFERENCES "auth_group" ("id"), "permission_id" integer NOT NULL REFERENCES "auth_permission" ("id"));
INSERT INTO "auth_group_permissions" VALUES(7,2,32);
INSERT INTO "auth_group_permissions" VALUES(8,2,22);
INSERT INTO "auth_group_permissions" VALUES(9,2,23);
INSERT INTO "auth_group_permissions" VALUES(10,2,25);
INSERT INTO "auth_group_permissions" VALUES(11,2,26);
INSERT INTO "auth_group_permissions" VALUES(12,2,31);
CREATE TABLE "auth_user_groups" ("id" integer NOT NULL PRIMARY KEY AUTOINCREMENT, "user_id" integer NOT NULL REFERENCES "auth_user" ("id"), "group_id" integer NOT NULL REFERENCES "auth_group" ("id"));
INSERT INTO "auth_user_groups" VALUES(1,2,2);
INSERT INTO "auth_user_groups" VALUES(2,8,2);
INSERT INTO "auth_user_groups" VALUES(3,10,2);
INSERT INTO "auth_user_groups" VALUES(4,14,2);
CREATE TABLE "auth_user_user_permissions" ("id" integer NOT NULL PRIMARY KEY AUTOINCREMENT, "user_id" integer NOT NULL REFERENCES "auth_user" ("id"), "permission_id" integer NOT NULL REFERENCES "auth_permission" ("id"));
INSERT INTO "auth_user_user_permissions" VALUES(1,2,10);
INSERT INTO "auth_user_user_permissions" VALUES(2,2,11);
INSERT INTO "auth_user_user_permissions" VALUES(3,2,12);
INSERT INTO "auth_user_user_permissions" VALUES(4,8,10);
INSERT INTO "auth_user_user_permissions" VALUES(5,8,11);
INSERT INTO "auth_user_user_permissions" VALUES(6,8,12);
INSERT INTO "auth_user_user_permissions" VALUES(7,10,32);
INSERT INTO "auth_user_user_permissions" VALUES(8,10,33);
INSERT INTO "auth_user_user_permissions" VALUES(9,10,22);
INSERT INTO "auth_user_user_permissions" VALUES(10,10,23);
INSERT INTO "auth_user_user_permissions" VALUES(11,10,24);
INSERT INTO "auth_user_user_permissions" VALUES(12,10,25);
INSERT INTO "auth_user_user_permissions" VALUES(13,10,26);
INSERT INTO "auth_user_user_permissions" VALUES(14,10,27);
INSERT INTO "auth_user_user_permissions" VALUES(15,10,31);
INSERT INTO "auth_user_user_permissions" VALUES(16,11,32);
INSERT INTO "auth_user_user_permissions" VALUES(17,11,33);
INSERT INTO "auth_user_user_permissions" VALUES(18,11,22);
INSERT INTO "auth_user_user_permissions" VALUES(19,11,23);
INSERT INTO "auth_user_user_permissions" VALUES(20,11,24);
INSERT INTO "auth_user_user_permissions" VALUES(21,11,25);
INSERT INTO "auth_user_user_permissions" VALUES(22,11,26);
INSERT INTO "auth_user_user_permissions" VALUES(23,11,27);
INSERT INTO "auth_user_user_permissions" VALUES(24,11,31);
INSERT INTO "auth_user_user_permissions" VALUES(25,14,32);
INSERT INTO "auth_user_user_permissions" VALUES(26,14,33);
INSERT INTO "auth_user_user_permissions" VALUES(27,14,31);
CREATE TABLE "django_admin_log" ("id" integer NOT NULL PRIMARY KEY AUTOINCREMENT, "object_id" text NULL, "object_repr" varchar(200) NOT NULL, "action_flag" smallint unsigned NOT NULL, "change_message" text NOT NULL, "content_type_id" integer NULL REFERENCES "django_content_type" ("id"), "user_id" integer NOT NULL REFERENCES "auth_user" ("id"), "action_time" datetime NOT NULL);
INSERT INTO "django_admin_log" VALUES(12,'1','Tự nấu ăn một bữa cơm ngon cho mẹ.',2,'Changed startDate and endDate.',11,7,'2016-12-09 09:56:04.811671');
INSERT INTO "django_admin_log" VALUES(13,'8','sonpdh',1,'Added.',4,7,'2016-12-09 10:12:28.283885');
INSERT INTO "django_admin_log" VALUES(14,'8','sonpdh',2,'Changed is_staff and groups.',4,7,'2016-12-09 10:12:49.274270');
INSERT INTO "django_admin_log" VALUES(15,'2','Bạn có biết là để chuẩn bị một cành đào chơi tết phải công phu như thế nào chưa?',1,'Added.',11,8,'2016-12-09 10:14:31.438028');
INSERT INTO "django_admin_log" VALUES(16,'1','https://docs.google.com/spreadsheets/d/1cjYM-DwbMo6xMMD8-0NQMQUjYpGTtQ0wLVtP2fsXWp8/edit#gid=1797085997',1,'Added.',9,8,'2016-12-09 10:15:00.118614');
INSERT INTO "django_admin_log" VALUES(17,'1','admin',3,'',4,7,'2016-12-09 10:31:17.974588');
INSERT INTO "django_admin_log" VALUES(18,'2','khanhph',2,'Changed user_permissions.',4,7,'2016-12-09 10:39:03.656348');
INSERT INTO "django_admin_log" VALUES(19,'8','sonpdh',2,'Changed first_name, last_name and user_permissions.',4,7,'2016-12-09 10:45:00.971397');
INSERT INTO "django_admin_log" VALUES(20,'10','manhhv',1,'Added.',4,2,'2016-12-09 10:45:38.327742');
INSERT INTO "django_admin_log" VALUES(21,'10','manhhv',2,'Changed groups and user_permissions.',4,2,'2016-12-09 10:46:22.661359');
INSERT INTO "django_admin_log" VALUES(22,'11','duannx',1,'Added.',4,2,'2016-12-09 10:46:56.551497');
INSERT INTO "django_admin_log" VALUES(23,'10','manhhv',2,'Changed is_staff.',4,2,'2016-12-09 10:47:54.033492');
INSERT INTO "django_admin_log" VALUES(24,'10','manhhv',2,'Changed is_staff and last_login.',4,8,'2016-12-09 10:48:15.173049');
INSERT INTO "django_admin_log" VALUES(25,'11','duannx',2,'Changed is_staff and user_permissions.',4,2,'2016-12-09 10:48:21.339106');
INSERT INTO "django_admin_log" VALUES(26,'10','manhhv',2,'Changed is_staff.',4,2,'2016-12-09 10:48:53.290300');
INSERT INTO "django_admin_log" VALUES(27,'12','mamahd12',1,'Added.',4,8,'2016-12-09 10:48:57.926782');
INSERT INTO "django_admin_log" VALUES(28,'12','mamahd12',2,'Changed is_staff.',4,8,'2016-12-09 10:49:48.148029');
INSERT INTO "django_admin_log" VALUES(29,'12','mamahd12',3,'',4,8,'2016-12-09 10:51:06.004659');
INSERT INTO "django_admin_log" VALUES(30,'1','Tự nấu ăn một bữa cơm ngon cho mẹ.',2,'Changed content.',11,8,'2016-12-09 10:54:15.236825');
INSERT INTO "django_admin_log" VALUES(31,'3','ActionPicture object',3,'',8,7,'2016-12-09 11:54:43.525396');
INSERT INTO "django_admin_log" VALUES(32,'2','ActionPicture object',3,'',8,7,'2016-12-09 11:54:43.529392');
INSERT INTO "django_admin_log" VALUES(33,'1','ActionPicture object',3,'',8,7,'2016-12-09 11:54:43.534102');
INSERT INTO "django_admin_log" VALUES(34,'1','https://docs.google.com/spreadsheets/d/1cjYM-DwbMo6xMMD8-0NQMQUjYpGTtQ0wLVtP2fsXWp8/edit#gid=1797085997',3,'',9,7,'2016-12-09 11:54:55.343652');
INSERT INTO "django_admin_log" VALUES(35,'1','Tự nấu ăn một bữa cơm ngon cho mẹ.',2,'Changed firstPicture.',11,7,'2016-12-09 11:55:23.722142');
INSERT INTO "django_admin_log" VALUES(36,'2','https://www.dienmayxanh.com/kinh-nghiem-hay/cach-nau-com-ngon-tu-noi-com-dien-534322',1,'Added.',9,7,'2016-12-09 12:25:44.007855');
INSERT INTO "django_admin_log" VALUES(37,'3','Chuẩn bị những phong bao lì xì may mắn ngày Tết',1,'Added.',11,2,'2016-12-09 13:00:27.024822');
INSERT INTO "django_admin_log" VALUES(38,'3','Chuẩn bị những phong bao lì xì may mắn ngày Tết',2,'Changed firstPicture.',11,2,'2016-12-09 13:01:50.174193');
INSERT INTO "django_admin_log" VALUES(39,'4','Tết năm nay bạn đã có những dự định gì cho bản thân và gia đình rồi?',1,'Added.',11,8,'2016-12-09 13:06:10.989121');
INSERT INTO "django_admin_log" VALUES(40,'5','Tết năm nay bạn đã có những dự định gì cho bản thân và gia đình rồi?',1,'Added.',11,8,'2016-12-09 13:06:11.463645');
INSERT INTO "django_admin_log" VALUES(41,'6','Tết năm nay bạn đã có những dự định gì cho bản thân và gia đình rồi?',1,'Added.',11,8,'2016-12-09 13:06:14.390993');
INSERT INTO "django_admin_log" VALUES(42,'6','Tết năm nay bạn đã có những dự định gì cho bản thân và gia đình rồi?',2,'No fields changed.',11,8,'2016-12-09 13:06:36.192754');
INSERT INTO "django_admin_log" VALUES(43,'7','test',1,'Added.',11,7,'2016-12-09 13:23:27.951649');
INSERT INTO "django_admin_log" VALUES(44,'7','test',3,'',11,7,'2016-12-09 13:23:39.460438');
INSERT INTO "django_admin_log" VALUES(45,'6','Tết năm nay bạn đã có những dự định gì cho bản thân và gia đình rồi?',2,'Changed content.',11,8,'2016-12-09 13:38:07.431541');
INSERT INTO "django_admin_log" VALUES(46,'6','Tết năm nay bạn đã có những dự định gì cho bản thân và gia đình rồi?',2,'Changed content.',11,8,'2016-12-09 13:38:34.303955');
INSERT INTO "django_admin_log" VALUES(47,'5','Tết năm nay bạn đã có những dự định gì cho bản thân và gia đình rồi?',2,'Changed content.',11,8,'2016-12-09 13:38:50.011228');
INSERT INTO "django_admin_log" VALUES(48,'4','Tết năm nay bạn đã có những dự định gì cho bản thân và gia đình rồi?',2,'Changed content.',11,8,'2016-12-09 13:40:43.883684');
INSERT INTO "django_admin_log" VALUES(49,'6','Tết năm nay bạn đã có những dự định gì cho bản thân và gia đình rồi?',2,'Changed content.',11,8,'2016-12-09 13:41:28.766557');
INSERT INTO "django_admin_log" VALUES(50,'5','Tết năm nay bạn đã có những dự định gì cho bản thân và gia đình rồi?',2,'Changed content.',11,8,'2016-12-09 13:41:35.695422');
INSERT INTO "django_admin_log" VALUES(51,'6','Tết năm nay bạn đã có những dự định gì cho bản thân và gia đình rồi?',3,'',11,7,'2016-12-09 13:41:37.415084');
INSERT INTO "django_admin_log" VALUES(52,'5','Tết năm nay bạn đã có những dự định gì cho bản thân và gia đình rồi?',3,'',11,7,'2016-12-09 13:41:49.134711');
INSERT INTO "django_admin_log" VALUES(53,'2','khanhph',2,'Changed is_superuser.',4,7,'2016-12-09 13:42:53.449501');
INSERT INTO "django_admin_log" VALUES(54,'8','sonpdh',2,'Changed is_superuser.',4,7,'2016-12-09 13:43:08.448116');
INSERT INTO "django_admin_log" VALUES(55,'2','Bạn có biết là để chuẩn bị một cành đào chơi tết phải công phu như thế nào chưa?',3,'',11,2,'2016-12-09 13:43:53.044404');
INSERT INTO "django_admin_log" VALUES(56,'1','Tự nấu ăn một bữa cơm ngon cho mẹ.',3,'',11,8,'2016-12-09 13:45:54.979711');
INSERT INTO "django_admin_log" VALUES(57,'4','Tết năm nay bạn đã có những dự định gì cho bản thân và gia đình rồi?',2,'Changed content.',11,8,'2016-12-09 13:53:12.246864');
INSERT INTO "django_admin_log" VALUES(58,'4','Tết năm nay bạn đã có những dự định gì cho bản thân và gia đình rồi?',2,'Changed firstPicture.',11,8,'2016-12-09 13:53:49.226346');
INSERT INTO "django_admin_log" VALUES(59,'8','Cắt tóc đón năm mới',1,'Added.',11,2,'2016-12-09 14:03:11.537616');
INSERT INTO "django_admin_log" VALUES(60,'9','Tự mình chuẩn bị một bình hoa đẹp',1,'Added.',11,10,'2016-12-09 14:03:40.111162');
INSERT INTO "django_admin_log" VALUES(61,'10','Đầu năm mới bạn đã đi  lễ chùa cầu an cho bản thân và gia đình chưa?',1,'Added.',11,8,'2016-12-09 14:09:32.518949');
INSERT INTO "django_admin_log" VALUES(62,'11','Nếu có ghé qua các đền chùa vào dịp tết, đừng quên xin một quẻ bói xem tử vi của năm mới',1,'Added.',11,8,'2016-12-09 14:22:24.573659');
INSERT INTO "django_admin_log" VALUES(63,'11','Nếu có ghé qua các đền chùa vào dịp tết, đừng quên xin một quẻ bói xem tử vi của năm mới',2,'No fields changed.',11,8,'2016-12-09 14:22:41.405295');
INSERT INTO "django_admin_log" VALUES(64,'8','Cắt tóc đón năm mới',2,'Changed startDate, endDate and firstPicture.',11,2,'2016-12-09 14:23:49.126966');
INSERT INTO "django_admin_log" VALUES(65,'12','Sắm cây quất ngày Tết',1,'Added.',11,10,'2016-12-09 14:34:54.106405');
INSERT INTO "django_admin_log" VALUES(66,'9','Tự mình chuẩn bị một bình hoa đẹp',2,'Changed content.',11,10,'2016-12-09 14:37:41.391916');
INSERT INTO "django_admin_log" VALUES(67,'13','Tết này chọn Đào nào đây !!!???',1,'Added.',11,11,'2016-12-09 14:38:15.972878');
INSERT INTO "django_admin_log" VALUES(68,'13','Tết này chọn Đào nào đây !!!???',2,'Changed firstPicture.',11,11,'2016-12-09 14:39:26.751690');
INSERT INTO "django_admin_log" VALUES(69,'14','Mọi người sẽ rất bất ngờ khi nhận được lời chúc viết tay của bạn đó',1,'Added.',11,8,'2016-12-09 14:43:07.608849');
INSERT INTO "django_admin_log" VALUES(70,'15','Mọi người sẽ rất bất ngờ khi nhận được lời chúc viết tay của bạn đó',1,'Added.',11,8,'2016-12-09 14:43:09.818798');
INSERT INTO "django_admin_log" VALUES(71,'15','Mọi người sẽ rất bất ngờ khi nhận được lời chúc viết tay của bạn đó',2,'Changed firstPicture.',11,8,'2016-12-09 14:43:21.748246');
INSERT INTO "django_admin_log" VALUES(72,'15','Mọi người sẽ rất bất ngờ khi nhận được lời chúc viết tay của bạn đó',2,'Changed firstPicture.',11,8,'2016-12-09 14:43:44.136069');
INSERT INTO "django_admin_log" VALUES(73,'14','Mọi người sẽ rất bất ngờ khi nhận được lời chúc viết tay của bạn đó',3,'',11,8,'2016-12-09 14:43:57.125038');
INSERT INTO "django_admin_log" VALUES(74,'16','Có một buổi liên hoan nhỏ đầm ấm đón chờ khoảnh khẳn giao thừa',1,'Added.',11,8,'2016-12-09 14:51:24.330584');
INSERT INTO "django_admin_log" VALUES(75,'17','Mình còn mừng tuổi ông bà được bao nhiêu lần nữa vậy ba?',1,'Added.',11,11,'2016-12-09 14:59:35.583428');
INSERT INTO "django_admin_log" VALUES(76,'18','Gửi những lời chúc chân thành đên cha mẹ',1,'Added.',11,8,'2016-12-09 15:00:50.166644');
INSERT INTO "django_admin_log" VALUES(77,'19','Tạo một căn nhà tràn ngập màu sắc với đèn và bóng nháy',1,'Added.',11,10,'2016-12-09 15:18:21.294726');
INSERT INTO "django_admin_log" VALUES(78,'20','Trông nồi bánh chưng ngày Tết',1,'Added.',11,2,'2016-12-09 15:19:50.235547');
INSERT INTO "django_admin_log" VALUES(79,'18','Gửi những lời chúc chân thành đến cha mẹ',2,'Changed title.',11,2,'2016-12-09 15:20:33.768075');
INSERT INTO "django_admin_log" VALUES(80,'19','Tạo một căn nhà tràn ngập màu sắc với đèn và bóng nháy',2,'Changed firstPicture.',11,10,'2016-12-09 15:21:34.319076');
INSERT INTO "django_admin_log" VALUES(81,'21','"Mồng ba tết thầy"',1,'Added.',11,8,'2016-12-09 15:24:46.535065');
INSERT INTO "django_admin_log" VALUES(82,'22','Tiễn chân ông táo về trời',1,'Added.',11,8,'2016-12-09 15:29:46.043607');
INSERT INTO "django_admin_log" VALUES(83,'23','Gia đình bạn đã nhờ ai xông nhà tết năm nay chưa?',1,'Added.',11,8,'2016-12-09 15:33:54.275770');
INSERT INTO "django_admin_log" VALUES(84,'24','Đêm nay khai bút đầu năm, Cầu cho năm mới phơi phới điều may',1,'Added.',11,11,'2016-12-09 15:36:56.025159');
INSERT INTO "django_admin_log" VALUES(85,'25','Đưa mẹ đi chợ ngày Tết',1,'Added.',11,2,'2016-12-09 15:41:41.026374');
INSERT INTO "django_admin_log" VALUES(86,'26','Bạn đã thử mời một người bạn ngoại quốc về ăn tết Việt chưa?',1,'Added.',11,8,'2016-12-09 15:45:12.764880');
INSERT INTO "django_admin_log" VALUES(87,'27','Treo ảnh gia đình đón mừng năm mới',1,'Added.',11,2,'2016-12-09 16:04:57.925846');
INSERT INTO "django_admin_log" VALUES(88,'28','Em yêu !!! Tết này mình đi cầu duyên !',1,'Added.',11,11,'2016-12-09 16:17:01.599199');
INSERT INTO "django_admin_log" VALUES(89,'29','Đừng quên lập mục tiêu cho năm mới nhé',1,'Added.',11,11,'2016-12-09 16:39:55.887089');
INSERT INTO "django_admin_log" VALUES(90,'30','Mừng tuổi bố mẹ đêm giao thừa',1,'Added.',11,8,'2016-12-10 01:40:03.963360');
INSERT INTO "django_admin_log" VALUES(91,'31','Ra chợ bán hoa những ngày trước Tết',1,'Added.',11,8,'2016-12-10 01:43:06.978874');
INSERT INTO "django_admin_log" VALUES(92,'32','Mua sách đầu năm',1,'Added.',11,2,'2016-12-10 02:29:38.537076');
INSERT INTO "django_admin_log" VALUES(93,'33','Cùng bạn bè tham gia một trận thể thao khai xuân đầu năm',1,'Added.',11,8,'2016-12-10 02:42:55.989146');
INSERT INTO "django_admin_log" VALUES(94,'34','Hát cho cả nhà nghe đêm giao thừa',1,'Added.',11,2,'2016-12-10 02:46:18.640387');
INSERT INTO "django_admin_log" VALUES(95,'35','Hóa vàng ngày tết bên gia đình',1,'Added.',11,8,'2016-12-10 02:52:47.267429');
INSERT INTO "django_admin_log" VALUES(96,'30','Phong bì nhỏ, bỏ vào bao, trao người lớn',2,'Changed title and content.',11,8,'2016-12-10 07:09:21.503863');
INSERT INTO "django_admin_log" VALUES(97,'31','Góp những nhành hoa Xuân làm đẹp cho đời',2,'Changed title and content.',11,8,'2016-12-10 07:11:29.388722');
INSERT INTO "django_admin_log" VALUES(98,'31','Bạn đã bao giờ kinh doanh hoa vào dịp tết chưa?',2,'Changed title.',11,8,'2016-12-10 07:12:26.036967');
INSERT INTO "django_admin_log" VALUES(99,'36','Chia sẻ những bức ảnh tết trên quê hương mình với bạn bè',1,'Added.',11,8,'2016-12-10 07:19:25.865490');
INSERT INTO "django_admin_log" VALUES(100,'37','Tự tay làm lịch Tết đón năm mới',1,'Added.',11,2,'2016-12-10 07:34:51.823321');
INSERT INTO "django_admin_log" VALUES(101,'38','Cùng người yêu đi du xuân, lễ hội cầu may',1,'Added.',11,8,'2016-12-10 07:37:03.179870');
INSERT INTO "django_admin_log" VALUES(102,'39','Dành chút khoảng riêng ngày tết cho bản thân tự do làm những gì mình thích',1,'Added.',11,8,'2016-12-10 07:47:59.632506');
INSERT INTO "django_admin_log" VALUES(103,'40','Bạn đã biết mình sẽ mặc gì vào những ngày đầu xuân chưa?',1,'Added.',11,8,'2016-12-10 07:52:45.911738');
INSERT INTO "django_admin_log" VALUES(104,'41','Bạn đã biết mình sẽ mặc gì vào những ngày đầu xuân chưa?',1,'Added.',11,8,'2016-12-10 07:52:47.461301');
INSERT INTO "django_admin_log" VALUES(105,'40','Bạn đã biết mình sẽ mặc gì vào những ngày đầu xuân chưa?',3,'',11,8,'2016-12-10 08:04:21.060280');
INSERT INTO "django_admin_log" VALUES(106,'41','Bạn đã biết mình sẽ mặc gì vào những ngày đầu xuân chưa?',2,'No fields changed.',11,8,'2016-12-10 08:05:10.256751');
INSERT INTO "django_admin_log" VALUES(107,'42','Đi chợ hoa ngày Tết',1,'Added.',11,2,'2016-12-10 08:06:33.497363');
INSERT INTO "django_admin_log" VALUES(108,'43','Một chuyến đi chơi xa ngày tết cùng đám bạn cũ',1,'Added.',11,10,'2016-12-10 08:10:31.627652');
INSERT INTO "django_admin_log" VALUES(109,'44','Tập tành kinh doanh ngày tết',1,'Added.',11,10,'2016-12-10 08:26:04.894566');
INSERT INTO "django_admin_log" VALUES(110,'45','Đi từ thiện vùng cao dịp giáp Tết',1,'Added.',11,2,'2016-12-10 08:53:27.251633');
INSERT INTO "django_admin_log" VALUES(111,'46','Chụp ảnh đại gia đình vào năm mới',1,'Added.',11,10,'2016-12-10 08:53:32.340040');
INSERT INTO "django_admin_log" VALUES(112,'47','Ngắm nhìn phố phường ngày tết vào buổi sáng sớm',1,'Added.',11,8,'2016-12-10 08:56:16.773157');
INSERT INTO "django_admin_log" VALUES(113,'48','Nhắn tin "Tết này con không về" thử phản ứng bố mẹ',1,'Added.',11,2,'2016-12-10 09:08:52.532277');
INSERT INTO "django_admin_log" VALUES(114,'49','Lên thực đơn chuẩn bị các món ăn ngày tết',1,'Added.',11,8,'2016-12-10 09:11:45.573750');
INSERT INTO "django_admin_log" VALUES(115,'50','Xem lại những bộ phim tết mà bạn không may bỏ lỡ',1,'Added.',11,8,'2016-12-10 09:14:49.605625');
INSERT INTO "django_admin_log" VALUES(116,'51','Tám chuyện về những chuyện ngày tết với lũ bạn',1,'Added.',11,8,'2016-12-10 09:22:23.711513');
INSERT INTO "django_admin_log" VALUES(117,'52','Đi du lịch Sapa cùng gia đình ngày Tết',1,'Added.',11,2,'2016-12-10 09:27:41.271453');
INSERT INTO "django_admin_log" VALUES(118,'53','Cùng gia đình đi lễ chùa đầu năm',1,'Added.',11,8,'2016-12-10 09:35:28.162091');
INSERT INTO "django_admin_log" VALUES(119,'54','Chụp một album bản thân ngày tết',1,'Added.',11,10,'2016-12-10 09:40:01.944155');
INSERT INTO "django_admin_log" VALUES(120,'55','',1,'Added.',11,2,'2016-12-10 09:50:19.975013');
INSERT INTO "django_admin_log" VALUES(121,'56','Nấu thịt đông ngày tết',1,'Added.',11,10,'2016-12-10 09:57:33.033443');
INSERT INTO "django_admin_log" VALUES(122,'57','Xem lại những hình ảnh hay những video của bạn trong năm vừa qua',1,'Added.',11,8,'2016-12-10 10:03:46.892145');
INSERT INTO "django_admin_log" VALUES(123,'58','Ngược thời gian về, tim hiểu về Tết thời bao cấp',1,'Added.',11,2,'2016-12-10 10:12:40.356545');
INSERT INTO "django_admin_log" VALUES(124,'59','Dọn bàn thờ trước ngày đưa ông Táo về chầu trời',1,'Added.',11,8,'2016-12-10 10:19:44.794321');
INSERT INTO "django_admin_log" VALUES(125,'60','Dọn bàn thờ trước ngày đưa ông Táo về chầu trời',1,'Added.',11,8,'2016-12-10 10:19:51.098566');
INSERT INTO "django_admin_log" VALUES(126,'55','',3,'',11,2,'2016-12-10 11:09:36.099353');
INSERT INTO "django_admin_log" VALUES(127,'59','Dọn bàn thờ trước ngày đưa ông Táo về chầu trời',3,'',11,8,'2016-12-10 13:20:49.879973');
INSERT INTO "django_admin_log" VALUES(128,'60','Mua đồ thờ và quần áo lễ chuẩn bị tiễn ông Táo',2,'Changed title and firstPicture.',11,8,'2016-12-10 13:25:00.465041');
INSERT INTO "django_admin_log" VALUES(129,'61','Chọn những cá chép thật khỏe mạnh để hộ tống ông Táo về trời',1,'Added.',11,8,'2016-12-10 13:30:20.944052');
INSERT INTO "django_admin_log" VALUES(130,'62','Bạn có biết về văn khấn ông Táo về trời chưa?',1,'Added.',11,8,'2016-12-10 13:36:36.639820');
INSERT INTO "django_admin_log" VALUES(131,'63','Sưu tập một vài đồng tiền xu cổ lấy may đầu năm',1,'Added.',11,2,'2016-12-10 13:37:47.030800');
INSERT INTO "django_admin_log" VALUES(132,'64','Muối dưa hành ngày tết',1,'Added.',11,10,'2016-12-10 13:39:58.764477');
INSERT INTO "django_admin_log" VALUES(133,'65','Tắm rửa "con chiến mã" đã đồng hành một năm cùng bạn',1,'Added.',11,8,'2016-12-10 13:44:15.476438');
INSERT INTO "django_admin_log" VALUES(134,'66','Tắm rửa "con chiến mã" đã đồng hành một năm cùng bạn',1,'Added.',11,8,'2016-12-10 13:44:17.013838');
INSERT INTO "django_admin_log" VALUES(135,'65','Tắm rửa "con chiến mã" đã đồng hành một năm cùng bạn',3,'',11,8,'2016-12-10 13:44:29.289397');
INSERT INTO "django_admin_log" VALUES(136,'67','Bạn đã có kế hoạch kinh doanh tết này chưa ???',1,'Added.',11,11,'2016-12-10 13:45:06.869280');
INSERT INTO "django_admin_log" VALUES(137,'68','không được đỗ rác những ngày đầu năm mới',1,'Added.',11,10,'2016-12-10 13:48:33.643642');
INSERT INTO "django_admin_log" VALUES(138,'69','Dọn dẹp nhà cửa sẵn sàng đón chào tết đến',1,'Added.',11,8,'2016-12-10 13:51:01.630336');
INSERT INTO "django_admin_log" VALUES(139,'70','Ý nghĩa tục phóng sinh cá ngày Tết ông Công ông Táo',1,'Added.',11,10,'2016-12-10 13:55:36.506897');
INSERT INTO "django_admin_log" VALUES(140,'71','Tảo mộ, một cách nhớ về tổ tiên nhân dịp tết đến xuân về',1,'Added.',11,10,'2016-12-10 14:04:38.277131');
INSERT INTO "django_admin_log" VALUES(141,'72','Quay video gửi lời chúc tết của toàn gia đình đến những ai xa nhà',1,'Added.',11,8,'2016-12-10 14:05:42.016915');
INSERT INTO "django_admin_log" VALUES(142,'73','Tết này con gói bánh chưng cùng bố !!!',1,'Added.',11,11,'2016-12-10 14:07:29.930955');
INSERT INTO "django_admin_log" VALUES(143,'74','Thay ảnh đại diện và ảnh bìa facebook chào đón năm mới',1,'Added.',11,2,'2016-12-10 14:09:15.039378');
INSERT INTO "django_admin_log" VALUES(144,'75','Chia tay những vật dụng đã lâu không còn sử dụng',1,'Added.',11,8,'2016-12-10 14:12:02.500785');
INSERT INTO "django_admin_log" VALUES(145,'75','Chia tay những vật dụng đã lâu không còn sử dụng',2,'Changed firstPicture.',11,8,'2016-12-10 14:12:28.827026');
INSERT INTO "django_admin_log" VALUES(146,'76','Hãy làm tết ấm áp với những lời cảm ơn dành cho nhau',1,'Added.',11,10,'2016-12-10 14:25:45.682894');
INSERT INTO "django_admin_log" VALUES(147,'77','Tắm nước lá hoa mùi chiều cuối năm.',1,'Added.',11,2,'2016-12-10 14:26:33.333108');
INSERT INTO "django_admin_log" VALUES(148,'78','Chuẩn bị những cây đào, cây quất đẹp nhất đón xuân',1,'Added.',11,8,'2016-12-10 14:26:51.595684');
INSERT INTO "django_admin_log" VALUES(149,'79','Giao thừa năm nay mình hôn nhau nhé!',1,'Added.',11,2,'2016-12-10 14:35:35.838465');
INSERT INTO "django_admin_log" VALUES(150,'80','Hình như mình chưa đi xem bói bao giờ !',1,'Added.',11,11,'2016-12-10 14:36:33.912711');
INSERT INTO "django_admin_log" VALUES(151,'81','Thả đèn hoa đăng đầu năm mới',1,'Added.',11,2,'2016-12-10 14:55:09.114403');
INSERT INTO "django_admin_log" VALUES(152,'82','Làm thiệp handmade chúc mừng năm mới',1,'Added.',11,2,'2016-12-10 15:15:54.913674');
INSERT INTO "django_admin_log" VALUES(153,'83','Ồ!!! Quên mất chưa xem tử vi năm này!',1,'Added.',11,11,'2016-12-10 15:16:13.050888');
INSERT INTO "django_admin_log" VALUES(154,'84','Xem Táo Quân tối 30 Tết cùng gia đình',1,'Added.',11,2,'2016-12-10 15:36:15.583771');
INSERT INTO "django_admin_log" VALUES(155,'85','BÁNH CHƯNG RÁN',1,'Added.',11,8,'2016-12-10 15:36:33.261473');
INSERT INTO "django_admin_log" VALUES(156,'86','Tết này! đổi Đô la mừng tuổi cho chất nhé !',1,'Added.',11,11,'2016-12-10 15:37:36.333976');
INSERT INTO "django_admin_log" VALUES(157,'87','Tút lại nhan sắc để xuân ngập tràn',1,'Added.',11,10,'2016-12-10 15:38:42.030240');
INSERT INTO "django_admin_log" VALUES(158,'88','KISS BEAR ĐÊM GIAO THỪA NGỌT NGÀO ĐÊM GIAO THỪA,.. bạn đã thử chưa? :D',1,'Added.',11,8,'2016-12-10 15:39:01.310298');
INSERT INTO "django_admin_log" VALUES(159,'89','ĐI PHƯỢT CUỐI NĂM',1,'Added.',11,8,'2016-12-10 15:40:47.316632');
INSERT INTO "django_admin_log" VALUES(160,'90','Xem múa Lân ngày Tết',1,'Added.',11,10,'2016-12-10 15:50:46.119074');
INSERT INTO "django_admin_log" VALUES(161,'91','Bạn nghĩ sao, tết này thuê một cô bạn gái !',1,'Added.',11,11,'2016-12-10 15:53:13.309221');
INSERT INTO "django_admin_log" VALUES(162,'92','Mặc quần lót đỏ lấy hên cả năm',1,'Added.',11,10,'2016-12-10 16:03:26.699447');
INSERT INTO "django_admin_log" VALUES(163,'93','Làm bao lì xì handmade độc đáo đón Tết',1,'Added.',11,2,'2016-12-10 16:05:00.620053');
INSERT INTO "django_admin_log" VALUES(164,'94','Một phong cách thời trang mới cho năm này !',1,'Added.',11,11,'2016-12-10 16:18:19.846935');
INSERT INTO "django_admin_log" VALUES(165,'95','Lên lịch gửi tin nhắn trước tới bạn bè năm mới !',1,'Added.',11,11,'2016-12-10 16:31:24.304851');
INSERT INTO "django_admin_log" VALUES(166,'96','Cúng Tất niên',1,'Added.',11,2,'2016-12-10 16:37:52.647228');
INSERT INTO "django_admin_log" VALUES(167,'97','Đưng quên đang một status thật độc đáo lên FB ngay khi năm mới sang',1,'Added.',11,11,'2016-12-10 16:42:02.161021');
INSERT INTO "django_admin_log" VALUES(168,'98','Đã bao lâu rồi bạn chưa nói lời yêu cha mẹ?',1,'Added.',11,11,'2016-12-10 17:04:11.858934');
INSERT INTO "django_admin_log" VALUES(169,'99','Đã bao lâu rồi bạn chưa nói lời yêu cha mẹ?',1,'Added.',11,11,'2016-12-10 17:04:12.154853');
INSERT INTO "django_admin_log" VALUES(170,'100','Ngày tết hồi tưởng ký ức xưa, ngắm chùm ảnh "Xe đạp, hồi ấy..."',1,'Added.',11,2,'2016-12-10 17:05:17.161881');
INSERT INTO "django_admin_log" VALUES(171,'101','Tuyệt chiêu ra mắt gia đình người yêu tết năm nay !!!',1,'Added.',11,11,'2016-12-10 17:12:02.977244');
INSERT INTO "django_admin_log" VALUES(172,'102','Tết này ta đi hội chợ quê !!!',1,'Added.',11,11,'2016-12-10 17:35:42.009497');
INSERT INTO "django_admin_log" VALUES(173,'103','Lang thang, ngắm đường phố những ngày giáp Tết một mình',1,'Added.',11,2,'2016-12-10 17:46:07.930117');
INSERT INTO "django_admin_log" VALUES(174,'103','Lang thang, ngắm đường phố những ngày giáp Tết một mình',2,'Changed content.',11,2,'2016-12-10 17:53:02.944184');
INSERT INTO "django_admin_log" VALUES(175,'104','Đêm giao thừa! Hãy gọi cho người thầy bạn yêu quý!',1,'Added.',11,11,'2016-12-10 18:06:18.856495');
INSERT INTO "django_admin_log" VALUES(176,'105','Đừng quên tết này bạn phải mua một đôi giày mới !!!',1,'Added.',11,11,'2016-12-10 18:22:48.350816');
INSERT INTO "django_admin_log" VALUES(177,'105','Đừng quên tết này bạn phải mua một đôi giày mới !!!',2,'Changed content and firstPicture.',11,11,'2016-12-10 18:30:37.286486');
INSERT INTO "django_admin_log" VALUES(178,'106','Viết nhật kí những ngày Tết',1,'Added.',11,2,'2016-12-10 18:49:19.974633');
INSERT INTO "django_admin_log" VALUES(179,'107','Tết năm nay tao sẽ về nhà mày chơi!',1,'Added.',11,11,'2016-12-10 19:14:33.082908');
INSERT INTO "django_admin_log" VALUES(180,'108','Làm bài thơ chúc tết ông bà!',1,'Added.',11,11,'2016-12-10 19:20:17.167974');
INSERT INTO "django_admin_log" VALUES(181,'109','Mua một cuốn sách bạn tâm đắc nhất đầu năm mới !',1,'Added.',11,11,'2016-12-10 19:49:58.300393');
INSERT INTO "django_admin_log" VALUES(182,'110','Tự tay làm mứt ngày tết',1,'Added.',11,11,'2016-12-10 20:01:00.728326');
INSERT INTO "django_admin_log" VALUES(183,'111','Bán muối đêm giao thừa',1,'Added.',11,11,'2016-12-10 20:10:01.370842');
INSERT INTO "django_admin_log" VALUES(184,'111','Bán muối đêm giao thừa',2,'Changed content.',11,11,'2016-12-10 20:11:36.882331');
INSERT INTO "django_admin_log" VALUES(185,'112','Đỗ xăng Full bình thoải mái chơi tết',1,'Added.',11,11,'2016-12-10 20:19:16.482186');
INSERT INTO "django_admin_log" VALUES(186,'113','',1,'Added.',11,10,'2016-12-11 00:59:11.140221');
INSERT INTO "django_admin_log" VALUES(187,'13','vonhan',1,'Added.',4,8,'2016-12-11 00:59:31.855061');
INSERT INTO "django_admin_log" VALUES(188,'13','vonhan',2,'Changed is_staff and is_superuser.',4,8,'2016-12-11 01:00:05.282999');
INSERT INTO "django_admin_log" VALUES(189,'114','Bạn đã có một bức tranh hoa đào treo tường ưng ý để trưng tết chưa?',1,'Added.',11,8,'2016-12-11 01:48:37.425501');
INSERT INTO "django_admin_log" VALUES(190,'115','Một mâm ngũ quả tuyệt vời sẽ đem lại tài lộc năm mới cho gia đình bạn đó',1,'Added.',11,8,'2016-12-11 01:51:00.631412');
INSERT INTO "django_admin_log" VALUES(191,'113','',3,'',11,2,'2016-12-11 01:52:00.720244');
INSERT INTO "django_admin_log" VALUES(192,'115','Một mâm ngũ quả tuyệt vời sẽ đem lại tài lộc năm mới cho gia đình bạn đó',2,'Changed firstPicture.',11,8,'2016-12-11 01:52:20.107359');
INSERT INTO "django_admin_log" VALUES(193,'116','Thêm những hoa tươi sắc trên bàn thờ tết',1,'Added.',11,8,'2016-12-11 01:58:49.088395');
INSERT INTO "django_admin_log" VALUES(194,'70','Ý nghĩa tục phóng sinh cá ngày Tết ông Công ông Táo',2,'Changed content.',11,2,'2016-12-11 02:01:50.623838');
INSERT INTO "django_admin_log" VALUES(195,'97','Đừng quên đang một status thật độc đáo lên FB ngay khi năm mới sang',2,'Changed title and content.',11,2,'2016-12-11 02:08:05.270250');
INSERT INTO "django_admin_log" VALUES(196,'68','Không được đỗ rác những ngày đầu năm mới',2,'Changed title.',11,8,'2016-12-11 02:18:34.880639');
INSERT INTO "django_admin_log" VALUES(197,'88','KISS BEAR ĐÊM GIAO THỪA NGỌT NGÀO ĐÊM GIAO THỪA,.. bạn đã thử chưa? :D',2,'Changed content.',11,8,'2016-12-11 02:27:38.533725');
INSERT INTO "django_admin_log" VALUES(198,'88','KISS BEAR ĐÊM GIAO THỪA NGỌT NGÀO ĐÊM GIAO THỪA,.. bạn đã thử chưa? :D',2,'Changed content.',11,8,'2016-12-11 02:28:45.203098');
INSERT INTO "django_admin_log" VALUES(199,'95','Lên lịch gửi tin nhắn trước tới bạn bè năm mới!',2,'Changed title and content.',11,2,'2016-12-11 02:49:14.244960');
INSERT INTO "django_admin_log" VALUES(200,'115','Một mâm ngũ quả tuyệt vời sẽ đem lại tài lộc năm mới cho gia đình bạn đó',2,'Changed content.',11,8,'2016-12-11 02:51:13.172199');
INSERT INTO "django_admin_log" VALUES(201,'116','Thêm những hoa tươi sắc trên bàn thờ tết',2,'Changed content.',11,8,'2016-12-11 02:53:20.464300');
INSERT INTO "django_admin_log" VALUES(202,'117','Dành thời gian làm mới những đôi giày của mình',1,'Added.',11,8,'2016-12-11 03:13:34.859960');
INSERT INTO "django_admin_log" VALUES(203,'14','namtest',1,'Added.',4,7,'2016-12-11 04:59:59.518290');
INSERT INTO "django_admin_log" VALUES(204,'14','namtest',2,'Changed is_staff, groups and user_permissions.',4,7,'2016-12-11 05:00:25.841573');
INSERT INTO "django_admin_log" VALUES(205,'118','ád',1,'Added.',11,2,'2016-12-11 05:28:43.781401');
INSERT INTO "django_admin_log" VALUES(206,'118','ád',3,'',11,2,'2016-12-11 05:40:01.817419');
INSERT INTO "django_admin_log" VALUES(207,'3','Chuẩn bị những phong bao lì xì may mắn ngày Tết',2,'Changed author.',11,2,'2016-12-11 05:41:05.097654');
INSERT INTO "django_admin_log" VALUES(208,'79','Giao thừa năm nay mình hôn nhau nhé!',2,'Changed author.',11,2,'2016-12-11 05:43:23.341518');
INSERT INTO "django_admin_log" VALUES(209,'8','Cắt tóc đón năm mới',2,'Changed author.',11,2,'2016-12-11 05:43:28.877119');
INSERT INTO "django_admin_log" VALUES(210,'20','Trông nồi bánh chưng ngày Tết',2,'Changed author.',11,2,'2016-12-11 05:43:43.581658');
INSERT INTO "django_admin_log" VALUES(211,'25','Đưa mẹ đi chợ ngày Tết',2,'Changed author.',11,2,'2016-12-11 05:43:51.436209');
INSERT INTO "django_admin_log" VALUES(212,'27','Treo ảnh gia đình đón mừng năm mới',2,'Changed author.',11,2,'2016-12-11 05:59:26.350039');
INSERT INTO "django_admin_log" VALUES(213,'32','Mua sách đầu năm',2,'Changed author.',11,2,'2016-12-11 05:59:32.944498');
INSERT INTO "django_admin_log" VALUES(214,'34','Hát cho cả nhà nghe đêm giao thừa',2,'Changed author.',11,2,'2016-12-11 05:59:39.171227');
INSERT INTO "django_admin_log" VALUES(215,'37','Tự tay làm lịch Tết đón năm mới',2,'Changed author.',11,2,'2016-12-11 05:59:49.059244');
INSERT INTO "django_admin_log" VALUES(216,'42','Đi chợ hoa ngày Tết',2,'Changed author.',11,2,'2016-12-11 05:59:53.970614');
INSERT INTO "django_admin_log" VALUES(217,'45','Đi từ thiện vùng cao dịp giáp Tết',2,'Changed author.',11,2,'2016-12-11 06:00:40.496145');
INSERT INTO "django_admin_log" VALUES(218,'48','Nhắn tin "Tết này con không về" thử phản ứng bố mẹ',2,'Changed author.',11,2,'2016-12-11 06:01:27.269980');
INSERT INTO "django_admin_log" VALUES(219,'52','Đi du lịch Sapa cùng gia đình ngày Tết',2,'Changed author.',11,2,'2016-12-11 06:01:39.178202');
INSERT INTO "django_admin_log" VALUES(220,'63','Sưu tập một vài đồng tiền xu cổ lấy may đầu năm',2,'Changed author.',11,2,'2016-12-11 06:01:50.437246');
INSERT INTO "django_admin_log" VALUES(221,'74','Thay ảnh đại diện và ảnh bìa facebook chào đón năm mới',2,'Changed author.',11,2,'2016-12-11 06:02:14.638636');
INSERT INTO "django_admin_log" VALUES(222,'77','Tắm nước lá hoa mùi chiều cuối năm.',2,'Changed author.',11,2,'2016-12-11 06:02:35.291054');
INSERT INTO "django_admin_log" VALUES(223,'106','Viết nhật kí những ngày Tết',2,'Changed author.',11,2,'2016-12-11 06:03:46.234295');
INSERT INTO "django_admin_log" VALUES(224,'103','Lang thang, ngắm đường phố những ngày giáp Tết một mình',2,'Changed author.',11,2,'2016-12-11 06:03:54.567172');
INSERT INTO "django_admin_log" VALUES(225,'100','Ngày tết hồi tưởng ký ức xưa, ngắm chùm ảnh "Xe đạp, hồi ấy..."',2,'Changed author.',11,2,'2016-12-11 06:04:09.639550');
INSERT INTO "django_admin_log" VALUES(226,'96','Cúng Tất niên',2,'Changed author.',11,2,'2016-12-11 06:04:23.718729');
INSERT INTO "django_admin_log" VALUES(227,'93','Làm bao lì xì handmade độc đáo đón Tết',2,'Changed author.',11,2,'2016-12-11 06:04:31.876995');
INSERT INTO "django_admin_log" VALUES(228,'117','Dành thời gian làm mới những đôi giày của mình',2,'Changed author.',11,8,'2016-12-11 06:07:14.310295');
INSERT INTO "django_admin_log" VALUES(229,'116','Thêm những hoa tươi sắc trên bàn thờ tết',2,'Changed author.',11,8,'2016-12-11 06:07:35.126042');
INSERT INTO "django_admin_log" VALUES(230,'115','Một mâm ngũ quả tuyệt vời sẽ đem lại tài lộc năm mới cho gia đình bạn đó',2,'Changed author.',11,8,'2016-12-11 06:07:47.379901');
INSERT INTO "django_admin_log" VALUES(231,'114','Bạn đã có một bức tranh hoa đào treo tường ưng ý để trưng tết chưa?',2,'Changed author.',11,8,'2016-12-11 06:07:57.405972');
INSERT INTO "django_admin_log" VALUES(232,'89','ĐI PHƯỢT CUỐI NĂM',2,'Changed author.',11,8,'2016-12-11 06:10:23.769656');
INSERT INTO "django_admin_log" VALUES(233,'88','KISS BEAR ĐÊM GIAO THỪA NGỌT NGÀO ĐÊM GIAO THỪA,.. bạn đã thử chưa? :D',2,'Changed author.',11,8,'2016-12-11 06:10:28.837255');
INSERT INTO "django_admin_log" VALUES(234,'85','BÁNH CHƯNG RÁN',2,'Changed author.',11,8,'2016-12-11 06:10:34.081853');
INSERT INTO "django_admin_log" VALUES(235,'72','Quay video gửi lời chúc tết của toàn gia đình đến những ai xa nhà',2,'Changed author.',11,8,'2016-12-11 06:10:42.109532');
INSERT INTO "django_admin_log" VALUES(236,'69','Dọn dẹp nhà cửa sẵn sàng đón chào tết đến',2,'Changed author.',11,8,'2016-12-11 06:10:46.824833');
INSERT INTO "django_admin_log" VALUES(237,'66','Tắm rửa "con chiến mã" đã đồng hành một năm cùng bạn',2,'Changed author.',11,8,'2016-12-11 06:10:51.454852');
INSERT INTO "django_admin_log" VALUES(238,'64','Muối dưa hành ngày tết',2,'Changed author.',11,8,'2016-12-11 06:12:04.858802');
INSERT INTO "django_admin_log" VALUES(239,'62','Bạn có biết về văn khấn ông Táo về trời chưa?',2,'Changed author.',11,8,'2016-12-11 06:12:15.052425');
INSERT INTO "django_admin_log" VALUES(240,'61','Chọn những cá chép thật khỏe mạnh để hộ tống ông Táo về trời',2,'Changed author.',11,8,'2016-12-11 06:12:19.901225');
INSERT INTO "django_admin_log" VALUES(241,'60','Mua đồ thờ và quần áo lễ chuẩn bị tiễn ông Táo',2,'Changed author.',11,8,'2016-12-11 06:12:24.968519');
INSERT INTO "django_admin_log" VALUES(242,'57','Xem lại những hình ảnh hay những video của bạn trong năm vừa qua',2,'Changed author.',11,8,'2016-12-11 06:12:29.239140');
INSERT INTO "django_admin_log" VALUES(243,'53','Cùng gia đình đi lễ chùa đầu năm',2,'Changed author.',11,8,'2016-12-11 06:12:33.902834');
INSERT INTO "django_admin_log" VALUES(244,'51','Tám chuyện về những chuyện ngày tết với lũ bạn',2,'Changed author.',11,8,'2016-12-11 06:12:47.908407');
INSERT INTO "django_admin_log" VALUES(245,'50','Xem lại những bộ phim tết mà bạn không may bỏ lỡ',2,'Changed author.',11,8,'2016-12-11 06:14:24.684863');
INSERT INTO "django_admin_log" VALUES(246,'4','Tết năm nay bạn đã có những dự định gì cho bản thân và gia đình rồi?',2,'Changed author.',11,8,'2016-12-11 06:14:28.891601');
INSERT INTO "django_admin_log" VALUES(247,'26','Bạn đã thử mời một người bạn ngoại quốc về ăn tết Việt chưa?',2,'Changed author.',11,8,'2016-12-11 06:14:36.356698');
INSERT INTO "django_admin_log" VALUES(248,'30','Phong bì nhỏ, bỏ vào bao, trao người lớn',2,'Changed author.',11,8,'2016-12-11 06:14:41.970957');
INSERT INTO "django_admin_log" VALUES(249,'31','Bạn đã bao giờ kinh doanh hoa vào dịp tết chưa?',2,'Changed author.',11,8,'2016-12-11 06:14:46.297713');
INSERT INTO "django_admin_log" VALUES(250,'33','Cùng bạn bè tham gia một trận thể thao khai xuân đầu năm',2,'Changed author.',11,8,'2016-12-11 06:14:50.199726');
INSERT INTO "django_admin_log" VALUES(251,'35','Hóa vàng ngày tết bên gia đình',2,'Changed author.',11,8,'2016-12-11 06:14:55.876509');
INSERT INTO "django_admin_log" VALUES(252,'38','Cùng người yêu đi du xuân, lễ hội cầu may',2,'Changed author.',11,8,'2016-12-11 06:15:00.224720');
INSERT INTO "django_admin_log" VALUES(253,'39','Dành chút khoảng riêng ngày tết cho bản thân tự do làm những gì mình thích',2,'Changed author.',11,8,'2016-12-11 06:15:04.517714');
INSERT INTO "django_admin_log" VALUES(254,'41','Bạn đã biết mình sẽ mặc gì vào những ngày đầu xuân chưa?',2,'Changed author.',11,8,'2016-12-11 06:15:08.971189');
INSERT INTO "django_admin_log" VALUES(255,'46','Chụp ảnh đại gia đình vào năm mới',2,'Changed author.',11,8,'2016-12-11 06:15:12.764335');
INSERT INTO "django_admin_log" VALUES(256,'47','Ngắm nhìn phố phường ngày tết vào buổi sáng sớm',2,'Changed author.',11,8,'2016-12-11 06:15:16.827337');
INSERT INTO "django_admin_log" VALUES(257,'49','Lên thực đơn chuẩn bị các món ăn ngày tết',2,'Changed author.',11,8,'2016-12-11 06:15:20.365571');
INSERT INTO "django_admin_log" VALUES(258,'22','Tiễn chân ông táo về trời',2,'Changed author.',11,8,'2016-12-11 06:16:23.710569');
INSERT INTO "django_admin_log" VALUES(259,'23','Gia đình bạn đã nhờ ai xông nhà tết năm nay chưa?',2,'Changed author.',11,8,'2016-12-11 06:16:28.492918');
INSERT INTO "django_admin_log" VALUES(260,'15','Mọi người sẽ rất bất ngờ khi nhận được lời chúc viết tay của bạn đó',2,'Changed author.',11,8,'2016-12-11 06:16:34.829643');
INSERT INTO "django_admin_log" VALUES(261,'21','"Mồng ba tết thầy"',2,'Changed author.',11,8,'2016-12-11 06:16:37.560053');
INSERT INTO "django_admin_log" VALUES(262,'10','Đầu năm mới bạn đã đi  lễ chùa cầu an cho bản thân và gia đình chưa?',2,'Changed author.',11,8,'2016-12-11 06:17:34.088279');
INSERT INTO "django_admin_log" VALUES(263,'11','Nếu có ghé qua các đền chùa vào dịp tết, đừng quên xin một quẻ bói xem tử vi của năm mới',2,'Changed author.',11,8,'2016-12-11 06:17:36.320964');
INSERT INTO "django_admin_log" VALUES(264,'4','Tết năm nay bạn đã có những dự định gì cho bản thân và gia đình rồi?',2,'No fields changed.',11,8,'2016-12-11 06:17:37.974179');
INSERT INTO "django_admin_log" VALUES(265,'112','Đổ xăng Full bình thoải mái chơi tết',2,'Changed title, content and author.',11,11,'2016-12-11 06:19:16.195819');
INSERT INTO "django_admin_log" VALUES(266,'111','Bán muối đêm giao thừa',2,'Changed author.',11,11,'2016-12-11 06:19:49.192738');
INSERT INTO "django_admin_log" VALUES(267,'16','Có một buổi liên hoan nhỏ đầm ấm đón chờ khoảnh khẳn giao thừa',2,'Changed author.',11,8,'2016-12-11 06:20:08.368642');
INSERT INTO "django_admin_log" VALUES(268,'110','Tự tay làm mứt ngày tết',2,'Changed firstPicture and author.',11,11,'2016-12-11 06:20:46.328542');
INSERT INTO "django_admin_log" VALUES(269,'109','Mua một cuốn sách bạn tâm đắc nhất đầu năm mới !',2,'Changed author.',11,11,'2016-12-11 06:21:09.986283');
INSERT INTO "django_admin_log" VALUES(270,'18','Gửi những lời chúc chân thành đến cha mẹ',2,'Changed author.',11,8,'2016-12-11 06:21:19.426767');
INSERT INTO "django_admin_log" VALUES(271,'108','Làm bài thơ chúc tết ông bà!',2,'Changed author.',11,11,'2016-12-11 06:22:25.729948');
INSERT INTO "django_admin_log" VALUES(272,'107','Tết năm nay tao sẽ về nhà mày chơi!',2,'Changed author.',11,11,'2016-12-11 06:22:49.607999');
INSERT INTO "django_admin_log" VALUES(273,'105','Đừng quên tết này bạn phải mua một đôi giày mới !!!',2,'Changed author.',11,11,'2016-12-11 06:23:37.033525');
INSERT INTO "django_admin_log" VALUES(274,'104','Đêm giao thừa! Hãy gọi cho người thầy bạn yêu quý!',2,'Changed author.',11,11,'2016-12-11 06:23:57.635384');
INSERT INTO "django_admin_log" VALUES(275,'102','Tết này ta đi hội chợ quê !!!',2,'Changed author.',11,11,'2016-12-11 06:24:51.779764');
INSERT INTO "django_admin_log" VALUES(276,'101','Tuyệt chiêu ra mắt gia đình người yêu tết năm nay !!!',2,'Changed author.',11,11,'2016-12-11 06:25:01.496822');
INSERT INTO "django_admin_log" VALUES(277,'99','Đã bao lâu rồi bạn chưa nói lời yêu cha mẹ?',2,'Changed author.',11,11,'2016-12-11 06:25:09.761193');
INSERT INTO "django_admin_log" VALUES(278,'97','Đừng quên đang một status thật độc đáo lên FB ngay khi năm mới sang',2,'Changed author.',11,11,'2016-12-11 06:25:23.877581');
INSERT INTO "django_admin_log" VALUES(279,'95','Lên lịch gửi tin nhắn trước cho bạn bè năm mới!',2,'Changed title and author.',11,11,'2016-12-11 06:25:53.616239');
INSERT INTO "django_admin_log" VALUES(280,'94','Một phong cách thời trang mới cho năm này !',2,'Changed author.',11,11,'2016-12-11 06:25:58.546820');
INSERT INTO "django_admin_log" VALUES(281,'91','Bạn nghĩ sao, tết này thuê một cô bạn gái !',2,'Changed author.',11,11,'2016-12-11 06:26:05.979100');
INSERT INTO "django_admin_log" VALUES(282,'86','Tết này! đổi Đô la mừng tuổi cho chất nhé !',2,'Changed author.',11,11,'2016-12-11 06:29:19.695821');
INSERT INTO "django_admin_log" VALUES(283,'83','Ồ!!! Quên mất chưa xem tử vi năm này!',2,'Changed author.',11,11,'2016-12-11 06:29:27.093716');
INSERT INTO "django_admin_log" VALUES(284,'80','Hình như mình chưa đi xem bói bao giờ !',2,'Changed author.',11,11,'2016-12-11 06:29:32.441907');
INSERT INTO "django_admin_log" VALUES(285,'73','Tết này con gói bánh chưng cùng bố !!!',2,'Changed author.',11,11,'2016-12-11 06:31:18.356410');
INSERT INTO "django_admin_log" VALUES(286,'67','Bạn đã có kế hoạch kinh doanh tết này chưa ???',2,'Changed author.',11,11,'2016-12-11 06:31:26.776502');
INSERT INTO "django_admin_log" VALUES(287,'29','Đừng quên lập mục tiêu cho năm mới nhé',2,'Changed author.',11,11,'2016-12-11 06:31:35.040776');
INSERT INTO "django_admin_log" VALUES(288,'28','Em yêu !!! Tết này mình đi cầu duyên !',2,'Changed author.',11,11,'2016-12-11 06:31:40.788866');
INSERT INTO "django_admin_log" VALUES(289,'24','Đêm nay khai bút đầu năm, Cầu cho năm mới phơi phới điều may',2,'Changed author.',11,11,'2016-12-11 06:31:49.258817');
INSERT INTO "django_admin_log" VALUES(290,'17','Mình còn mừng tuổi ông bà được bao nhiêu lần nữa vậy ba?',2,'Changed author.',11,11,'2016-12-11 06:31:57.018350');
INSERT INTO "django_admin_log" VALUES(291,'13','Tết này chọn Đào nào đây !!!???',2,'Changed author.',11,11,'2016-12-11 06:32:03.208294');
INSERT INTO "django_admin_log" VALUES(292,'119','Tìm hiểu Tết cổ truyền của các dân tộc Việt Nam',1,'Added.',11,2,'2016-12-11 06:36:35.961369');
INSERT INTO "django_admin_log" VALUES(293,'120','',1,'Added.',11,2,'2016-12-11 06:51:46.381681');
INSERT INTO "django_admin_log" VALUES(294,'121','Nhìn lại chặng đường một năm vừa qua của bản thân',1,'Added.',11,2,'2016-12-11 07:17:06.890431');
INSERT INTO "django_admin_log" VALUES(295,'3','None',3,'',4,7,'2016-12-11 07:21:24.701707');
INSERT INTO "django_admin_log" VALUES(296,'5','abcd',3,'',4,7,'2016-12-11 07:21:24.704586');
INSERT INTO "django_admin_log" VALUES(297,'4','abcdede',3,'',4,7,'2016-12-11 07:21:24.706739');
INSERT INTO "django_admin_log" VALUES(298,'6','abcdefg',3,'',4,7,'2016-12-11 07:21:24.708795');
INSERT INTO "django_admin_log" VALUES(299,'15','crazylifetest',3,'',4,7,'2016-12-11 07:21:24.710958');
INSERT INTO "django_admin_log" VALUES(300,'9','namnp12345',3,'',4,7,'2016-12-11 07:21:46.925650');
INSERT INTO "django_admin_log" VALUES(301,'122','Chụp những tấm ảnh gia đình ngày Tết',1,'Added.',11,2,'2016-12-11 07:33:41.444015');
INSERT INTO "django_admin_log" VALUES(302,'120','',3,'',11,7,'2016-12-11 07:47:01.230408');
INSERT INTO "django_admin_log" VALUES(303,'123','Rửa bát cho mẹ dip Tết',1,'Added.',11,2,'2016-12-11 07:51:42.554845');
INSERT INTO "django_admin_log" VALUES(304,'124','tésss',1,'Added.',11,7,'2016-12-11 07:57:17.604295');
INSERT INTO "django_admin_log" VALUES(305,'124','tésss',3,'',11,7,'2016-12-11 07:57:26.029026');
INSERT INTO "django_admin_log" VALUES(306,'58','Ngược thời gian về, tim hiểu về Tết thời bao cấp',2,'Changed author.',11,7,'2016-12-11 08:04:24.265920');
INSERT INTO "django_admin_log" VALUES(307,'98','Đã bao lâu rồi bạn chưa nói lời yêu cha mẹ?',2,'Changed author.',11,7,'2016-12-11 08:04:37.049527');
INSERT INTO "django_admin_log" VALUES(308,'92','Mặc quần lót đỏ lấy hên cả năm',2,'Changed author.',11,7,'2016-12-11 08:04:55.201677');
INSERT INTO "django_admin_log" VALUES(309,'90','Xem múa Lân ngày Tết',2,'Changed author.',11,7,'2016-12-11 08:05:24.792447');
INSERT INTO "django_admin_log" VALUES(310,'87','Tút lại nhan sắc để xuân ngập tràn',2,'Changed author.',11,7,'2016-12-11 08:05:38.355082');
INSERT INTO "django_admin_log" VALUES(311,'84','Xem Táo Quân tối 30 Tết cùng gia đình',2,'Changed author.',11,7,'2016-12-11 08:05:51.419885');
INSERT INTO "django_admin_log" VALUES(312,'125','Đi chúc Tết thầy cô',1,'Added.',11,2,'2016-12-11 08:07:16.547755');
INSERT INTO "django_admin_log" VALUES(313,'126','Hô biến căn bếp trở nên sáng bóng hơn, tại sao không?',1,'Added.',11,8,'2016-12-11 08:23:06.114916');
INSERT INTO "django_admin_log" VALUES(314,'127','Lung linh lung linh nơi bàn thờ tổ',1,'Added.',11,8,'2016-12-11 08:24:42.977236');
INSERT INTO "django_admin_log" VALUES(315,'126','Hô biến căn bếp trở nên sáng bóng hơn, tại sao không?',2,'Changed firstPicture.',11,8,'2016-12-11 08:25:33.089053');
INSERT INTO "django_admin_log" VALUES(316,'126','Hô biến căn bếp trở nên sáng bóng hơn, tại sao không?',2,'Changed firstPicture.',11,8,'2016-12-11 08:25:44.241596');
INSERT INTO "django_admin_log" VALUES(317,'128','Dọn nhà cửa sạch sẽ đón Tết',1,'Added.',11,2,'2016-12-11 08:30:36.976052');
INSERT INTO "django_admin_log" VALUES(318,'117','Dành thời gian làm mới những đôi giày của mình',2,'Changed content.',11,8,'2016-12-11 08:32:57.361970');
INSERT INTO "django_admin_log" VALUES(319,'88','Trao NỤ HÔN ngọt ngào cho nhau ĐÊM GIAO GIAO THỪ,... bạn đã thử chưa? :D',2,'Changed title.',11,8,'2016-12-11 08:35:09.446777');
INSERT INTO "django_admin_log" VALUES(320,'85','Bánh trưng rán là bánh trưng rán',2,'Changed title.',11,8,'2016-12-11 08:35:30.872887');
INSERT INTO "django_admin_log" VALUES(321,'89','Vi vu phượt đây đó cuối năm',2,'Changed title.',11,8,'2016-12-11 08:36:03.240488');
INSERT INTO "django_admin_log" VALUES(322,'129','Giải trí cuối năm cùng các Vlogger',1,'Added.',11,2,'2016-12-11 08:45:07.468602');
INSERT INTO "django_admin_log" VALUES(323,'130','Chuẩn bị những cây giò ngậy, béo và ngon nhất cho 3 ngày tết',1,'Added.',11,8,'2016-12-11 08:58:53.351379');
INSERT INTO "django_admin_log" VALUES(324,'131','"Thế cháu đã có người yêu chưa?"',1,'Added.',11,8,'2016-12-11 09:06:21.817262');
INSERT INTO "django_admin_log" VALUES(325,'132','Phong tục Tết xưa của người Việt qua tranh dân gian',1,'Added.',11,2,'2016-12-11 09:07:32.945939');
INSERT INTO "django_admin_log" VALUES(326,'133','Năm qua, bạn đã đạt được những mục tiêu nào?',1,'Added.',11,8,'2016-12-11 09:15:28.416041');
INSERT INTO "django_admin_log" VALUES(327,'134','Đốt những que pháo bông chào đón giao thừa',1,'Added.',11,2,'2016-12-11 09:16:31.321110');
INSERT INTO "django_admin_log" VALUES(328,'135','Gửi lời cảm ơn và lời chúc Tết đến những người đã giúp đỡ mình năm qua',1,'Added.',11,8,'2016-12-11 09:17:12.008456');
INSERT INTO "django_admin_log" VALUES(329,'136','Hãy để những ngày Tết là những ngày bếp lửa gia đình bạn luôn đỏ lửa.',1,'Added.',11,8,'2016-12-11 09:19:02.035661');
INSERT INTO "django_admin_log" VALUES(330,'137','Chuẩn bị khay bánh kẹo ngày Tết',1,'Added.',11,8,'2016-12-11 09:20:41.166822');
INSERT INTO "django_admin_log" VALUES(331,'136','Hãy để những ngày Tết là những ngày bếp lửa gia đình bạn luôn đỏ lửa.',2,'Changed content.',11,8,'2016-12-11 09:22:11.629465');
INSERT INTO "django_admin_log" VALUES(332,'138','Một góc nhỏ riêng tôi ngày tết',1,'Added.',11,2,'2016-12-11 09:38:26.427275');
INSERT INTO "django_admin_log" VALUES(333,'139','Sửa sang nhà cửa đón chào xuân về',1,'Added.',11,8,'2016-12-11 09:41:45.126679');
INSERT INTO "django_admin_log" VALUES(334,'140','Cúng rước tổ tiên về nhà ăn tết',1,'Added.',11,8,'2016-12-11 09:47:21.443232');
INSERT INTO "django_admin_log" VALUES(335,'141','Treo những lá cờ Việt Nam đỏ thắm dịp Tết',1,'Added.',11,2,'2016-12-11 09:48:37.600305');
INSERT INTO "django_admin_log" VALUES(336,'98','Đã bao lâu rồi bạn chưa nói lời yêu cha mẹ?',3,'',11,7,'2016-12-11 09:51:50.113101');
INSERT INTO "django_admin_log" VALUES(337,'142','Bạn đã biết cách dọn dẹp bàn thờ gia tiên dịp tết đúng cách chưa?',1,'Added.',11,8,'2016-12-11 09:53:43.291273');
INSERT INTO "django_admin_log" VALUES(338,'143','Ngắn nhìn Hà Nội phố những ngày Tết',1,'Added.',11,2,'2016-12-11 09:54:32.490271');
INSERT INTO "django_admin_log" VALUES(339,'143','Ngắn nhìn Hà Nội phố những ngày Tết',2,'Changed content.',11,2,'2016-12-11 09:58:07.019531');
INSERT INTO "django_admin_log" VALUES(340,'144','Thăm lại những cánh đồng quê gắn với tuổi thơ ngọt ngào',1,'Added.',11,8,'2016-12-11 09:58:24.454951');
INSERT INTO "django_admin_log" VALUES(341,'143','Ngắn nhìn Hà Nội phố những ngày Tết',2,'Changed content.',11,2,'2016-12-11 09:58:35.090141');
INSERT INTO "django_admin_log" VALUES(342,'145','Hãy mô tả cảm xúc trước tết 2017 của bạn bằng một từ?',1,'Added.',11,8,'2016-12-11 10:15:18.093475');
INSERT INTO "django_admin_log" VALUES(343,'146','Tìm hiểu mâm cỗ truyền thống ba miền ngày Tết',1,'Added.',11,2,'2016-12-11 10:17:54.891603');
INSERT INTO "django_admin_log" VALUES(344,'147','Cùng xem vloger Dudodut nói gì về tết nhé',1,'Added.',11,8,'2016-12-11 10:18:00.187384');
INSERT INTO "django_admin_log" VALUES(345,'148','Vẽ những bức tranh để gửi gắm lời chúc tết của bạn tới những người thân yêu',1,'Added.',11,8,'2016-12-11 10:27:45.916276');
INSERT INTO "django_admin_log" VALUES(346,'149','Chúc tết người thân bằng "Những con chữ"',1,'Added.',11,8,'2016-12-11 10:39:49.229149');
INSERT INTO "django_admin_log" VALUES(347,'150','Diện những bộ áo dài truyền thống ngày Tết',1,'Added.',11,2,'2016-12-11 10:41:37.130680');
INSERT INTO "django_admin_log" VALUES(348,'151','Hãy để ngôi nhà của bạn lung linh trong ánh sáng của đèn nháy',1,'Added.',11,8,'2016-12-11 15:24:43.753689');
INSERT INTO "django_admin_log" VALUES(349,'152','Bí mật tặng mẹ 1 bộ quần áo thật đẹp diện tết',1,'Added.',11,8,'2016-12-11 15:25:50.792217');
INSERT INTO "django_admin_log" VALUES(350,'153','Đạp xe quanh khu bạn sống để cảm nhận không khí tết',1,'Added.',11,8,'2016-12-11 15:27:03.777463');
INSERT INTO "django_admin_log" VALUES(351,'154','Chuẩn bị lá dong, đỗ xanh, gạo nếp và thịt lợn để cho ra lò những chiếc bánh chưng ngon nhất nào!',1,'Added.',11,8,'2016-12-11 15:29:14.762691');
INSERT INTO "django_admin_log" VALUES(352,'155','Gọi điện chúc gấu sau khoảng khắc chuyển giao năm mới',1,'Added.',11,11,'2016-12-11 18:42:18.563265');
INSERT INTO "django_admin_log" VALUES(353,'156','Đặt vé trước cho chuyến bay sau tết',1,'Added.',11,11,'2016-12-11 18:53:10.669903');
INSERT INTO "django_admin_log" VALUES(354,'156','Đặt vé trước cho chuyến bay sau tết',2,'No fields changed.',11,11,'2016-12-11 18:54:02.477826');
INSERT INTO "django_admin_log" VALUES(355,'157','Thử phản xem phản ứng của người yêu khi nói  " tết này anh không về nhà em được "',1,'Added.',11,11,'2016-12-11 19:08:54.136127');
INSERT INTO "django_admin_log" VALUES(356,'158','Lên kế hoạch tỏ tình với nàng đêm giao thừa đi thôi!',1,'Added.',11,11,'2016-12-11 19:24:12.898137');
INSERT INTO "django_admin_log" VALUES(357,'159','bật chế độ ăn kiêng cho tết này thôi',1,'Added.',11,11,'2016-12-11 19:41:19.958419');
INSERT INTO "django_admin_log" VALUES(358,'160','Tết rồi! thay đổi phong cách cho phòng khách nhà bạn thôi.',1,'Added.',11,11,'2016-12-11 19:55:20.931934');
INSERT INTO "django_admin_log" VALUES(359,'161','Xây dựng bộ content kinh doanh tết thật độc đáo',1,'Added.',11,11,'2016-12-11 20:08:13.855303');
INSERT INTO "django_admin_log" VALUES(360,'162','Vẽ tranh tường 3D trang trí ngày tết 2017',1,'Added.',11,11,'2016-12-11 20:22:22.722609');
INSERT INTO "django_admin_log" VALUES(361,'163','Mở những bài hát Tết cả ngày',1,'Added.',11,8,'2016-12-12 01:29:58.612289');
INSERT INTO "django_admin_log" VALUES(362,'164','Đọc thư chúc tết của Chủ tịch nước',1,'Added.',11,8,'2016-12-12 01:35:23.056051');
INSERT INTO "django_admin_log" VALUES(363,'165','Chúc những đứa em nhỏ một năm học tập như ý',1,'Added.',11,8,'2016-12-12 01:52:34.166728');
INSERT INTO "django_admin_log" VALUES(364,'166','Chụp những bức ảnh thật đẹp vào khoảnh khắc đêm giao thừa',1,'Added.',11,8,'2016-12-12 01:58:23.037398');
INSERT INTO "django_admin_log" VALUES(365,'167','Để ý từng sự thay đổi ngày qua ngày của cây đào',1,'Added.',11,8,'2016-12-12 02:05:15.333578');
INSERT INTO "django_admin_log" VALUES(366,'168','Tại sao năm nào nhà mình cũng mua đào về trưng Tết nhỉ?',1,'Added.',11,8,'2016-12-12 02:08:06.172459');
INSERT INTO "django_admin_log" VALUES(367,'169','Hãy viết ra giầy những điều làm bạt mệt mỏi trong năm qua rồi đốt nó trước đêm giao thừa',1,'Added.',11,8,'2016-12-12 02:11:01.137960');
INSERT INTO "django_admin_log" VALUES(368,'170','Lắng nghe tiếng chim hót ríu rít đầu năm',1,'Added.',11,8,'2016-12-12 02:44:29.331699');
INSERT INTO "django_admin_log" VALUES(369,'171','Sử dụng lịch âm giáp Tết, đếm ngược chờ đón ngày tết đến',1,'Added.',11,2,'2016-12-12 04:14:09.393886');
INSERT INTO "django_admin_log" VALUES(370,'171','Sử dụng lịch âm, đếm ngược chờ đón ngày Tết đến',2,'Changed title.',11,2,'2016-12-12 04:14:37.081459');
INSERT INTO "django_admin_log" VALUES(371,'171','Sử dụng lịch âm, đếm ngược thời gian chờ đón ngày Tết đến',2,'Changed title.',11,2,'2016-12-12 04:14:58.165827');
INSERT INTO "django_admin_log" VALUES(372,'172','Vẽ nail đẹp đón năm mới',1,'Added.',11,2,'2016-12-12 06:47:55.235365');
INSERT INTO "django_admin_log" VALUES(373,'173','Lên thực đơn cho những ngày Tết sẽ giúp bạn tiết kiệm nhiều thời gian hơn đấy!',1,'Added.',11,2,'2016-12-12 07:00:49.922573');
INSERT INTO "django_admin_log" VALUES(374,'174','Ngắm nhìn những cánh én chao liệng trên bầu trời xuân',1,'Added.',11,8,'2016-12-12 07:38:29.237745');
INSERT INTO "django_admin_log" VALUES(375,'175','Tặng người thân những món quà Tết ý nghĩa',1,'Added.',11,2,'2016-12-12 07:39:54.302883');
INSERT INTO "django_admin_log" VALUES(376,'176','Hỗ trợ đứa em đạt doanh thù lì xì cao nhất để rồi hướng sai',1,'Added.',11,8,'2016-12-12 07:51:06.960775');
INSERT INTO "django_admin_log" VALUES(377,'177','Sáng tạo một MV cho tết',1,'Added.',11,11,'2016-12-12 07:52:55.988917');
INSERT INTO "django_admin_log" VALUES(378,'178','Đùa với hộp mứt ngon nhất nhà bạn',1,'Added.',11,11,'2016-12-12 08:08:18.010880');
INSERT INTO "django_admin_log" VALUES(379,'179','Tết này là phải xây dựng quỹ đen',1,'Added.',11,11,'2016-12-12 08:26:15.222721');
INSERT INTO "django_admin_log" VALUES(380,'180','Xem một bộ phim hay chờ giao thừa tới',1,'Added.',11,10,'2016-12-12 08:27:46.971419');
INSERT INTO "django_admin_log" VALUES(381,'181','Hái lộc đầu năm',1,'Added.',11,10,'2016-12-12 08:39:12.119399');
INSERT INTO "django_admin_log" VALUES(382,'182','Tải phim về lap xem mấy ngày về tết',1,'Added.',11,11,'2016-12-12 08:46:45.443513');
INSERT INTO "django_admin_log" VALUES(383,'183','Đi bán muối đầu năm',1,'Added.',11,10,'2016-12-12 08:57:59.147324');
INSERT INTO "django_admin_log" VALUES(384,'183','Đi bán muối đầu năm',2,'Changed content.',11,10,'2016-12-12 08:59:18.495639');
INSERT INTO "django_admin_log" VALUES(385,'184','Lên chiến thuật thu tiền lỳ xì thật nhiều',1,'Added.',11,11,'2016-12-12 09:01:36.089931');
INSERT INTO "django_admin_log" VALUES(386,'185','cuối năm đi mua vôi',1,'Added.',11,10,'2016-12-12 09:18:04.192115');
INSERT INTO "django_admin_log" VALUES(387,'9','Tự mình chuẩn bị một bình hoa đẹp',2,'Changed author.',11,10,'2016-12-12 09:18:47.501551');
INSERT INTO "django_admin_log" VALUES(388,'12','Sắm cây quất ngày Tết',2,'Changed author.',11,10,'2016-12-12 09:25:53.340251');
INSERT INTO "django_admin_log" VALUES(389,'19','Tạo một căn nhà tràn ngập màu sắc với đèn và bóng nháy',2,'Changed author.',11,10,'2016-12-12 09:26:16.095305');
INSERT INTO "django_admin_log" VALUES(390,'43','Một chuyến đi chơi xa ngày tết cùng đám bạn cũ',2,'Changed author.',11,10,'2016-12-12 09:27:30.928347');
INSERT INTO "django_admin_log" VALUES(391,'44','Tập tành kinh doanh ngày tết',2,'Changed author.',11,10,'2016-12-12 09:30:21.391737');
INSERT INTO "django_admin_log" VALUES(392,'178','Đùa với hộp mứt ngon nhất nhà bạn',2,'Changed content.',11,2,'2016-12-12 09:33:22.122717');
INSERT INTO "django_admin_log" VALUES(393,'186','Bạn đã biết về tục đụng lợn ngày tết chưa?',1,'Added.',11,8,'2016-12-12 09:40:59.323297');
INSERT INTO "django_admin_log" VALUES(394,'185','Cuối năm đi mua vôi',2,'Changed title.',11,8,'2016-12-12 09:41:58.300164');
INSERT INTO "django_admin_log" VALUES(395,'187','Tưởng tượng xem bạn có thể làm gì với đống tiền mừng tuổi năm nay nào?',1,'Added.',11,8,'2016-12-12 09:46:47.984118');
INSERT INTO "django_admin_log" VALUES(396,'187','Tưởng tượng xem bạn có thể làm gì với đống tiền mừng tuổi năm nay nào?',2,'Changed content.',11,8,'2016-12-12 09:47:13.567183');
INSERT INTO "django_admin_log" VALUES(397,'188','Bạn có viết làm những đồ handmade để trang trí nhà mình ngày tết không',1,'Added.',11,8,'2016-12-12 09:56:45.880071');
INSERT INTO "django_admin_log" VALUES(398,'189','Ghé thăm vườn đào dịp cuối năm',1,'Added.',11,2,'2016-12-12 10:04:15.565507');
INSERT INTO "django_admin_log" VALUES(399,'190','Trổ tài nấu ăn ngày Tết',1,'Added.',11,10,'2016-12-12 10:11:33.116909');
INSERT INTO "django_admin_log" VALUES(400,'191','Tìm hiểu về ngày Tết ông Công ông Táo',1,'Added.',11,2,'2016-12-12 10:12:32.421264');
INSERT INTO "django_admin_log" VALUES(401,'192','Đã bao giờ bạn xem chọi gà ngày tết chưa?',1,'Added.',11,8,'2016-12-12 10:12:38.803318');
INSERT INTO "django_admin_log" VALUES(402,'193','Đi chùa lễ tết, rút thẻ đầu năm',1,'Added.',11,2,'2016-12-12 10:23:02.436521');
INSERT INTO "django_admin_log" VALUES(403,'194','Đưa mẹ đi mua quần áo',1,'Added.',11,11,'2016-12-12 10:26:18.043387');
INSERT INTO "django_admin_log" VALUES(404,'195','Đến giao thừa là mình đi xem pháo hoa',1,'Added.',11,8,'2016-12-12 12:45:42.528478');
INSERT INTO "django_admin_log" VALUES(405,'196','Đi lễ chùa ngày tết: Nét đẹp văn hoá của người Việt!',1,'Added.',11,2,'2016-12-12 12:48:28.506836');
INSERT INTO "django_admin_log" VALUES(406,'197','Chiêm ngưỡng những khóm hoa cúc trong vườn buổi ban mai',1,'Added.',11,8,'2016-12-12 12:50:55.420012');
INSERT INTO "django_admin_log" VALUES(407,'198','Có một trò hẳn tôi với bạn đều biết:"Bầu cua tôm cá"',1,'Added.',11,8,'2016-12-12 12:54:55.695405');
INSERT INTO "django_admin_log" VALUES(408,'199','Nấu những món ăn không thể thiếu trên mâm cỗ Tết miền Bắc',1,'Added.',11,2,'2016-12-12 12:57:52.438349');
INSERT INTO "django_admin_log" VALUES(409,'200','Dạy sớm và chuẩn bị đồ ăn sáng cho cả nhà',1,'Added.',11,8,'2016-12-12 13:08:10.630404');
INSERT INTO "django_admin_log" VALUES(410,'201','Cười bể bụng với những bộ phim hài Tết',1,'Added.',11,2,'2016-12-12 13:12:03.445345');
INSERT INTO "django_admin_log" VALUES(411,'202','Oa Oa Oa, cùng ra nhảy sạp!!!',1,'Added.',11,8,'2016-12-12 13:17:46.700970');
INSERT INTO "django_admin_log" VALUES(412,'203','Bạn đã từng một lần đi cà kheo chưa?',1,'Added.',11,8,'2016-12-12 13:20:40.876379');
INSERT INTO "django_admin_log" VALUES(413,'204','"Muốn sang thì bắc cầu kiều", ơ thế bạn đã chơi thử đi cầu kiều chưa?',1,'Added.',11,8,'2016-12-12 13:24:04.120627');
INSERT INTO "django_admin_log" VALUES(414,'205','Học hát một số bài hát vui vẻ ngày Tết',1,'Added.',11,2,'2016-12-12 13:24:52.639514');
INSERT INTO "django_admin_log" VALUES(415,'206','Đập gì cũng không hay bằng đập niêu đất',1,'Added.',11,8,'2016-12-12 13:25:49.863036');
INSERT INTO "django_admin_log" VALUES(416,'207','Đánh phế, bạn có biết?',1,'Added.',11,8,'2016-12-12 13:28:13.865181');
INSERT INTO "django_admin_log" VALUES(417,'208','Bắt trạch trong chum là bắt trạch trong chum',1,'Added.',11,8,'2016-12-12 13:30:15.035350');
INSERT INTO "django_admin_log" VALUES(418,'209','Chơi cờ tướng – cờ người',1,'Added.',11,8,'2016-12-12 13:33:05.438829');
INSERT INTO "django_admin_log" VALUES(419,'210','Thứ sức bản thân với kéo co, tại sao không?',1,'Added.',11,8,'2016-12-12 13:35:12.363680');
INSERT INTO "django_admin_log" VALUES(420,'211','Một món ăn đặc sắc đêm 30 Tết',1,'Added.',11,10,'2016-12-12 13:36:57.008993');
INSERT INTO "django_admin_log" VALUES(421,'212','Thật là thích thú khi được xem đấu vật',1,'Added.',11,8,'2016-12-12 13:37:34.298335');
INSERT INTO "django_admin_log" VALUES(422,'213','Chơi đu nào là chơi đu nào',1,'Added.',11,8,'2016-12-12 13:41:34.554476');
INSERT INTO "django_admin_log" VALUES(423,'214','Bịt mắt chi vậy? Bịt mắt bắt dê cho còn chi nữa',1,'Added.',11,8,'2016-12-12 13:43:33.178833');
INSERT INTO "django_admin_log" VALUES(424,'215','Bạn đã nghe qua trò chơi:" Bắt vịt dưới ao" chưa?',1,'Added.',11,8,'2016-12-12 13:45:16.324202');
INSERT INTO "django_admin_log" VALUES(425,'216','Nào ta cùng chơi đánh khăng',1,'Added.',11,8,'2016-12-12 13:49:23.381279');
INSERT INTO "django_admin_log" VALUES(426,'217','Dậy sớm cảm nhận không khí đất trời những ngày đầu năm mới.',1,'Added.',11,2,'2016-12-12 13:50:30.987817');
INSERT INTO "django_admin_log" VALUES(427,'218','Chơi đánh đáo vừa vui lại có tiền nữa, dại gì không chơi?',1,'Added.',11,8,'2016-12-12 13:50:52.141441');
INSERT INTO "django_admin_log" VALUES(428,'219','Làm mứt ngày tết',1,'Added.',11,10,'2016-12-12 13:52:48.170666');
INSERT INTO "django_admin_log" VALUES(429,'220','"Mùng một tết cha"',1,'Added.',11,8,'2016-12-12 14:55:43.187936');
INSERT INTO "django_admin_log" VALUES(430,'221','Trang điểm xinh xắn - Tươi tắn du xuân',1,'Added.',11,2,'2016-12-12 14:56:48.492418');
INSERT INTO "django_admin_log" VALUES(431,'222','Mời mọi người về thăm cảnh đẹp quê bạn',1,'Added.',11,10,'2016-12-12 14:58:37.771576');
INSERT INTO "django_admin_log" VALUES(432,'223','Trang điểm xinh xắn - Tươi tắn du xuân',1,'Added.',11,2,'2016-12-12 14:59:05.452127');
INSERT INTO "django_admin_log" VALUES(433,'224','"Mồng hai tết mẹ"',1,'Added.',11,8,'2016-12-12 15:01:17.757546');
INSERT INTO "django_admin_log" VALUES(434,'225','Thụ lộc từ mâm cúng đêm giao thừa',1,'Added.',11,8,'2016-12-12 15:05:54.991650');
INSERT INTO "django_admin_log" VALUES(435,'226','Bạn đã từng nghe đến phong tục "Khai canh" chưa?',1,'Added.',11,8,'2016-12-12 15:12:59.887288');
INSERT INTO "django_admin_log" VALUES(436,'227','Tìm hiểu ý nghĩa các phong tục trong những ngày Tết cổ truyền của dân tộc',1,'Added.',11,2,'2016-12-12 15:14:07.821635');
INSERT INTO "django_admin_log" VALUES(437,'228','Khai nghề đầu xuân',1,'Added.',11,8,'2016-12-12 15:17:30.668539');
INSERT INTO "django_admin_log" VALUES(438,'229','Gửi những món quà tết kèm lời chúc ý nghĩa tới người vô gia cư dịp giáp Tết',1,'Added.',11,2,'2016-12-12 15:35:24.220764');
INSERT INTO "django_admin_log" VALUES(439,'230','Đánh bài quệt nhọ nồi quen thuộc',1,'Added.',11,8,'2016-12-12 16:16:05.708529');
INSERT INTO "django_admin_log" VALUES(440,'231','Đi cùng bố tới những nơi ở que mà gắn liền với tuổi thơ của bố',1,'Added.',11,8,'2016-12-12 16:23:33.321582');
INSERT INTO "django_admin_log" VALUES(441,'232','Nâng chén rượu cùng đếm ngược cho đến giao thừa',1,'Added.',11,8,'2016-12-12 16:30:38.279935');
INSERT INTO "django_admin_log" VALUES(442,'233','Lang thang đâu đó và lưu lại vài bức ảnh đẹp ngày Tết!',1,'Added.',11,2,'2016-12-12 16:33:48.137111');
INSERT INTO "django_admin_log" VALUES(443,'234','Khám phá Tết vùng cao của các dân tộc vùng núi Tây Bắc',1,'Added.',11,2,'2016-12-13 02:09:36.848414');
INSERT INTO "django_admin_log" VALUES(444,'234','Khám phá Tết vùng cao của các dân tộc vùng núi Tây Bắc',2,'Changed content.',11,2,'2016-12-13 02:10:14.404341');
INSERT INTO "django_admin_log" VALUES(445,'235','Tìm hiểu những điểm khác nhau giữa Tết hai vùng miền Bắc - Nam',1,'Added.',11,2,'2016-12-13 02:29:08.058777');
INSERT INTO "django_admin_log" VALUES(446,'236','Review lại những cuốn sách mà bạn đã đọc được trong năm vừa qua',1,'Added.',11,2,'2016-12-13 02:43:08.762998');
INSERT INTO "django_admin_log" VALUES(447,'237','Nấu các món ăn truyền thống ngày Tết',1,'Added.',11,10,'2016-12-13 02:59:44.374579');
INSERT INTO "django_admin_log" VALUES(448,'238','Lên một kế hoạch cho ngày Tết thêm ý nghĩa',1,'Added.',11,2,'2016-12-13 03:10:03.056280');
INSERT INTO "django_admin_log" VALUES(449,'239','Quay clip giới thiệu về hoạt động chuẩn bị Tết của bạn cùng gia đình',1,'Added.',11,2,'2016-12-13 03:22:46.027196');
INSERT INTO "django_admin_log" VALUES(450,'240','Trang trí cành đào đón Tết',1,'Added.',11,10,'2016-12-13 03:34:08.446200');
INSERT INTO "django_admin_log" VALUES(451,'241','Xin chữ ông Đồ đầu năm',1,'Added.',11,2,'2016-12-13 03:55:08.657329');
INSERT INTO "django_admin_log" VALUES(452,'73','Tết này con gói bánh chưng cùng bố!',2,'Changed title.',11,2,'2016-12-13 03:56:00.422465');
INSERT INTO "django_admin_log" VALUES(453,'242','Đi "Sêu Tết". Bạn có biết?',1,'Added.',11,2,'2016-12-13 04:16:27.840869');
INSERT INTO "django_admin_log" VALUES(454,'243','Gánh nước đầu năm - Nét đẹp ngày Tết bị lãng quên',1,'Added.',11,2,'2016-12-13 04:38:01.144376');
INSERT INTO "django_admin_log" VALUES(455,'244','Ăn tất niên cùng gia đình',1,'Added.',11,2,'2016-12-13 09:42:27.008769');
INSERT INTO "django_admin_log" VALUES(456,'245','Xây dựng album ảnh gia đình',1,'Added.',11,2,'2016-12-13 09:57:41.563410');
INSERT INTO "django_admin_log" VALUES(457,'245','Xây dựng album ảnh gia đình',2,'Changed content.',11,2,'2016-12-13 09:58:41.971385');
INSERT INTO "django_admin_log" VALUES(458,'246','Ngồi xem bà têm trầu dịp tết',1,'Added.',11,8,'2016-12-13 10:13:45.047905');
INSERT INTO "django_admin_log" VALUES(459,'247','Cầu năm mới có người yêu',1,'Added.',11,8,'2016-12-13 10:24:43.264849');
INSERT INTO "django_admin_log" VALUES(460,'248','Tết đi chơi gặp ý chung nhân',1,'Added.',11,8,'2016-12-13 10:27:45.085829');
INSERT INTO "django_admin_log" VALUES(461,'249','Xem múa lân',1,'Added.',11,8,'2016-12-13 10:28:55.635966');
INSERT INTO "django_admin_log" VALUES(462,'250','Đến nhà thờ họ cầu 1 năm học hành tốt',1,'Added.',11,8,'2016-12-13 10:36:44.227449');
INSERT INTO "django_admin_log" VALUES(463,'251','Tình bạn gắn kết ngày xuân',1,'Added.',11,8,'2016-12-13 10:48:15.843047');
INSERT INTO "django_admin_log" VALUES(464,'252','Chú gà giò ơi, cho anh một quẻ !',1,'Added.',11,8,'2016-12-13 10:50:22.077138');
INSERT INTO "django_admin_log" VALUES(465,'253','Heo của bạn có tăng cân nhanh hơn heo của đứa em không?',1,'Added.',11,8,'2016-12-13 10:51:15.251479');
INSERT INTO "django_admin_log" VALUES(466,'254','Lễ hội Đền Hùng- Phú Thọ',1,'Added.',11,10,'2016-12-13 10:53:27.436874');
INSERT INTO "django_admin_log" VALUES(467,'252','Chú gà giò ơi, cho anh một quẻ!',2,'Changed title.',11,2,'2016-12-13 11:04:16.020008');
INSERT INTO "django_admin_log" VALUES(468,'255','Tết đến và cơ hội đòi nợ đây rồi',1,'Added.',11,8,'2016-12-13 11:04:26.987755');
INSERT INTO "django_admin_log" VALUES(469,'256','Ngân nga những ca khúc chào xuân',1,'Added.',11,8,'2016-12-13 11:08:01.093697');
INSERT INTO "django_admin_log" VALUES(470,'257','Đi hát karaoke cùng những người bạn',1,'Added.',11,2,'2016-12-13 11:16:04.915564');
INSERT INTO "django_admin_log" VALUES(471,'258','Thu âm một vài bài hát về Tết bằng chính giọng ca của mình',1,'Added.',11,2,'2016-12-13 11:22:45.776235');
INSERT INTO "django_admin_log" VALUES(472,'259','Ngân nga những bài hát bạn thích',1,'Added.',11,2,'2016-12-13 11:24:05.356425');
INSERT INTO "django_admin_log" VALUES(473,'260','Đi phượt đầu xuân',1,'Added.',11,2,'2016-12-13 11:32:41.971464');
INSERT INTO "django_admin_log" VALUES(474,'261','Lễ hội Gò Đống Đa - Hà Nội',1,'Added.',11,10,'2016-12-13 11:48:50.150482');
INSERT INTO "django_admin_log" VALUES(475,'262','Đầu năm đọc sách - uống trà',1,'Added.',11,2,'2016-12-13 11:52:45.486570');
INSERT INTO "django_admin_log" VALUES(476,'263','Ngắm những cánh hoa đào từ từ rơi rụng',1,'Added.',11,8,'2016-12-13 11:53:54.270499');
INSERT INTO "django_admin_log" VALUES(477,'264','Kiểm tra bài vở xem đã bị bánh trưng làm quên chưa',1,'Added.',11,8,'2016-12-13 11:58:34.162931');
INSERT INTO "django_admin_log" VALUES(478,'265','Trồng một cây nhỏ vào đầu năm để xem tết năm sau nó sẽ ra sao',1,'Added.',11,8,'2016-12-13 12:02:45.457496');
INSERT INTO "django_admin_log" VALUES(479,'266','Cùng mẹ chuẩn bị đồ để gói bánh chưng',1,'Added.',11,10,'2016-12-13 12:05:46.365203');
INSERT INTO "django_admin_log" VALUES(480,'267','Quét dọn đường làng, ngõ xóm sạch đẹp đón năm mới',1,'Added.',11,2,'2016-12-13 12:07:07.424065');
INSERT INTO "django_admin_log" VALUES(481,'264','Kiểm tra bài vở xem đã bị bánh chưng làm quên chưa',2,'Changed title.',11,2,'2016-12-13 12:07:37.530607');
INSERT INTO "django_admin_log" VALUES(482,'268','Mua tò he trang trí ngày Tết',1,'Added.',11,2,'2016-12-13 13:04:45.947741');
INSERT INTO "django_admin_log" VALUES(483,'195','Đến giao thừa là mình đi xem pháo hoa',2,'Changed content.',11,2,'2016-12-13 13:05:36.611090');
INSERT INTO "django_admin_log" VALUES(484,'269','Đọc hết 2 cuốn sách trong dịp tết này',1,'Added.',11,11,'2016-12-13 13:25:36.859453');
INSERT INTO "django_admin_log" VALUES(485,'270','Thăm các cụ già trong viện dưỡng lão',1,'Added.',11,2,'2016-12-13 13:38:20.958155');
INSERT INTO "django_admin_log" VALUES(486,'271','Kiểm tra lại xem tết mình lên được mấy cân',1,'Added.',11,8,'2016-12-13 13:48:22.919914');
INSERT INTO "django_admin_log" VALUES(487,'272','Giấu con heo của đứa em đi và xem phản ứng của nó',1,'Added.',11,8,'2016-12-13 13:50:55.918655');
INSERT INTO "django_admin_log" VALUES(488,'273','Tham gia buổi chợ đầu tiên sau ngày mồng một',1,'Added.',11,8,'2016-12-13 13:53:23.042293');
INSERT INTO "django_admin_log" VALUES(489,'274','Chia sẻ những câu chuyện tết của bạn lên Facebook',1,'Added.',11,11,'2016-12-13 13:53:52.562795');
INSERT INTO "django_admin_log" VALUES(490,'275','Treo một câu đối đỏ trong nhà',1,'Added.',11,2,'2016-12-13 13:54:23.504107');
INSERT INTO "django_admin_log" VALUES(491,'276','Viết những bài thơ chúc tết thật ý nghĩa',1,'Added.',11,11,'2016-12-13 14:08:04.196162');
INSERT INTO "django_admin_log" VALUES(492,'277','Đi chùa rước lộc đầu năm',1,'Added.',11,11,'2016-12-13 14:24:11.432561');
INSERT INTO "django_admin_log" VALUES(493,'278','Đi chùa cầu may ở Phủ Tây Hồ',1,'Added.',11,10,'2016-12-13 14:26:50.634023');
INSERT INTO "django_admin_log" VALUES(494,'279','Về thăm quê nội, quê ngoại những ngày trước tết',1,'Added.',11,11,'2016-12-13 14:42:03.735014');
INSERT INTO "django_admin_log" VALUES(495,'280','Thay bàn chải đánh răng mới',1,'Added.',11,11,'2016-12-13 14:50:40.989617');
INSERT INTO "django_admin_log" VALUES(496,'281','Lễ hội núi Bà Đen - Tây Ninh',1,'Added.',11,10,'2016-12-13 14:56:52.243437');
INSERT INTO "django_admin_log" VALUES(497,'282','Đem hết đống quần áo đi giặt là khô trước tết',1,'Added.',11,11,'2016-12-13 14:59:50.429770');
INSERT INTO "django_admin_log" VALUES(498,'283','Lễ hội Chùa Hương',1,'Added.',11,10,'2016-12-13 15:18:25.552352');
INSERT INTO "django_admin_log" VALUES(499,'284','Quay vlog về dịp tết năm nay',1,'Added.',11,8,'2016-12-13 15:53:03.534312');
INSERT INTO "django_admin_log" VALUES(500,'285','Lễ hội Chùa Bái Đính - Tràng An',1,'Added.',11,10,'2016-12-13 15:53:06.885188');
INSERT INTO "django_admin_log" VALUES(501,'286','Viết nhật kí những ngày tết âm lịch năm nay',1,'Added.',11,8,'2016-12-13 15:55:54.432052');
INSERT INTO "django_admin_log" VALUES(502,'273','Tham gia buổi chợ đầu tiên sau ngày mồng một',2,'Changed firstPicture.',11,8,'2016-12-13 16:04:13.961657');
INSERT INTO "django_admin_log" VALUES(503,'287','Liên lạc chúc Tết họ hàng ở nơi xa',1,'Added.',11,2,'2016-12-13 16:05:20.869516');
INSERT INTO "django_admin_log" VALUES(504,'249','Cùng xem những chú kỳ lân nhảy múa đòn năm mới',2,'Changed title.',11,8,'2016-12-13 16:05:54.071292');
INSERT INTO "django_admin_log" VALUES(505,'288','Thích thú ngắm hoa đào nở sớm ở các vườn ươm',1,'Added.',11,8,'2016-12-13 16:16:01.163075');
INSERT INTO "django_admin_log" VALUES(506,'289','Tới thăm nhà bạn thân ngày Tết',1,'Added.',11,10,'2016-12-13 16:18:35.376425');
INSERT INTO "django_admin_log" VALUES(507,'290','Nhắn tin chúc mừng bạn bè dịp năm mới',1,'Added.',11,2,'2016-12-13 16:18:37.916567');
INSERT INTO "django_admin_log" VALUES(508,'291','Thăm trại trẻ mồ côi',1,'Added.',11,2,'2016-12-13 16:41:07.044290');
INSERT INTO "django_admin_log" VALUES(509,'292','Không để mình say xỉn ngày tết',1,'Added.',11,11,'2016-12-13 16:42:52.476493');
INSERT INTO "django_admin_log" VALUES(510,'293','Tận hưởng không khí se lạnh của tết vào sáng sớm.',1,'Added.',11,2,'2016-12-13 16:58:07.854703');
INSERT INTO "django_admin_log" VALUES(511,'294','cầu năm mới có người yêu',1,'Added.',11,11,'2016-12-13 17:12:42.465212');
INSERT INTO "django_admin_log" VALUES(512,'295','cầu năm mới có người yêu',1,'Added.',11,11,'2016-12-13 17:12:43.281656');
INSERT INTO "django_admin_log" VALUES(513,'296','Tạo một bộ phim ngắn về chủ đề tết',1,'Added.',11,8,'2016-12-13 17:13:36.161962');
INSERT INTO "django_admin_log" VALUES(514,'297','Cùng mẹ chuẩn bi mâm ngũ quả',1,'Added.',11,2,'2016-12-13 17:16:07.775658');
INSERT INTO "django_admin_log" VALUES(515,'298','Tìm một nơi yên tĩnh cùng nhau đón giao thừa với người bạn thân',1,'Added.',11,8,'2016-12-13 17:25:48.291498');
INSERT INTO "django_admin_log" VALUES(516,'299','kết hợp Bento trong sáng tạo món ăn ngày tết',1,'Added.',11,11,'2016-12-13 17:26:31.007922');
INSERT INTO "django_admin_log" VALUES(517,'300','hoa mai bằng giấy nhún đón lộc vào nhà',1,'Added.',11,11,'2016-12-13 19:07:05.820411');
INSERT INTO "django_admin_log" VALUES(518,'301','Thanh toán những khoản mình còn nợ',1,'Added.',11,10,'2016-12-14 02:05:47.214924');
INSERT INTO "django_admin_log" VALUES(519,'302','Gửi 100 tấm thiệp chúc tết đến các địa chỉ bất kì',1,'Added.',11,10,'2016-12-14 02:31:54.314952');
INSERT INTO "django_admin_log" VALUES(520,'76','Hãy làm tết ấm áp với những lời cảm ơn dành cho nhau',2,'Changed author.',11,10,'2016-12-14 03:01:09.609202');
INSERT INTO "django_admin_log" VALUES(521,'71','Tảo mộ, một cách nhớ về tổ tiên nhân dịp tết đến xuân về',2,'Changed author.',11,10,'2016-12-14 03:02:41.097645');
INSERT INTO "django_admin_log" VALUES(522,'70','Ý nghĩa tục phóng sinh cá ngày Tết ông Công ông Táo',2,'Changed author.',11,10,'2016-12-14 03:02:59.684212');
INSERT INTO "django_admin_log" VALUES(523,'68','Không được đỗ rác những ngày đầu năm mới',2,'Changed content and author.',11,10,'2016-12-14 03:03:38.609360');
INSERT INTO "django_admin_log" VALUES(524,'56','Nấu thịt đông ngày tết',2,'Changed author.',11,10,'2016-12-14 03:03:56.310811');
INSERT INTO "django_admin_log" VALUES(525,'54','Chụp một album bản thân ngày tết',2,'Changed author.',11,10,'2016-12-14 03:04:30.040292');
INSERT INTO "django_admin_log" VALUES(526,'180','Xem một bộ phim hay chờ giao thừa tới',2,'Changed content.',11,10,'2016-12-14 03:22:37.210879');
INSERT INTO "django_admin_log" VALUES(527,'298','Tìm một nơi yên tĩnh cùng nhau đón giao thừa với một vài người bạn thân',2,'Changed title.',11,8,'2016-12-14 03:38:50.555453');
INSERT INTO "django_admin_log" VALUES(528,'296','Quay một bộ phim ngắn về chủ đề tết',2,'Changed title.',11,8,'2016-12-14 03:39:42.383038');
INSERT INTO "django_admin_log" VALUES(529,'296','Quay một bộ phim ngắn về chủ đề tết',2,'Changed content.',11,8,'2016-12-14 03:40:38.493811');
INSERT INTO "django_admin_log" VALUES(530,'273','Tham gia buổi chợ đầu tiên sau ngày mồng một',2,'Changed content.',11,7,'2016-12-14 04:01:23.669468');
INSERT INTO "django_admin_log" VALUES(531,'273','Tham gia buổi chợ đầu tiên sau ngày mồng một',2,'No fields changed.',11,8,'2016-12-14 04:02:53.531085');
INSERT INTO "django_admin_log" VALUES(532,'231','Đi cùng bố tới những nơi ở quê mà gắn liền với tuổi thơ của bố',2,'Changed title.',11,8,'2016-12-14 04:27:17.103497');
INSERT INTO "django_admin_log" VALUES(533,'183','Đi bán muối đầu năm',2,'No fields changed.',11,8,'2016-12-14 04:46:11.048005');
INSERT INTO "django_admin_log" VALUES(534,'288','Ghé thăm những cánh hoa đào đầu tiên',2,'Changed title and content.',11,8,'2016-12-14 07:15:06.530159');
INSERT INTO "django_admin_log" VALUES(535,'286','Viết nhật kí những ngày tết âm lịch năm nay',2,'Changed content.',11,8,'2016-12-14 07:19:56.254370');
INSERT INTO "django_admin_log" VALUES(536,'286','Viết nhật kí về những ngày tết âm lịch năm nay',2,'Changed title.',11,8,'2016-12-14 07:23:03.730835');
INSERT INTO "django_admin_log" VALUES(537,'270','Thăm các cụ già trong viện dưỡng lão',2,'Changed content and firstPicture.',11,2,'2016-12-14 07:57:22.510351');
INSERT INTO "django_admin_log" VALUES(538,'99','Đã bao lâu rồi bạn chưa nói lời yêu thương cha mẹ?',2,'Changed title.',11,11,'2016-12-14 08:07:35.189439');
INSERT INTO "django_admin_log" VALUES(539,'271','Tết này bạn tăng được mấy cân?',2,'Changed title and content.',11,8,'2016-12-14 08:19:52.382531');
INSERT INTO "django_admin_log" VALUES(540,'286','Viết nhật kí về những ngày tết âm lịch năm nay',2,'No fields changed.',11,8,'2016-12-14 08:20:48.845084');
INSERT INTO "django_admin_log" VALUES(541,'243','Gánh nước đầu năm - Nét đẹp ngày Tết bị lãng quên',2,'Changed content and firstPicture.',11,2,'2016-12-14 08:30:23.804707');
INSERT INTO "django_admin_log" VALUES(542,'265','Trồng một cái cây nhỏ vào đầu xuân để xem tết năm sau nó sẽ ra sao',2,'Changed title and content.',11,8,'2016-12-14 08:44:06.253327');
INSERT INTO "django_admin_log" VALUES(543,'231','Đi cùng bố tới những nơi ở quê mà gắn liền với tuổi thơ của bố',2,'Changed content.',11,8,'2016-12-14 08:49:14.946579');
INSERT INTO "django_admin_log" VALUES(544,'291','Thăm trại trẻ mồ côi',2,'Changed content.',11,2,'2016-12-14 08:54:56.573222');
INSERT INTO "django_admin_log" VALUES(545,'20','Trông nồi bánh chưng ngày Tết - ok',2,'Changed title and firstPicture.',11,2,'2016-12-14 12:29:48.492002');
INSERT INTO "django_admin_log" VALUES(546,'25','Đưa mẹ đi chợ Tết - ok',2,'Changed title.',11,2,'2016-12-14 12:32:21.780915');
INSERT INTO "django_admin_log" VALUES(547,'231','Đi cùng bố tới những nơi ở quê mà gắn liền với tuổi thơ của bố - OK',2,'Changed title and firstPicture.',11,8,'2016-12-14 12:51:22.696319');
INSERT INTO "django_admin_log" VALUES(548,'231','Đi cùng bố tới những nơi ở quê mà gắn liền với tuổi thơ của bố - OK',2,'Changed firstPicture.',11,8,'2016-12-14 12:51:34.211541');
INSERT INTO "django_admin_log" VALUES(549,'286','Viết nhật kí về những ngày tết âm lịch năm nay',2,'Changed firstPicture.',11,8,'2016-12-14 12:52:00.722225');
INSERT INTO "django_admin_log" VALUES(550,'286','Viết nhật kí về những ngày tết âm lịch năm nay - OK',2,'Changed title and firstPicture.',11,8,'2016-12-14 12:52:19.597827');
INSERT INTO "django_admin_log" VALUES(551,'271','Kiểm tra xem Tết này bạn tăng bao nhiêu cân rồi?',2,'Changed title and firstPicture.',11,8,'2016-12-14 12:52:52.357555');
INSERT INTO "django_admin_log" VALUES(552,'271','Kiểm tra xem Tết này bạn tăng bao nhiêu cân rồi?',2,'Changed firstPicture.',11,8,'2016-12-14 12:53:06.020480');
INSERT INTO "django_admin_log" VALUES(553,'271','Kiểm tra xem Tết này bạn tăng bao nhiêu cân rồi? - OK',2,'Changed title and content.',11,8,'2016-12-14 12:53:49.259645');
INSERT INTO "django_admin_log" VALUES(554,'265','Trồng một cái cây nhỏ vào đầu xuân để xem tết năm sau nó sẽ ra sao. OK',2,'Changed title.',11,8,'2016-12-14 12:54:37.811699');
INSERT INTO "django_admin_log" VALUES(555,'288','Ghé thăm những cánh hoa đào đầu tiên - OK',2,'Changed title and firstPicture.',11,8,'2016-12-14 12:56:00.893425');
INSERT INTO "django_admin_log" VALUES(556,'288','Ghé thăm những cánh hoa đào đầu tiên - OK',2,'Changed firstPicture.',11,8,'2016-12-14 12:56:19.036900');
INSERT INTO "django_admin_log" VALUES(557,'252','Chú gà giò ơi, cho anh một quẻ! OK',2,'Changed title and firstPicture.',11,8,'2016-12-14 12:56:38.613879');
INSERT INTO "django_admin_log" VALUES(558,'252','Chú gà giò ơi, cho anh một quẻ! OK',2,'Changed firstPicture.',11,8,'2016-12-14 12:56:48.211054');
INSERT INTO "django_admin_log" VALUES(559,'268','Năm mới Đinh Dậu- Tậu con tò he - ok',2,'Changed title, content and firstPicture.',11,2,'2016-12-14 13:02:38.731673');
INSERT INTO "django_admin_log" VALUES(560,'260','Đi phượt đầu xuân',2,'Changed content.',11,2,'2016-12-14 13:19:25.043320');
INSERT INTO "django_admin_log" VALUES(561,'260','Đi phượt đầu xuân - ok',2,'Changed title.',11,2,'2016-12-14 13:19:40.921389');
INSERT INTO "django_admin_log" VALUES(562,'260','Đi phượt đầu xuân - ok',2,'Changed content.',11,2,'2016-12-14 13:29:41.208477');
INSERT INTO "django_admin_log" VALUES(563,'245','Tự tay làm một album ảnh gia đình',2,'Changed title and firstPicture.',11,2,'2016-12-14 13:37:38.268226');
INSERT INTO "django_admin_log" VALUES(564,'245','Tự tay làm một album ảnh gia đình - ok',2,'Changed title.',11,2,'2016-12-14 13:39:14.291943');
INSERT INTO "django_admin_log" VALUES(565,'243','Gánh nước đầu năm - Nét đẹp ngày Tết bị lãng quên - ok',2,'Changed title.',11,2,'2016-12-14 13:39:31.338880');
INSERT INTO "django_admin_log" VALUES(566,'233','Lang thang đâu đó và lưu lại vài bức ảnh đẹp ngày Tết! - ok',2,'Changed title.',11,2,'2016-12-14 13:46:12.924114');
INSERT INTO "django_admin_log" VALUES(567,'302','Gửi 100 tấm thiệp chúc Tết đến các địa chỉ bất kì',2,'Changed title, content and firstPicture.',11,10,'2016-12-14 17:01:00.629818');
INSERT INTO "django_admin_log" VALUES(568,'302','Gửi 100 tấm thiệp chúc Tết đến các địa chỉ bất kì -',2,'Changed title.',11,10,'2016-12-14 17:17:27.831322');
INSERT INTO "django_admin_log" VALUES(569,'20','Trông nồi bánh chưng ngày Tết - ok',2,'Changed content.',11,2,'2016-12-14 17:35:25.161379');
INSERT INTO "django_admin_log" VALUES(570,'27','Trang hoàng ngôi nhà cùng những bức ảnh gia đình gia đình',2,'Changed title, firstPicture and content.',11,2,'2016-12-15 06:38:46.571551');
INSERT INTO "django_admin_log" VALUES(571,'27','Trang trí ngôi nhà cùng những bức ảnh gia đình gia đình',2,'Changed title and firstPicture.',11,2,'2016-12-15 06:42:25.369874');
INSERT INTO "django_admin_log" VALUES(572,'27','Trang trí ngôi nhà cùng những bức ảnh gia đình gia đình - ok',2,'Changed title.',11,2,'2016-12-15 06:44:03.732235');
INSERT INTO "django_admin_log" VALUES(573,'37','Tự tay làm lịch đón năm mới - ok',2,'Changed title.',11,2,'2016-12-15 06:49:14.657403');
INSERT INTO "django_admin_log" VALUES(574,'45','Đi từ thiện vùng cao dịp giáp Tết',2,'Changed firstPicture and content.',11,2,'2016-12-15 07:25:12.730443');
INSERT INTO "django_admin_log" VALUES(575,'45','Đi từ thiện vùng cao dịp giáp Tết - ok',2,'Changed title.',11,2,'2016-12-15 07:25:26.259934');
INSERT INTO "django_admin_log" VALUES(576,'270','Thăm các cụ già trong viện dưỡng lão - ok',2,'Changed title and firstPicture.',11,2,'2016-12-15 07:58:02.786676');
INSERT INTO "django_admin_log" VALUES(577,'108','Làm thơ chúc Tết ông bà_ ok',2,'Changed title and content.',11,10,'2016-12-15 09:22:43.821705');
INSERT INTO "django_admin_log" VALUES(578,'110','Tự tay làm mứt ngày tết-ok',2,'Changed title and content.',11,10,'2016-12-15 09:29:36.182812');
INSERT INTO "django_admin_log" VALUES(579,'303','Đi đường tết, hãy chú ý an toàn!',1,'Added.',11,8,'2016-12-15 11:06:00.533023');
INSERT INTO "django_admin_log" VALUES(580,'299','kết hợp Bento trong sáng tạo món ăn ngày tết',2,'Changed content.',11,8,'2016-12-15 11:08:08.091091');
INSERT INTO "django_admin_log" VALUES(581,'299','kết hợp Bento trong sáng tạo món ăn ngày tết',2,'Changed firstPicture.',11,8,'2016-12-15 11:08:52.965818');
INSERT INTO "django_admin_log" VALUES(582,'299','kết hợp Bento trong sáng tạo món ăn ngày tết',2,'Changed firstPicture.',11,8,'2016-12-15 11:09:09.885932');
INSERT INTO "django_admin_log" VALUES(583,'17','Mình còn mừng tuổi ông bà được bao nhiêu lần nữa vậy ba?',2,'Changed firstPicture.',11,11,'2016-12-15 11:09:13.049558');
INSERT INTO "django_admin_log" VALUES(584,'17','Tết này! Chuẩn bị những phong bao lì xì đầy ăp tinh yêu thương mừng tuổi ông bà.',2,'Changed title and content.',11,11,'2016-12-15 11:17:50.675927');
INSERT INTO "django_admin_log" VALUES(585,'299','kết hợp Bento trong sáng tạo món ăn ngày tết',2,'Changed content.',11,8,'2016-12-15 11:23:04.643962');
INSERT INTO "django_admin_log" VALUES(586,'24','Đêm nay khai bút đầu năm, Cầu cho năm mới phơi phới điều may',2,'Changed firstPicture and content.',11,11,'2016-12-15 11:24:28.662838');
INSERT INTO "django_admin_log" VALUES(587,'299','Thêm cơm Bento vào thực đơn tết năm nay',2,'Changed title.',11,8,'2016-12-15 11:25:00.170397');
INSERT INTO "django_admin_log" VALUES(588,'77','Tắm nước lá hoa mùi chiều cuối năm.',2,'Changed content.',11,8,'2016-12-15 11:28:02.308731');
INSERT INTO "django_admin_log" VALUES(589,'67','Xây dựng một bản kế hoạch kinh doanh cho giai đoạn tết và đầu xuân năm mới',2,'Changed title and content.',11,11,'2016-12-15 11:29:10.992313');
INSERT INTO "django_admin_log" VALUES(590,'79','Giao thừa năm nay mình hôn nhau nhé!',2,'Changed content.',11,8,'2016-12-15 11:30:26.939036');
INSERT INTO "django_admin_log" VALUES(591,'93','Tết năm nay hãy tự làm những bao lì xì',2,'Changed title.',11,8,'2016-12-15 11:37:25.883752');
INSERT INTO "django_admin_log" VALUES(592,'304','Hạnh phúc là học cách chơi một loại nhạc cụ nào đó',1,'Added.',11,2,'2016-12-16 03:21:19.035744');
INSERT INTO "django_admin_log" VALUES(593,'304','Hạnh phúc là học cách chơi một loại nhạc cụ nào đó',2,'Changed firstPicture.',11,2,'2016-12-16 03:21:57.087266');
INSERT INTO "django_admin_log" VALUES(594,'304','Hạnh phúc là học cách chơi một loại nhạc cụ nào đó',2,'Changed firstPicture.',11,2,'2016-12-16 03:26:18.827601');
INSERT INTO "django_admin_log" VALUES(595,'305','Niềm vui là tắt máy tính và thư giản một chút',1,'Added.',11,2,'2016-12-16 03:51:29.560111');
INSERT INTO "django_admin_log" VALUES(596,'306','Tâm hồn là khi được ngắm nhìn bông hoa hướng dương mỗi sáng',1,'Added.',11,2,'2016-12-16 04:02:03.453954');
INSERT INTO "django_admin_log" VALUES(597,'307','Tự do là khi đi du lịch cùng đám bạn',1,'Added.',11,2,'2016-12-16 04:35:33.817914');
INSERT INTO "django_admin_log" VALUES(598,'307','Tự do là khi đi du lịch cùng những người bạn thân',2,'Changed title.',11,2,'2016-12-16 05:22:08.259716');
INSERT INTO "django_admin_log" VALUES(599,'305','Niềm vui là tắt máy tính và thư giãn một chút',2,'Changed title.',11,2,'2016-12-16 05:22:47.378775');
INSERT INTO "django_admin_log" VALUES(600,'103','Lang thang, ngắm đường phố những ngày giáp Tết một mình',3,'',11,2,'2016-12-18 15:45:34.661585');
INSERT INTO "django_admin_log" VALUES(601,'102','Tết này ta đi hội chợ quê !!!',3,'',11,2,'2016-12-18 15:45:34.665861');
INSERT INTO "django_admin_log" VALUES(602,'101','Tuyệt chiêu ra mắt gia đình người yêu tết năm nay !!!',3,'',11,2,'2016-12-18 15:45:34.668675');
INSERT INTO "django_admin_log" VALUES(603,'100','Ngày tết hồi tưởng ký ức xưa, ngắm chùm ảnh "Xe đạp, hồi ấy..."',3,'',11,2,'2016-12-18 15:45:34.670974');
INSERT INTO "django_admin_log" VALUES(604,'99','Đã bao lâu rồi bạn chưa nói lời yêu thương cha mẹ?',3,'',11,2,'2016-12-18 15:45:34.673627');
INSERT INTO "django_admin_log" VALUES(605,'97','Đừng quên đang một status thật độc đáo lên FB ngay khi năm mới sang',3,'',11,2,'2016-12-18 15:45:34.676439');
INSERT INTO "django_admin_log" VALUES(606,'96','Cúng Tất niên',3,'',11,2,'2016-12-18 15:45:34.678736');
INSERT INTO "django_admin_log" VALUES(607,'95','Lên lịch gửi tin nhắn trước cho bạn bè năm mới!',3,'',11,2,'2016-12-18 15:45:34.681386');
INSERT INTO "django_admin_log" VALUES(608,'94','Một phong cách thời trang mới cho năm này !',3,'',11,2,'2016-12-18 15:45:34.684003');
INSERT INTO "django_admin_log" VALUES(609,'93','Tết năm nay hãy tự làm những bao lì xì',3,'',11,2,'2016-12-18 15:45:34.686969');
INSERT INTO "django_admin_log" VALUES(610,'92','Mặc quần lót đỏ lấy hên cả năm',3,'',11,2,'2016-12-18 15:45:34.690271');
INSERT INTO "django_admin_log" VALUES(611,'91','Bạn nghĩ sao, tết này thuê một cô bạn gái !',3,'',11,2,'2016-12-18 15:45:34.692753');
INSERT INTO "django_admin_log" VALUES(612,'90','Xem múa Lân ngày Tết',3,'',11,2,'2016-12-18 15:45:34.695640');
INSERT INTO "django_admin_log" VALUES(613,'89','Vi vu phượt đây đó cuối năm',3,'',11,2,'2016-12-18 15:45:34.697973');
INSERT INTO "django_admin_log" VALUES(614,'88','Trao NỤ HÔN ngọt ngào cho nhau ĐÊM GIAO GIAO THỪ,... bạn đã thử chưa? :D',3,'',11,2,'2016-12-18 15:45:34.701551');
INSERT INTO "django_admin_log" VALUES(615,'87','Tút lại nhan sắc để xuân ngập tràn',3,'',11,2,'2016-12-18 15:45:34.703813');
INSERT INTO "django_admin_log" VALUES(616,'86','Tết này! đổi Đô la mừng tuổi cho chất nhé !',3,'',11,2,'2016-12-18 15:45:34.706615');
INSERT INTO "django_admin_log" VALUES(617,'85','Bánh trưng rán là bánh trưng rán',3,'',11,2,'2016-12-18 15:45:34.709679');
INSERT INTO "django_admin_log" VALUES(618,'84','Xem Táo Quân tối 30 Tết cùng gia đình',3,'',11,2,'2016-12-18 15:45:34.712038');
INSERT INTO "django_admin_log" VALUES(619,'83','Ồ!!! Quên mất chưa xem tử vi năm này!',3,'',11,2,'2016-12-18 15:45:34.714118');
INSERT INTO "django_admin_log" VALUES(620,'82','Làm thiệp handmade chúc mừng năm mới',3,'',11,2,'2016-12-18 15:45:34.716762');
INSERT INTO "django_admin_log" VALUES(621,'81','Thả đèn hoa đăng đầu năm mới',3,'',11,2,'2016-12-18 15:45:34.719582');
INSERT INTO "django_admin_log" VALUES(622,'80','Hình như mình chưa đi xem bói bao giờ !',3,'',11,2,'2016-12-18 15:45:34.721973');
INSERT INTO "django_admin_log" VALUES(623,'79','Giao thừa năm nay mình hôn nhau nhé!',3,'',11,2,'2016-12-18 15:45:34.724021');
INSERT INTO "django_admin_log" VALUES(624,'78','Chuẩn bị những cây đào, cây quất đẹp nhất đón xuân',3,'',11,2,'2016-12-18 15:45:34.726759');
INSERT INTO "django_admin_log" VALUES(625,'77','Tắm nước lá hoa mùi chiều cuối năm.',3,'',11,2,'2016-12-18 15:45:34.729492');
INSERT INTO "django_admin_log" VALUES(626,'76','Hãy làm tết ấm áp với những lời cảm ơn dành cho nhau',3,'',11,2,'2016-12-18 15:45:34.732401');
INSERT INTO "django_admin_log" VALUES(627,'75','Chia tay những vật dụng đã lâu không còn sử dụng',3,'',11,2,'2016-12-18 15:45:34.734551');
INSERT INTO "django_admin_log" VALUES(628,'74','Thay ảnh đại diện và ảnh bìa facebook chào đón năm mới',3,'',11,2,'2016-12-18 15:45:34.736902');
INSERT INTO "django_admin_log" VALUES(629,'73','Tết này con gói bánh chưng cùng bố!',3,'',11,2,'2016-12-18 15:45:34.739167');
INSERT INTO "django_admin_log" VALUES(630,'72','Quay video gửi lời chúc tết của toàn gia đình đến những ai xa nhà',3,'',11,2,'2016-12-18 15:45:34.741196');
INSERT INTO "django_admin_log" VALUES(631,'71','Tảo mộ, một cách nhớ về tổ tiên nhân dịp tết đến xuân về',3,'',11,2,'2016-12-18 15:45:34.743621');
INSERT INTO "django_admin_log" VALUES(632,'70','Ý nghĩa tục phóng sinh cá ngày Tết ông Công ông Táo',3,'',11,2,'2016-12-18 15:45:34.745960');
INSERT INTO "django_admin_log" VALUES(633,'69','Dọn dẹp nhà cửa sẵn sàng đón chào tết đến',3,'',11,2,'2016-12-18 15:45:34.748307');
INSERT INTO "django_admin_log" VALUES(634,'68','Không được đỗ rác những ngày đầu năm mới',3,'',11,2,'2016-12-18 15:45:34.750670');
INSERT INTO "django_admin_log" VALUES(635,'67','Xây dựng một bản kế hoạch kinh doanh cho giai đoạn tết và đầu xuân năm mới',3,'',11,2,'2016-12-18 15:45:34.753206');
INSERT INTO "django_admin_log" VALUES(636,'64','Muối dưa hành ngày tết',3,'',11,2,'2016-12-18 15:45:34.755913');
INSERT INTO "django_admin_log" VALUES(637,'63','Sưu tập một vài đồng tiền xu cổ lấy may đầu năm',3,'',11,2,'2016-12-18 15:45:34.758375');
INSERT INTO "django_admin_log" VALUES(638,'62','Bạn có biết về văn khấn ông Táo về trời chưa?',3,'',11,2,'2016-12-18 15:45:34.760541');
INSERT INTO "django_admin_log" VALUES(639,'61','Chọn những cá chép thật khỏe mạnh để hộ tống ông Táo về trời',3,'',11,2,'2016-12-18 15:45:34.762648');
INSERT INTO "django_admin_log" VALUES(640,'60','Mua đồ thờ và quần áo lễ chuẩn bị tiễn ông Táo',3,'',11,2,'2016-12-18 15:45:34.764723');
INSERT INTO "django_admin_log" VALUES(641,'57','Xem lại những hình ảnh hay những video của bạn trong năm vừa qua',3,'',11,2,'2016-12-18 15:45:34.767031');
INSERT INTO "django_admin_log" VALUES(642,'56','Nấu thịt đông ngày tết',3,'',11,2,'2016-12-18 15:45:34.769976');
INSERT INTO "django_admin_log" VALUES(643,'54','Chụp một album bản thân ngày tết',3,'',11,2,'2016-12-18 15:45:34.772297');
INSERT INTO "django_admin_log" VALUES(644,'53','Cùng gia đình đi lễ chùa đầu năm',3,'',11,2,'2016-12-18 15:45:34.774651');
INSERT INTO "django_admin_log" VALUES(645,'52','Đi du lịch Sapa cùng gia đình ngày Tết',3,'',11,2,'2016-12-18 15:45:34.777431');
INSERT INTO "django_admin_log" VALUES(646,'51','Tám chuyện về những chuyện ngày tết với lũ bạn',3,'',11,2,'2016-12-18 15:45:34.779790');
INSERT INTO "django_admin_log" VALUES(647,'50','Xem lại những bộ phim tết mà bạn không may bỏ lỡ',3,'',11,2,'2016-12-18 15:45:34.782381');
INSERT INTO "django_admin_log" VALUES(648,'49','Lên thực đơn chuẩn bị các món ăn ngày tết',3,'',11,2,'2016-12-18 15:45:34.784684');
INSERT INTO "django_admin_log" VALUES(649,'48','Nhắn tin "Tết này con không về" thử phản ứng bố mẹ',3,'',11,2,'2016-12-18 15:45:34.787064');
INSERT INTO "django_admin_log" VALUES(650,'47','Ngắm nhìn phố phường ngày tết vào buổi sáng sớm',3,'',11,2,'2016-12-18 15:45:34.789772');
INSERT INTO "django_admin_log" VALUES(651,'46','Chụp ảnh đại gia đình vào năm mới',3,'',11,2,'2016-12-18 15:45:34.791875');
INSERT INTO "django_admin_log" VALUES(652,'44','Tập tành kinh doanh ngày tết',3,'',11,2,'2016-12-18 15:45:34.794233');
INSERT INTO "django_admin_log" VALUES(653,'43','Một chuyến đi chơi xa ngày tết cùng đám bạn cũ',3,'',11,2,'2016-12-18 15:45:34.796887');
INSERT INTO "django_admin_log" VALUES(654,'42','Đi chợ hoa ngày Tết',3,'',11,2,'2016-12-18 15:45:34.799151');
INSERT INTO "django_admin_log" VALUES(655,'41','Bạn đã biết mình sẽ mặc gì vào những ngày đầu xuân chưa?',3,'',11,2,'2016-12-18 15:45:34.801556');
INSERT INTO "django_admin_log" VALUES(656,'39','Dành chút khoảng riêng ngày tết cho bản thân tự do làm những gì mình thích',3,'',11,2,'2016-12-18 15:45:34.804103');
INSERT INTO "django_admin_log" VALUES(657,'38','Cùng người yêu đi du xuân, lễ hội cầu may',3,'',11,2,'2016-12-18 15:45:34.806311');
INSERT INTO "django_admin_log" VALUES(658,'36','Chia sẻ những bức ảnh tết trên quê hương mình với bạn bè',3,'',11,2,'2016-12-18 15:45:34.808865');
INSERT INTO "django_admin_log" VALUES(659,'35','Hóa vàng ngày tết bên gia đình',3,'',11,2,'2016-12-18 15:45:34.811471');
INSERT INTO "django_admin_log" VALUES(660,'34','Hát cho cả nhà nghe đêm giao thừa',3,'',11,2,'2016-12-18 15:45:34.813441');
INSERT INTO "django_admin_log" VALUES(661,'33','Cùng bạn bè tham gia một trận thể thao khai xuân đầu năm',3,'',11,2,'2016-12-18 15:45:34.815910');
INSERT INTO "django_admin_log" VALUES(662,'32','Mua sách đầu năm',3,'',11,2,'2016-12-18 15:45:34.818667');
INSERT INTO "django_admin_log" VALUES(663,'31','Bạn đã bao giờ kinh doanh hoa vào dịp tết chưa?',3,'',11,2,'2016-12-18 15:45:34.822816');
INSERT INTO "django_admin_log" VALUES(664,'30','Phong bì nhỏ, bỏ vào bao, trao người lớn',3,'',11,2,'2016-12-18 15:45:34.825637');
INSERT INTO "django_admin_log" VALUES(665,'29','Đừng quên lập mục tiêu cho năm mới nhé',3,'',11,2,'2016-12-18 15:45:34.827981');
INSERT INTO "django_admin_log" VALUES(666,'28','Em yêu !!! Tết này mình đi cầu duyên !',3,'',11,2,'2016-12-18 15:45:34.830690');
INSERT INTO "django_admin_log" VALUES(667,'26','Bạn đã thử mời một người bạn ngoại quốc về ăn tết Việt chưa?',3,'',11,2,'2016-12-18 15:45:34.832908');
INSERT INTO "django_admin_log" VALUES(668,'24','Đêm nay khai bút đầu năm, Cầu cho năm mới phơi phới điều may',3,'',11,2,'2016-12-18 15:45:34.835157');
INSERT INTO "django_admin_log" VALUES(669,'23','Gia đình bạn đã nhờ ai xông nhà tết năm nay chưa?',3,'',11,2,'2016-12-18 15:45:34.837873');
INSERT INTO "django_admin_log" VALUES(670,'22','Tiễn chân ông táo về trời',3,'',11,2,'2016-12-18 15:45:34.840228');
INSERT INTO "django_admin_log" VALUES(671,'21','"Mồng ba tết thầy"',3,'',11,2,'2016-12-18 15:45:34.843073');
INSERT INTO "django_admin_log" VALUES(672,'19','Tạo một căn nhà tràn ngập màu sắc với đèn và bóng nháy',3,'',11,2,'2016-12-18 15:45:34.845301');
INSERT INTO "django_admin_log" VALUES(673,'18','Gửi những lời chúc chân thành đến cha mẹ',3,'',11,2,'2016-12-18 15:45:34.847294');
INSERT INTO "django_admin_log" VALUES(674,'17','Tết này! Chuẩn bị những phong bao lì xì đầy ăp tinh yêu thương mừng tuổi ông bà.',3,'',11,2,'2016-12-18 15:45:34.849638');
INSERT INTO "django_admin_log" VALUES(675,'16','Có một buổi liên hoan nhỏ đầm ấm đón chờ khoảnh khẳn giao thừa',3,'',11,2,'2016-12-18 15:45:34.852336');
INSERT INTO "django_admin_log" VALUES(676,'15','Mọi người sẽ rất bất ngờ khi nhận được lời chúc viết tay của bạn đó',3,'',11,2,'2016-12-18 15:45:34.854389');
INSERT INTO "django_admin_log" VALUES(677,'13','Tết này chọn Đào nào đây !!!???',3,'',11,2,'2016-12-18 15:45:34.856749');
INSERT INTO "django_admin_log" VALUES(678,'12','Sắm cây quất ngày Tết',3,'',11,2,'2016-12-18 15:45:34.859368');
INSERT INTO "django_admin_log" VALUES(679,'11','Nếu có ghé qua các đền chùa vào dịp tết, đừng quên xin một quẻ bói xem tử vi của năm mới',3,'',11,2,'2016-12-18 15:45:34.861606');
INSERT INTO "django_admin_log" VALUES(680,'10','Đầu năm mới bạn đã đi  lễ chùa cầu an cho bản thân và gia đình chưa?',3,'',11,2,'2016-12-18 15:45:34.863867');
INSERT INTO "django_admin_log" VALUES(681,'9','Tự mình chuẩn bị một bình hoa đẹp',3,'',11,2,'2016-12-18 15:45:34.866602');
INSERT INTO "django_admin_log" VALUES(682,'8','Cắt tóc đón năm mới',3,'',11,2,'2016-12-18 15:45:34.868835');
INSERT INTO "django_admin_log" VALUES(683,'4','Tết năm nay bạn đã có những dự định gì cho bản thân và gia đình rồi?',3,'',11,2,'2016-12-18 15:45:34.871261');
INSERT INTO "django_admin_log" VALUES(684,'3','Chuẩn bị những phong bao lì xì may mắn ngày Tết',3,'',11,2,'2016-12-18 15:45:34.873906');
INSERT INTO "django_admin_log" VALUES(685,'207','Đánh phế, bạn có biết?',3,'',11,2,'2016-12-18 15:47:32.515971');
INSERT INTO "django_admin_log" VALUES(686,'206','Đập gì cũng không hay bằng đập niêu đất',3,'',11,2,'2016-12-18 15:47:32.518916');
INSERT INTO "django_admin_log" VALUES(687,'205','Học hát một số bài hát vui vẻ ngày Tết',3,'',11,2,'2016-12-18 15:47:32.520856');
INSERT INTO "django_admin_log" VALUES(688,'204','"Muốn sang thì bắc cầu kiều", ơ thế bạn đã chơi thử đi cầu kiều chưa?',3,'',11,2,'2016-12-18 15:47:32.522795');
INSERT INTO "django_admin_log" VALUES(689,'203','Bạn đã từng một lần đi cà kheo chưa?',3,'',11,2,'2016-12-18 15:47:32.524783');
INSERT INTO "django_admin_log" VALUES(690,'202','Oa Oa Oa, cùng ra nhảy sạp!!!',3,'',11,2,'2016-12-18 15:47:32.526636');
INSERT INTO "django_admin_log" VALUES(691,'201','Cười bể bụng với những bộ phim hài Tết',3,'',11,2,'2016-12-18 15:47:32.528510');
INSERT INTO "django_admin_log" VALUES(692,'199','Nấu những món ăn không thể thiếu trên mâm cỗ Tết miền Bắc',3,'',11,2,'2016-12-18 15:47:32.530372');
INSERT INTO "django_admin_log" VALUES(693,'198','Có một trò hẳn tôi với bạn đều biết:"Bầu cua tôm cá"',3,'',11,2,'2016-12-18 15:47:32.532342');
INSERT INTO "django_admin_log" VALUES(694,'197','Chiêm ngưỡng những khóm hoa cúc trong vườn buổi ban mai',3,'',11,2,'2016-12-18 15:47:32.534351');
INSERT INTO "django_admin_log" VALUES(695,'196','Đi lễ chùa ngày tết: Nét đẹp văn hoá của người Việt!',3,'',11,2,'2016-12-18 15:47:32.536512');
INSERT INTO "django_admin_log" VALUES(696,'195','Đến giao thừa là mình đi xem pháo hoa',3,'',11,2,'2016-12-18 15:47:32.538707');
INSERT INTO "django_admin_log" VALUES(697,'194','Đưa mẹ đi mua quần áo',3,'',11,2,'2016-12-18 15:47:32.540934');
INSERT INTO "django_admin_log" VALUES(698,'193','Đi chùa lễ tết, rút thẻ đầu năm',3,'',11,2,'2016-12-18 15:47:32.543079');
INSERT INTO "django_admin_log" VALUES(699,'192','Đã bao giờ bạn xem chọi gà ngày tết chưa?',3,'',11,2,'2016-12-18 15:47:32.545154');
INSERT INTO "django_admin_log" VALUES(700,'191','Tìm hiểu về ngày Tết ông Công ông Táo',3,'',11,2,'2016-12-18 15:47:32.547402');
INSERT INTO "django_admin_log" VALUES(701,'190','Trổ tài nấu ăn ngày Tết',3,'',11,2,'2016-12-18 15:47:32.549574');
INSERT INTO "django_admin_log" VALUES(702,'189','Ghé thăm vườn đào dịp cuối năm',3,'',11,2,'2016-12-18 15:47:32.551493');
INSERT INTO "django_admin_log" VALUES(703,'188','Bạn có viết làm những đồ handmade để trang trí nhà mình ngày tết không',3,'',11,2,'2016-12-18 15:47:32.553401');
INSERT INTO "django_admin_log" VALUES(704,'187','Tưởng tượng xem bạn có thể làm gì với đống tiền mừng tuổi năm nay nào?',3,'',11,2,'2016-12-18 15:47:32.555380');
INSERT INTO "django_admin_log" VALUES(705,'186','Bạn đã biết về tục đụng lợn ngày tết chưa?',3,'',11,2,'2016-12-18 15:47:32.557284');
INSERT INTO "django_admin_log" VALUES(706,'184','Lên chiến thuật thu tiền lỳ xì thật nhiều',3,'',11,2,'2016-12-18 15:47:32.559538');
INSERT INTO "django_admin_log" VALUES(707,'183','Đi bán muối đầu năm',3,'',11,2,'2016-12-18 15:47:32.561622');
INSERT INTO "django_admin_log" VALUES(708,'182','Tải phim về lap xem mấy ngày về tết',3,'',11,2,'2016-12-18 15:47:32.563613');
INSERT INTO "django_admin_log" VALUES(709,'181','Hái lộc đầu năm',3,'',11,2,'2016-12-18 15:47:32.565539');
INSERT INTO "django_admin_log" VALUES(710,'180','Xem một bộ phim hay chờ giao thừa tới',3,'',11,2,'2016-12-18 15:47:32.567342');
INSERT INTO "django_admin_log" VALUES(711,'179','Tết này là phải xây dựng quỹ đen',3,'',11,2,'2016-12-18 15:47:32.569333');
INSERT INTO "django_admin_log" VALUES(712,'178','Đùa với hộp mứt ngon nhất nhà bạn',3,'',11,2,'2016-12-18 15:47:32.571276');
INSERT INTO "django_admin_log" VALUES(713,'177','Sáng tạo một MV cho tết',3,'',11,2,'2016-12-18 15:47:32.573104');
INSERT INTO "django_admin_log" VALUES(714,'176','Hỗ trợ đứa em đạt doanh thù lì xì cao nhất để rồi hướng sai',3,'',11,2,'2016-12-18 15:47:32.575012');
INSERT INTO "django_admin_log" VALUES(715,'175','Tặng người thân những món quà Tết ý nghĩa',3,'',11,2,'2016-12-18 15:47:32.576861');
INSERT INTO "django_admin_log" VALUES(716,'174','Ngắm nhìn những cánh én chao liệng trên bầu trời xuân',3,'',11,2,'2016-12-18 15:47:32.578806');
INSERT INTO "django_admin_log" VALUES(717,'173','Lên thực đơn cho những ngày Tết sẽ giúp bạn tiết kiệm nhiều thời gian hơn đấy!',3,'',11,2,'2016-12-18 15:47:32.580882');
INSERT INTO "django_admin_log" VALUES(718,'172','Vẽ nail đẹp đón năm mới',3,'',11,2,'2016-12-18 15:47:32.583162');
INSERT INTO "django_admin_log" VALUES(719,'171','Sử dụng lịch âm, đếm ngược thời gian chờ đón ngày Tết đến',3,'',11,2,'2016-12-18 15:47:32.586399');
INSERT INTO "django_admin_log" VALUES(720,'170','Lắng nghe tiếng chim hót ríu rít đầu năm',3,'',11,2,'2016-12-18 15:47:32.588433');
INSERT INTO "django_admin_log" VALUES(721,'169','Hãy viết ra giầy những điều làm bạt mệt mỏi trong năm qua rồi đốt nó trước đêm giao thừa',3,'',11,2,'2016-12-18 15:47:32.590390');
INSERT INTO "django_admin_log" VALUES(722,'168','Tại sao năm nào nhà mình cũng mua đào về trưng Tết nhỉ?',3,'',11,2,'2016-12-18 15:47:32.592452');
INSERT INTO "django_admin_log" VALUES(723,'167','Để ý từng sự thay đổi ngày qua ngày của cây đào',3,'',11,2,'2016-12-18 15:47:32.594563');
INSERT INTO "django_admin_log" VALUES(724,'166','Chụp những bức ảnh thật đẹp vào khoảnh khắc đêm giao thừa',3,'',11,2,'2016-12-18 15:47:32.596530');
INSERT INTO "django_admin_log" VALUES(725,'165','Chúc những đứa em nhỏ một năm học tập như ý',3,'',11,2,'2016-12-18 15:47:32.598526');
INSERT INTO "django_admin_log" VALUES(726,'164','Đọc thư chúc tết của Chủ tịch nước',3,'',11,2,'2016-12-18 15:47:32.600418');
INSERT INTO "django_admin_log" VALUES(727,'163','Mở những bài hát Tết cả ngày',3,'',11,2,'2016-12-18 15:47:32.602374');
INSERT INTO "django_admin_log" VALUES(728,'162','Vẽ tranh tường 3D trang trí ngày tết 2017',3,'',11,2,'2016-12-18 15:47:32.604278');
INSERT INTO "django_admin_log" VALUES(729,'161','Xây dựng bộ content kinh doanh tết thật độc đáo',3,'',11,2,'2016-12-18 15:47:32.606115');
INSERT INTO "django_admin_log" VALUES(730,'160','Tết rồi! thay đổi phong cách cho phòng khách nhà bạn thôi.',3,'',11,2,'2016-12-18 15:47:32.608000');
INSERT INTO "django_admin_log" VALUES(731,'159','bật chế độ ăn kiêng cho tết này thôi',3,'',11,2,'2016-12-18 15:47:32.609950');
INSERT INTO "django_admin_log" VALUES(732,'158','Lên kế hoạch tỏ tình với nàng đêm giao thừa đi thôi!',3,'',11,2,'2016-12-18 15:47:32.611982');
INSERT INTO "django_admin_log" VALUES(733,'157','Thử phản xem phản ứng của người yêu khi nói  " tết này anh không về nhà em được "',3,'',11,2,'2016-12-18 15:47:32.613996');
INSERT INTO "django_admin_log" VALUES(734,'156','Đặt vé trước cho chuyến bay sau tết',3,'',11,2,'2016-12-18 15:47:32.616160');
INSERT INTO "django_admin_log" VALUES(735,'155','Gọi điện chúc gấu sau khoảng khắc chuyển giao năm mới',3,'',11,2,'2016-12-18 15:47:32.618330');
INSERT INTO "django_admin_log" VALUES(736,'154','Chuẩn bị lá dong, đỗ xanh, gạo nếp và thịt lợn để cho ra lò những chiếc bánh chưng ngon nhất nào!',3,'',11,2,'2016-12-18 15:47:32.620205');
INSERT INTO "django_admin_log" VALUES(737,'153','Đạp xe quanh khu bạn sống để cảm nhận không khí tết',3,'',11,2,'2016-12-18 15:47:32.622340');
INSERT INTO "django_admin_log" VALUES(738,'152','Bí mật tặng mẹ 1 bộ quần áo thật đẹp diện tết',3,'',11,2,'2016-12-18 15:47:32.624348');
INSERT INTO "django_admin_log" VALUES(739,'151','Hãy để ngôi nhà của bạn lung linh trong ánh sáng của đèn nháy',3,'',11,2,'2016-12-18 15:47:32.626345');
INSERT INTO "django_admin_log" VALUES(740,'150','Diện những bộ áo dài truyền thống ngày Tết',3,'',11,2,'2016-12-18 15:47:32.628521');
INSERT INTO "django_admin_log" VALUES(741,'149','Chúc tết người thân bằng "Những con chữ"',3,'',11,2,'2016-12-18 15:47:32.630662');
INSERT INTO "django_admin_log" VALUES(742,'148','Vẽ những bức tranh để gửi gắm lời chúc tết của bạn tới những người thân yêu',3,'',11,2,'2016-12-18 15:47:32.632740');
INSERT INTO "django_admin_log" VALUES(743,'147','Cùng xem vloger Dudodut nói gì về tết nhé',3,'',11,2,'2016-12-18 15:47:32.634993');
INSERT INTO "django_admin_log" VALUES(744,'146','Tìm hiểu mâm cỗ truyền thống ba miền ngày Tết',3,'',11,2,'2016-12-18 15:47:32.637003');
INSERT INTO "django_admin_log" VALUES(745,'145','Hãy mô tả cảm xúc trước tết 2017 của bạn bằng một từ?',3,'',11,2,'2016-12-18 15:47:32.639128');
INSERT INTO "django_admin_log" VALUES(746,'144','Thăm lại những cánh đồng quê gắn với tuổi thơ ngọt ngào',3,'',11,2,'2016-12-18 15:47:32.641336');
INSERT INTO "django_admin_log" VALUES(747,'143','Ngắn nhìn Hà Nội phố những ngày Tết',3,'',11,2,'2016-12-18 15:47:32.643452');
INSERT INTO "django_admin_log" VALUES(748,'142','Bạn đã biết cách dọn dẹp bàn thờ gia tiên dịp tết đúng cách chưa?',3,'',11,2,'2016-12-18 15:47:32.645462');
INSERT INTO "django_admin_log" VALUES(749,'141','Treo những lá cờ Việt Nam đỏ thắm dịp Tết',3,'',11,2,'2016-12-18 15:47:32.647276');
INSERT INTO "django_admin_log" VALUES(750,'140','Cúng rước tổ tiên về nhà ăn tết',3,'',11,2,'2016-12-18 15:47:32.649119');
INSERT INTO "django_admin_log" VALUES(751,'139','Sửa sang nhà cửa đón chào xuân về',3,'',11,2,'2016-12-18 15:47:32.650983');
INSERT INTO "django_admin_log" VALUES(752,'138','Một góc nhỏ riêng tôi ngày tết',3,'',11,2,'2016-12-18 15:47:32.653076');
INSERT INTO "django_admin_log" VALUES(753,'137','Chuẩn bị khay bánh kẹo ngày Tết',3,'',11,2,'2016-12-18 15:47:32.654970');
INSERT INTO "django_admin_log" VALUES(754,'136','Hãy để những ngày Tết là những ngày bếp lửa gia đình bạn luôn đỏ lửa.',3,'',11,2,'2016-12-18 15:47:32.656807');
INSERT INTO "django_admin_log" VALUES(755,'135','Gửi lời cảm ơn và lời chúc Tết đến những người đã giúp đỡ mình năm qua',3,'',11,2,'2016-12-18 15:47:32.658657');
INSERT INTO "django_admin_log" VALUES(756,'134','Đốt những que pháo bông chào đón giao thừa',3,'',11,2,'2016-12-18 15:47:32.660657');
INSERT INTO "django_admin_log" VALUES(757,'133','Năm qua, bạn đã đạt được những mục tiêu nào?',3,'',11,2,'2016-12-18 15:47:32.662656');
INSERT INTO "django_admin_log" VALUES(758,'132','Phong tục Tết xưa của người Việt qua tranh dân gian',3,'',11,2,'2016-12-18 15:47:32.664477');
INSERT INTO "django_admin_log" VALUES(759,'131','"Thế cháu đã có người yêu chưa?"',3,'',11,2,'2016-12-18 15:47:32.666460');
INSERT INTO "django_admin_log" VALUES(760,'130','Chuẩn bị những cây giò ngậy, béo và ngon nhất cho 3 ngày tết',3,'',11,2,'2016-12-18 15:47:32.668361');
INSERT INTO "django_admin_log" VALUES(761,'129','Giải trí cuối năm cùng các Vlogger',3,'',11,2,'2016-12-18 15:47:32.670301');
INSERT INTO "django_admin_log" VALUES(762,'128','Dọn nhà cửa sạch sẽ đón Tết',3,'',11,2,'2016-12-18 15:47:32.672324');
INSERT INTO "django_admin_log" VALUES(763,'127','Lung linh lung linh nơi bàn thờ tổ',3,'',11,2,'2016-12-18 15:47:32.674362');
INSERT INTO "django_admin_log" VALUES(764,'126','Hô biến căn bếp trở nên sáng bóng hơn, tại sao không?',3,'',11,2,'2016-12-18 15:47:32.676318');
INSERT INTO "django_admin_log" VALUES(765,'125','Đi chúc Tết thầy cô',3,'',11,2,'2016-12-18 15:47:32.678151');
INSERT INTO "django_admin_log" VALUES(766,'123','Rửa bát cho mẹ dip Tết',3,'',11,2,'2016-12-18 15:47:32.680057');
INSERT INTO "django_admin_log" VALUES(767,'122','Chụp những tấm ảnh gia đình ngày Tết',3,'',11,2,'2016-12-18 15:47:32.682042');
INSERT INTO "django_admin_log" VALUES(768,'121','Nhìn lại chặng đường một năm vừa qua của bản thân',3,'',11,2,'2016-12-18 15:47:32.683916');
INSERT INTO "django_admin_log" VALUES(769,'119','Tìm hiểu Tết cổ truyền của các dân tộc Việt Nam',3,'',11,2,'2016-12-18 15:47:32.686099');
INSERT INTO "django_admin_log" VALUES(770,'117','Dành thời gian làm mới những đôi giày của mình',3,'',11,2,'2016-12-18 15:47:32.688246');
INSERT INTO "django_admin_log" VALUES(771,'116','Thêm những hoa tươi sắc trên bàn thờ tết',3,'',11,2,'2016-12-18 15:47:32.690224');
INSERT INTO "django_admin_log" VALUES(772,'115','Một mâm ngũ quả tuyệt vời sẽ đem lại tài lộc năm mới cho gia đình bạn đó',3,'',11,2,'2016-12-18 15:47:32.692237');
INSERT INTO "django_admin_log" VALUES(773,'114','Bạn đã có một bức tranh hoa đào treo tường ưng ý để trưng tết chưa?',3,'',11,2,'2016-12-18 15:47:32.694152');
INSERT INTO "django_admin_log" VALUES(774,'112','Đổ xăng Full bình thoải mái chơi tết',3,'',11,2,'2016-12-18 15:47:32.696088');
INSERT INTO "django_admin_log" VALUES(775,'111','Bán muối đêm giao thừa',3,'',11,2,'2016-12-18 15:47:32.698176');
INSERT INTO "django_admin_log" VALUES(776,'109','Mua một cuốn sách bạn tâm đắc nhất đầu năm mới !',3,'',11,2,'2016-12-18 15:47:32.700099');
INSERT INTO "django_admin_log" VALUES(777,'107','Tết năm nay tao sẽ về nhà mày chơi!',3,'',11,2,'2016-12-18 15:47:32.702067');
INSERT INTO "django_admin_log" VALUES(778,'106','Viết nhật kí những ngày Tết',3,'',11,2,'2016-12-18 15:47:32.704069');
INSERT INTO "django_admin_log" VALUES(779,'105','Đừng quên tết này bạn phải mua một đôi giày mới !!!',3,'',11,2,'2016-12-18 15:47:32.706124');
INSERT INTO "django_admin_log" VALUES(780,'104','Đêm giao thừa! Hãy gọi cho người thầy bạn yêu quý!',3,'',11,2,'2016-12-18 15:47:32.708091');
INSERT INTO "django_admin_log" VALUES(781,'303','Đi đường tết, hãy chú ý an toàn!',3,'',11,2,'2016-12-18 15:52:06.785939');
INSERT INTO "django_admin_log" VALUES(782,'302','Gửi 100 tấm thiệp chúc Tết đến các địa chỉ bất kì -',3,'',11,2,'2016-12-18 15:52:06.789320');
INSERT INTO "django_admin_log" VALUES(783,'301','Thanh toán những khoản mình còn nợ',3,'',11,2,'2016-12-18 15:52:06.792286');
INSERT INTO "django_admin_log" VALUES(784,'300','hoa mai bằng giấy nhún đón lộc vào nhà',3,'',11,2,'2016-12-18 15:52:06.794527');
INSERT INTO "django_admin_log" VALUES(785,'299','Thêm cơm Bento vào thực đơn tết năm nay',3,'',11,2,'2016-12-18 15:52:06.796535');
INSERT INTO "django_admin_log" VALUES(786,'298','Tìm một nơi yên tĩnh cùng nhau đón giao thừa với một vài người bạn thân',3,'',11,2,'2016-12-18 15:52:06.798793');
INSERT INTO "django_admin_log" VALUES(787,'297','Cùng mẹ chuẩn bi mâm ngũ quả',3,'',11,2,'2016-12-18 15:52:06.802719');
INSERT INTO "django_admin_log" VALUES(788,'296','Quay một bộ phim ngắn về chủ đề tết',3,'',11,2,'2016-12-18 15:52:06.805121');
INSERT INTO "django_admin_log" VALUES(789,'295','cầu năm mới có người yêu',3,'',11,2,'2016-12-18 15:52:06.807211');
INSERT INTO "django_admin_log" VALUES(790,'294','cầu năm mới có người yêu',3,'',11,2,'2016-12-18 15:52:06.809596');
INSERT INTO "django_admin_log" VALUES(791,'293','Tận hưởng không khí se lạnh của tết vào sáng sớm.',3,'',11,2,'2016-12-18 15:52:06.811649');
INSERT INTO "django_admin_log" VALUES(792,'292','Không để mình say xỉn ngày tết',3,'',11,2,'2016-12-18 15:52:06.814041');
INSERT INTO "django_admin_log" VALUES(793,'291','Thăm trại trẻ mồ côi',3,'',11,2,'2016-12-18 15:52:06.816162');
INSERT INTO "django_admin_log" VALUES(794,'290','Nhắn tin chúc mừng bạn bè dịp năm mới',3,'',11,2,'2016-12-18 15:52:06.818734');
INSERT INTO "django_admin_log" VALUES(795,'289','Tới thăm nhà bạn thân ngày Tết',3,'',11,2,'2016-12-18 15:52:06.820865');
INSERT INTO "django_admin_log" VALUES(796,'287','Liên lạc chúc Tết họ hàng ở nơi xa',3,'',11,2,'2016-12-18 15:52:06.822895');
INSERT INTO "django_admin_log" VALUES(797,'285','Lễ hội Chùa Bái Đính - Tràng An',3,'',11,2,'2016-12-18 15:52:06.825110');
INSERT INTO "django_admin_log" VALUES(798,'284','Quay vlog về dịp tết năm nay',3,'',11,2,'2016-12-18 15:52:06.827232');
INSERT INTO "django_admin_log" VALUES(799,'283','Lễ hội Chùa Hương',3,'',11,2,'2016-12-18 15:52:06.829592');
INSERT INTO "django_admin_log" VALUES(800,'282','Đem hết đống quần áo đi giặt là khô trước tết',3,'',11,2,'2016-12-18 15:52:06.831524');
INSERT INTO "django_admin_log" VALUES(801,'281','Lễ hội núi Bà Đen - Tây Ninh',3,'',11,2,'2016-12-18 15:52:06.833379');
INSERT INTO "django_admin_log" VALUES(802,'280','Thay bàn chải đánh răng mới',3,'',11,2,'2016-12-18 15:52:06.835640');
INSERT INTO "django_admin_log" VALUES(803,'279','Về thăm quê nội, quê ngoại những ngày trước tết',3,'',11,2,'2016-12-18 15:52:06.837622');
INSERT INTO "django_admin_log" VALUES(804,'278','Đi chùa cầu may ở Phủ Tây Hồ',3,'',11,2,'2016-12-18 15:52:06.839569');
INSERT INTO "django_admin_log" VALUES(805,'277','Đi chùa rước lộc đầu năm',3,'',11,2,'2016-12-18 15:52:06.841783');
INSERT INTO "django_admin_log" VALUES(806,'276','Viết những bài thơ chúc tết thật ý nghĩa',3,'',11,2,'2016-12-18 15:52:06.843759');
INSERT INTO "django_admin_log" VALUES(807,'275','Treo một câu đối đỏ trong nhà',3,'',11,2,'2016-12-18 15:52:06.846492');
INSERT INTO "django_admin_log" VALUES(808,'274','Chia sẻ những câu chuyện tết của bạn lên Facebook',3,'',11,2,'2016-12-18 15:52:06.848722');
INSERT INTO "django_admin_log" VALUES(809,'273','Tham gia buổi chợ đầu tiên sau ngày mồng một',3,'',11,2,'2016-12-18 15:52:06.851019');
INSERT INTO "django_admin_log" VALUES(810,'272','Giấu con heo của đứa em đi và xem phản ứng của nó',3,'',11,2,'2016-12-18 15:52:06.853630');
INSERT INTO "django_admin_log" VALUES(811,'269','Đọc hết 2 cuốn sách trong dịp tết này',3,'',11,2,'2016-12-18 15:52:06.855771');
INSERT INTO "django_admin_log" VALUES(812,'267','Quét dọn đường làng, ngõ xóm sạch đẹp đón năm mới',3,'',11,2,'2016-12-18 15:52:06.858215');
INSERT INTO "django_admin_log" VALUES(813,'266','Cùng mẹ chuẩn bị đồ để gói bánh chưng',3,'',11,2,'2016-12-18 15:52:06.860327');
INSERT INTO "django_admin_log" VALUES(814,'265','Trồng một cái cây nhỏ vào đầu xuân để xem tết năm sau nó sẽ ra sao. OK',3,'',11,2,'2016-12-18 15:52:06.862677');
INSERT INTO "django_admin_log" VALUES(815,'264','Kiểm tra bài vở xem đã bị bánh chưng làm quên chưa',3,'',11,2,'2016-12-18 15:52:06.864641');
INSERT INTO "django_admin_log" VALUES(816,'263','Ngắm những cánh hoa đào từ từ rơi rụng',3,'',11,2,'2016-12-18 15:52:06.866660');
INSERT INTO "django_admin_log" VALUES(817,'262','Đầu năm đọc sách - uống trà',3,'',11,2,'2016-12-18 15:52:06.869644');
INSERT INTO "django_admin_log" VALUES(818,'261','Lễ hội Gò Đống Đa - Hà Nội',3,'',11,2,'2016-12-18 15:52:06.871924');
INSERT INTO "django_admin_log" VALUES(819,'259','Ngân nga những bài hát bạn thích',3,'',11,2,'2016-12-18 15:52:06.874682');
INSERT INTO "django_admin_log" VALUES(820,'258','Thu âm một vài bài hát về Tết bằng chính giọng ca của mình',3,'',11,2,'2016-12-18 15:52:06.876698');
INSERT INTO "django_admin_log" VALUES(821,'257','Đi hát karaoke cùng những người bạn',3,'',11,2,'2016-12-18 15:52:06.878839');
INSERT INTO "django_admin_log" VALUES(822,'256','Ngân nga những ca khúc chào xuân',3,'',11,2,'2016-12-18 15:52:06.880948');
INSERT INTO "django_admin_log" VALUES(823,'255','Tết đến và cơ hội đòi nợ đây rồi',3,'',11,2,'2016-12-18 15:52:06.883023');
INSERT INTO "django_admin_log" VALUES(824,'254','Lễ hội Đền Hùng- Phú Thọ',3,'',11,2,'2016-12-18 15:52:06.885278');
INSERT INTO "django_admin_log" VALUES(825,'253','Heo của bạn có tăng cân nhanh hơn heo của đứa em không?',3,'',11,2,'2016-12-18 15:52:06.887256');
INSERT INTO "django_admin_log" VALUES(826,'251','Tình bạn gắn kết ngày xuân',3,'',11,2,'2016-12-18 15:52:06.890083');
INSERT INTO "django_admin_log" VALUES(827,'250','Đến nhà thờ họ cầu 1 năm học hành tốt',3,'',11,2,'2016-12-18 15:52:06.893550');
INSERT INTO "django_admin_log" VALUES(828,'249','Cùng xem những chú kỳ lân nhảy múa đòn năm mới',3,'',11,2,'2016-12-18 15:52:06.895676');
INSERT INTO "django_admin_log" VALUES(829,'248','Tết đi chơi gặp ý chung nhân',3,'',11,2,'2016-12-18 15:52:06.898107');
INSERT INTO "django_admin_log" VALUES(830,'247','Cầu năm mới có người yêu',3,'',11,2,'2016-12-18 15:52:06.900104');
INSERT INTO "django_admin_log" VALUES(831,'246','Ngồi xem bà têm trầu dịp tết',3,'',11,2,'2016-12-18 15:52:06.902273');
INSERT INTO "django_admin_log" VALUES(832,'244','Ăn tất niên cùng gia đình',3,'',11,2,'2016-12-18 15:52:06.905233');
INSERT INTO "django_admin_log" VALUES(833,'242','Đi "Sêu Tết". Bạn có biết?',3,'',11,2,'2016-12-18 15:52:06.907185');
INSERT INTO "django_admin_log" VALUES(834,'241','Xin chữ ông Đồ đầu năm',3,'',11,2,'2016-12-18 15:52:06.909613');
INSERT INTO "django_admin_log" VALUES(835,'240','Trang trí cành đào đón Tết',3,'',11,2,'2016-12-18 15:52:06.920712');
INSERT INTO "django_admin_log" VALUES(836,'239','Quay clip giới thiệu về hoạt động chuẩn bị Tết của bạn cùng gia đình',3,'',11,2,'2016-12-18 15:52:06.922873');
INSERT INTO "django_admin_log" VALUES(837,'238','Lên một kế hoạch cho ngày Tết thêm ý nghĩa',3,'',11,2,'2016-12-18 15:52:06.924886');
INSERT INTO "django_admin_log" VALUES(838,'237','Nấu các món ăn truyền thống ngày Tết',3,'',11,2,'2016-12-18 15:52:06.932686');
INSERT INTO "django_admin_log" VALUES(839,'236','Review lại những cuốn sách mà bạn đã đọc được trong năm vừa qua',3,'',11,2,'2016-12-18 15:52:06.934747');
INSERT INTO "django_admin_log" VALUES(840,'235','Tìm hiểu những điểm khác nhau giữa Tết hai vùng miền Bắc - Nam',3,'',11,2,'2016-12-18 15:52:06.937167');
INSERT INTO "django_admin_log" VALUES(841,'234','Khám phá Tết vùng cao của các dân tộc vùng núi Tây Bắc',3,'',11,2,'2016-12-18 15:52:06.939457');
INSERT INTO "django_admin_log" VALUES(842,'232','Nâng chén rượu cùng đếm ngược cho đến giao thừa',3,'',11,2,'2016-12-18 15:52:06.941611');
INSERT INTO "django_admin_log" VALUES(843,'231','Đi cùng bố tới những nơi ở quê mà gắn liền với tuổi thơ của bố - OK',3,'',11,2,'2016-12-18 15:52:06.943834');
INSERT INTO "django_admin_log" VALUES(844,'230','Đánh bài quệt nhọ nồi quen thuộc',3,'',11,2,'2016-12-18 15:52:06.945918');
INSERT INTO "django_admin_log" VALUES(845,'229','Gửi những món quà tết kèm lời chúc ý nghĩa tới người vô gia cư dịp giáp Tết',3,'',11,2,'2016-12-18 15:52:06.948088');
INSERT INTO "django_admin_log" VALUES(846,'228','Khai nghề đầu xuân',3,'',11,2,'2016-12-18 15:52:06.950973');
INSERT INTO "django_admin_log" VALUES(847,'227','Tìm hiểu ý nghĩa các phong tục trong những ngày Tết cổ truyền của dân tộc',3,'',11,2,'2016-12-18 15:52:06.953269');
INSERT INTO "django_admin_log" VALUES(848,'226','Bạn đã từng nghe đến phong tục "Khai canh" chưa?',3,'',11,2,'2016-12-18 15:52:06.955290');
INSERT INTO "django_admin_log" VALUES(849,'225','Thụ lộc từ mâm cúng đêm giao thừa',3,'',11,2,'2016-12-18 15:52:06.957904');
INSERT INTO "django_admin_log" VALUES(850,'224','"Mồng hai tết mẹ"',3,'',11,2,'2016-12-18 15:52:06.959868');
INSERT INTO "django_admin_log" VALUES(851,'223','Trang điểm xinh xắn - Tươi tắn du xuân',3,'',11,2,'2016-12-18 15:52:06.961994');
INSERT INTO "django_admin_log" VALUES(852,'222','Mời mọi người về thăm cảnh đẹp quê bạn',3,'',11,2,'2016-12-18 15:52:06.964061');
INSERT INTO "django_admin_log" VALUES(853,'221','Trang điểm xinh xắn - Tươi tắn du xuân',3,'',11,2,'2016-12-18 15:52:06.966226');
INSERT INTO "django_admin_log" VALUES(854,'220','"Mùng một tết cha"',3,'',11,2,'2016-12-18 15:52:06.968388');
INSERT INTO "django_admin_log" VALUES(855,'219','Làm mứt ngày tết',3,'',11,2,'2016-12-18 15:52:06.970662');
INSERT INTO "django_admin_log" VALUES(856,'218','Chơi đánh đáo vừa vui lại có tiền nữa, dại gì không chơi?',3,'',11,2,'2016-12-18 15:52:06.972919');
INSERT INTO "django_admin_log" VALUES(857,'217','Dậy sớm cảm nhận không khí đất trời những ngày đầu năm mới.',3,'',11,2,'2016-12-18 15:52:06.975976');
INSERT INTO "django_admin_log" VALUES(858,'216','Nào ta cùng chơi đánh khăng',3,'',11,2,'2016-12-18 15:52:06.978796');
INSERT INTO "django_admin_log" VALUES(859,'215','Bạn đã nghe qua trò chơi:" Bắt vịt dưới ao" chưa?',3,'',11,2,'2016-12-18 15:52:06.981334');
INSERT INTO "django_admin_log" VALUES(860,'214','Bịt mắt chi vậy? Bịt mắt bắt dê cho còn chi nữa',3,'',11,2,'2016-12-18 15:52:06.984315');
INSERT INTO "django_admin_log" VALUES(861,'213','Chơi đu nào là chơi đu nào',3,'',11,2,'2016-12-18 15:52:06.986879');
INSERT INTO "django_admin_log" VALUES(862,'212','Thật là thích thú khi được xem đấu vật',3,'',11,2,'2016-12-18 15:52:06.989338');
INSERT INTO "django_admin_log" VALUES(863,'211','Một món ăn đặc sắc đêm 30 Tết',3,'',11,2,'2016-12-18 15:52:06.992077');
INSERT INTO "django_admin_log" VALUES(864,'210','Thứ sức bản thân với kéo co, tại sao không?',3,'',11,2,'2016-12-18 15:52:06.994411');
INSERT INTO "django_admin_log" VALUES(865,'209','Chơi cờ tướng – cờ người',3,'',11,2,'2016-12-18 15:52:06.996651');
INSERT INTO "django_admin_log" VALUES(866,'208','Bắt trạch trong chum là bắt trạch trong chum',3,'',11,2,'2016-12-18 15:52:06.998917');
INSERT INTO "django_admin_log" VALUES(867,'308','Đi "Phượt" đâu đó bằng xe đạp',1,'Added.',11,2,'2016-12-18 16:06:08.706912');
INSERT INTO "django_admin_log" VALUES(868,'309','Hạnh phúc là mang theo âm nhạc vào bếp',1,'Added.',11,2,'2016-12-18 16:07:58.921768');
INSERT INTO "django_admin_log" VALUES(869,'310','Gia đình là cùng nhau nằm ngủ trên một chiếc giường nhỏ bé',1,'Added.',11,2,'2016-12-18 16:08:32.323927');
INSERT INTO "django_admin_log" VALUES(870,'311','Tuổi thơ là những chiều đi thả diều cùng đám bạn',1,'Added.',11,2,'2016-12-18 16:09:16.286855');
INSERT INTO "django_admin_log" VALUES(871,'312','Tình bạn là cùng nhau chơi trò "Đông Tây Nam Bắc"',1,'Added.',11,2,'2016-12-18 16:10:57.994884');
INSERT INTO "django_admin_log" VALUES(872,'313','Biến phòng tắm thành phòng thu âm của riêng bạn',1,'Added.',11,2,'2016-12-18 16:11:10.512265');
INSERT INTO "django_admin_log" VALUES(873,'314','Áp tai xuống bàn để nghe những âm thanh kì lạ',1,'Added.',11,2,'2016-12-18 16:11:27.189241');
INSERT INTO "django_admin_log" VALUES(874,'315','Hạnh phúc là đứng trước quạt và hét :"AAA..."',1,'Added.',11,2,'2016-12-18 16:19:22.905069');
INSERT INTO "django_admin_log" VALUES(875,'316','Hạnh phúc là ngủ quên trên ghế sofa với cuốn sách đang đọc dở',1,'Added.',11,2,'2016-12-18 16:20:27.410869');
INSERT INTO "django_admin_log" VALUES(876,'317','Hạnh phúc là có một lọ ước mơ cho riêng mình',1,'Added.',11,2,'2016-12-18 16:20:35.716882');
INSERT INTO "django_admin_log" VALUES(877,'318','Chúc bé ngủ ngon',1,'Added.',11,2,'2016-12-18 16:20:50.906842');
INSERT INTO "django_admin_log" VALUES(878,'319','Lang thang trên phố cùng những giai điệu yêu thích',1,'Added.',11,2,'2016-12-18 16:21:46.039987');
INSERT INTO "django_admin_log" VALUES(879,'320','Thử thách bản thân một chút với độ cao',1,'Added.',11,2,'2016-12-18 16:22:51.131464');
INSERT INTO "django_admin_log" VALUES(880,'321','Bạn có muốn nhìn mọi thứ đảo ngược?',1,'Added.',11,2,'2016-12-18 16:23:35.737374');
INSERT INTO "django_admin_log" VALUES(881,'322','Hạnh phúc là được nằm ngắm những áng mây trôi trên bầu trời xanh thẳm',1,'Added.',11,2,'2016-12-18 16:25:08.549650');
INSERT INTO "django_admin_log" VALUES(882,'323','Tình yêu là hai trái tim, một bài hát',1,'Added.',11,2,'2016-12-18 16:25:14.905233');
INSERT INTO "django_admin_log" VALUES(883,'324','Tết là cùng gia đình gói những chiếc bánh chưng',1,'Added.',11,2,'2016-12-18 16:26:15.094950');
INSERT INTO "django_admin_log" VALUES(884,'325','Hạnh phúc là đi leo núi cùng những người bạn',1,'Added.',11,2,'2016-12-18 16:26:46.565386');
INSERT INTO "django_admin_log" VALUES(885,'326','Đi du lịch đâu đó một mình',1,'Added.',11,2,'2016-12-18 16:27:37.278189');
INSERT INTO "django_admin_log" VALUES(886,'327','Ngắm nhìn mặt trời "chạy trốn" trên biển',1,'Added.',11,2,'2016-12-18 16:28:19.396917');
CREATE TABLE "django_content_type" ("id" integer NOT NULL PRIMARY KEY AUTOINCREMENT, "app_label" varchar(100) NOT NULL, "model" varchar(100) NOT NULL);
INSERT INTO "django_content_type" VALUES(1,'admin','logentry');
INSERT INTO "django_content_type" VALUES(2,'auth','permission');
INSERT INTO "django_content_type" VALUES(3,'auth','group');
INSERT INTO "django_content_type" VALUES(4,'auth','user');
INSERT INTO "django_content_type" VALUES(5,'contenttypes','contenttype');
INSERT INTO "django_content_type" VALUES(6,'sessions','session');
INSERT INTO "django_content_type" VALUES(7,'core','userprofile');
INSERT INTO "django_content_type" VALUES(8,'core','actionpicture');
INSERT INTO "django_content_type" VALUES(9,'core','actionreflink');
INSERT INTO "django_content_type" VALUES(10,'core','comment');
INSERT INTO "django_content_type" VALUES(11,'core','action');
INSERT INTO "django_content_type" VALUES(12,'core','invitation');
INSERT INTO "django_content_type" VALUES(13,'core','activity');
INSERT INTO "django_content_type" VALUES(14,'core','notification');
INSERT INTO "django_content_type" VALUES(15,'authtoken','token');
INSERT INTO "django_content_type" VALUES(16,'sites','site');
INSERT INTO "django_content_type" VALUES(17,'account','emailaddress');
INSERT INTO "django_content_type" VALUES(18,'account','emailconfirmation');
INSERT INTO "django_content_type" VALUES(19,'socialaccount','socialapp');
INSERT INTO "django_content_type" VALUES(20,'socialaccount','socialaccount');
INSERT INTO "django_content_type" VALUES(21,'socialaccount','socialtoken');
CREATE TABLE "auth_permission" ("id" integer NOT NULL PRIMARY KEY AUTOINCREMENT, "content_type_id" integer NOT NULL REFERENCES "django_content_type" ("id"), "codename" varchar(100) NOT NULL, "name" varchar(255) NOT NULL);
INSERT INTO "auth_permission" VALUES(1,1,'add_logentry','Can add log entry');
INSERT INTO "auth_permission" VALUES(2,1,'change_logentry','Can change log entry');
INSERT INTO "auth_permission" VALUES(3,1,'delete_logentry','Can delete log entry');
INSERT INTO "auth_permission" VALUES(4,2,'add_permission','Can add permission');
INSERT INTO "auth_permission" VALUES(5,2,'change_permission','Can change permission');
INSERT INTO "auth_permission" VALUES(6,2,'delete_permission','Can delete permission');
INSERT INTO "auth_permission" VALUES(7,3,'add_group','Can add group');
INSERT INTO "auth_permission" VALUES(8,3,'change_group','Can change group');
INSERT INTO "auth_permission" VALUES(9,3,'delete_group','Can delete group');
INSERT INTO "auth_permission" VALUES(10,4,'add_user','Can add user');
INSERT INTO "auth_permission" VALUES(11,4,'change_user','Can change user');
INSERT INTO "auth_permission" VALUES(12,4,'delete_user','Can delete user');
INSERT INTO "auth_permission" VALUES(13,5,'add_contenttype','Can add content type');
INSERT INTO "auth_permission" VALUES(14,5,'change_contenttype','Can change content type');
INSERT INTO "auth_permission" VALUES(15,5,'delete_contenttype','Can delete content type');
INSERT INTO "auth_permission" VALUES(16,6,'add_session','Can add session');
INSERT INTO "auth_permission" VALUES(17,6,'change_session','Can change session');
INSERT INTO "auth_permission" VALUES(18,6,'delete_session','Can delete session');
INSERT INTO "auth_permission" VALUES(19,7,'add_userprofile','Can add UserProfile');
INSERT INTO "auth_permission" VALUES(20,7,'change_userprofile','Can change UserProfile');
INSERT INTO "auth_permission" VALUES(21,7,'delete_userprofile','Can delete UserProfile');
INSERT INTO "auth_permission" VALUES(22,8,'add_actionpicture','Can add ActionPicture');
INSERT INTO "auth_permission" VALUES(23,8,'change_actionpicture','Can change ActionPicture');
INSERT INTO "auth_permission" VALUES(24,8,'delete_actionpicture','Can delete ActionPicture');
INSERT INTO "auth_permission" VALUES(25,9,'add_actionreflink','Can add ActionRefLink');
INSERT INTO "auth_permission" VALUES(26,9,'change_actionreflink','Can change ActionRefLink');
INSERT INTO "auth_permission" VALUES(27,9,'delete_actionreflink','Can delete ActionRefLink');
INSERT INTO "auth_permission" VALUES(28,10,'add_comment','Can add Comment');
INSERT INTO "auth_permission" VALUES(29,10,'change_comment','Can change Comment');
INSERT INTO "auth_permission" VALUES(30,10,'delete_comment','Can delete Comment');
INSERT INTO "auth_permission" VALUES(31,11,'add_action','Can add Action');
INSERT INTO "auth_permission" VALUES(32,11,'change_action','Can change Action');
INSERT INTO "auth_permission" VALUES(33,11,'delete_action','Can delete Action');
INSERT INTO "auth_permission" VALUES(34,12,'add_invitation','Can add Invitation');
INSERT INTO "auth_permission" VALUES(35,12,'change_invitation','Can change Invitation');
INSERT INTO "auth_permission" VALUES(36,12,'delete_invitation','Can delete Invitation');
INSERT INTO "auth_permission" VALUES(37,13,'add_activity','Can add Activity');
INSERT INTO "auth_permission" VALUES(38,13,'change_activity','Can change Activity');
INSERT INTO "auth_permission" VALUES(39,13,'delete_activity','Can delete Activity');
INSERT INTO "auth_permission" VALUES(40,14,'add_notification','Can add Notification');
INSERT INTO "auth_permission" VALUES(41,14,'change_notification','Can change Notification');
INSERT INTO "auth_permission" VALUES(42,14,'delete_notification','Can delete Notification');
INSERT INTO "auth_permission" VALUES(43,15,'add_token','Can add Token');
INSERT INTO "auth_permission" VALUES(44,15,'change_token','Can change Token');
INSERT INTO "auth_permission" VALUES(45,15,'delete_token','Can delete Token');
INSERT INTO "auth_permission" VALUES(46,16,'add_site','Can add site');
INSERT INTO "auth_permission" VALUES(47,16,'change_site','Can change site');
INSERT INTO "auth_permission" VALUES(48,16,'delete_site','Can delete site');
INSERT INTO "auth_permission" VALUES(49,17,'add_emailaddress','Can add email address');
INSERT INTO "auth_permission" VALUES(50,17,'change_emailaddress','Can change email address');
INSERT INTO "auth_permission" VALUES(51,17,'delete_emailaddress','Can delete email address');
INSERT INTO "auth_permission" VALUES(52,18,'add_emailconfirmation','Can add email confirmation');
INSERT INTO "auth_permission" VALUES(53,18,'change_emailconfirmation','Can change email confirmation');
INSERT INTO "auth_permission" VALUES(54,18,'delete_emailconfirmation','Can delete email confirmation');
INSERT INTO "auth_permission" VALUES(55,19,'add_socialapp','Can add social application');
INSERT INTO "auth_permission" VALUES(56,19,'change_socialapp','Can change social application');
INSERT INTO "auth_permission" VALUES(57,19,'delete_socialapp','Can delete social application');
INSERT INTO "auth_permission" VALUES(58,20,'add_socialaccount','Can add social account');
INSERT INTO "auth_permission" VALUES(59,20,'change_socialaccount','Can change social account');
INSERT INTO "auth_permission" VALUES(60,20,'delete_socialaccount','Can delete social account');
INSERT INTO "auth_permission" VALUES(61,21,'add_socialtoken','Can add social application token');
INSERT INTO "auth_permission" VALUES(62,21,'change_socialtoken','Can change social application token');
INSERT INTO "auth_permission" VALUES(63,21,'delete_socialtoken','Can delete social application token');
CREATE TABLE "django_session" ("session_key" varchar(40) NOT NULL PRIMARY KEY, "session_data" text NOT NULL, "expire_date" datetime NOT NULL);
INSERT INTO "django_session" VALUES('mrr8jjquhf5a7ws8zfsu1c589xf09ofw','NTcwMzcwMzcyOGI3YWI3MzY5ODFjOTZkOTQ3YmRjMjA5M2U3MzUwNzp7Il9hdXRoX3VzZXJfaGFzaCI6ImRlMGRkYmQ5ZDUzZGYxZDE2NDZmMDU2ZjVlODJkODMzMjE0ZjU0YmQiLCJfYXV0aF91c2VyX2lkIjoiOCIsIl9hdXRoX3VzZXJfYmFja2VuZCI6ImRqYW5nby5jb250cmliLmF1dGguYmFja2VuZHMuTW9kZWxCYWNrZW5kIn0=','2016-12-23 10:13:10.314872');
INSERT INTO "django_session" VALUES('3mfepufdr7googk48wbxehgc9wput3d3','N2MyZGE3MzIyODAwZjJiMDE2Zjg4MjY5YzRlMGU3NDA5OWM5NjNkYTp7Il9hdXRoX3VzZXJfaGFzaCI6IjQzZTI3NGEwOTJlYTFiZjE4ZDYyYzJkODIwYTAwY2FhMWQzNzhkNjMiLCJfYXV0aF91c2VyX2lkIjoiMTAiLCJfYXV0aF91c2VyX2JhY2tlbmQiOiJkamFuZ28uY29udHJpYi5hdXRoLmJhY2tlbmRzLk1vZGVsQmFja2VuZCJ9','2016-12-23 10:49:03.758333');
INSERT INTO "django_session" VALUES('s8ixhtlhfdqs3tt6rg18v25f122kprtf','ZDA5M2VlNGIyNjE2ZDcxNDgyYWI0MzZhZDRmMGM4MTkwNTBkNWNkNjp7Il9hdXRoX3VzZXJfaGFzaCI6IjMzNmZiZTliZTVhMjU5N2YxMDE3ZGU5M2MyZTAwNThhMjQyZjk1NGMiLCJfYXV0aF91c2VyX2JhY2tlbmQiOiJkamFuZ28uY29udHJpYi5hdXRoLmJhY2tlbmRzLk1vZGVsQmFja2VuZCIsIl9hdXRoX3VzZXJfaWQiOiIxMSJ9','2016-12-23 10:48:56.854718');
INSERT INTO "django_session" VALUES('bii1cs5fascbc58myvj5do7ir0dryulc','MDc5NWMyZDc1MjJjOWE2OGQ4ZDZkNTIyODUwMzgxNTViMDU4YTM4NDp7Il9hdXRoX3VzZXJfaGFzaCI6IjM5YzM2MTJjNjg5Njc5MWE3ZWY1NzhmODM0OTI0MzE0NzliZWUxYzkiLCJfYXV0aF91c2VyX2JhY2tlbmQiOiJkamFuZ28uY29udHJpYi5hdXRoLmJhY2tlbmRzLk1vZGVsQmFja2VuZCIsIl9hdXRoX3VzZXJfaWQiOiIxMiJ9','2016-12-23 10:49:52.192722');
INSERT INTO "django_session" VALUES('4o10lr0wfev9vuhylfmvssyc8n02k20q','NTI4MjkzYTEzZGYwODNjNzMyZGJjZmFkMjM5NDZkMjQ5MGI0NTQ1Nzp7Il9hdXRoX3VzZXJfaGFzaCI6ImRlMGRkYmQ5ZDUzZGYxZDE2NDZmMDU2ZjVlODJkODMzMjE0ZjU0YmQiLCJfYXV0aF91c2VyX2JhY2tlbmQiOiJkamFuZ28uY29udHJpYi5hdXRoLmJhY2tlbmRzLk1vZGVsQmFja2VuZCIsIl9hdXRoX3VzZXJfaWQiOiI4In0=','2016-12-23 11:54:12.763891');
INSERT INTO "django_session" VALUES('05oul6pmcugb4s6d1dnb0nvwfkomghn9','MzI2ZGU3MmYzNGEzOTgzNTE1NWVmYjU2OTQ5OTMyNTM4NmQ4Zjg1Njp7Il9hdXRoX3VzZXJfaGFzaCI6ImFkMjg5ZjY4YmQyYzc5OWUyODQ3NDA0NGQyYjI2NzI4MjMzZDY3YmEiLCJfYXV0aF91c2VyX2JhY2tlbmQiOiJkamFuZ28uY29udHJpYi5hdXRoLmJhY2tlbmRzLk1vZGVsQmFja2VuZCIsIl9hdXRoX3VzZXJfaWQiOiIyIn0=','2016-12-25 05:33:07.925771');
INSERT INTO "django_session" VALUES('c6sqqhqhr2o735pwkbv2d9twnk3fnkop','YTY3Y2NiZWIyMjc3ZWI4NmE0ZGZmNDQzZmM4ZDViMmZmZDkwMjE0MDp7Il9hdXRoX3VzZXJfaGFzaCI6ImQwOTQxMTMwMmUyMjk5YjFiOGJmMDJhZWVhOGU4MGIwODdlYzhiODEiLCJfYXV0aF91c2VyX2JhY2tlbmQiOiJkamFuZ28uY29udHJpYi5hdXRoLmJhY2tlbmRzLk1vZGVsQmFja2VuZCIsIl9hdXRoX3VzZXJfaWQiOiI3In0=','2016-12-25 07:01:51.341232');
INSERT INTO "django_session" VALUES('p12qin9s1alchz2zaoz0brtggmpa8ic0','MzI2ZGU3MmYzNGEzOTgzNTE1NWVmYjU2OTQ5OTMyNTM4NmQ4Zjg1Njp7Il9hdXRoX3VzZXJfaGFzaCI6ImFkMjg5ZjY4YmQyYzc5OWUyODQ3NDA0NGQyYjI2NzI4MjMzZDY3YmEiLCJfYXV0aF91c2VyX2JhY2tlbmQiOiJkamFuZ28uY29udHJpYi5hdXRoLmJhY2tlbmRzLk1vZGVsQmFja2VuZCIsIl9hdXRoX3VzZXJfaWQiOiIyIn0=','2016-12-26 06:34:37.973089');
INSERT INTO "django_session" VALUES('iamukcbu959pbrxddvc3itkaueosbb00','ZDU0OTdhYjNlZTViOTliYmY0NDlkZWUzNzliOTgzNzJlMjc4YmQ5MTp7Il9hdXRoX3VzZXJfaGFzaCI6ImM1MjM3YmNkNTM1Y2RlY2YzZDZjMGFmZDA2MDAzY2U1ZWFlMGNmNTciLCJfYXV0aF91c2VyX2JhY2tlbmQiOiJkamFuZ28uY29udHJpYi5hdXRoLmJhY2tlbmRzLk1vZGVsQmFja2VuZCIsIl9hdXRoX3VzZXJfaWQiOiIxMyJ9','2016-12-28 16:05:20.712015');
INSERT INTO "django_session" VALUES('gyh29jcwzrpsux6re5xm18rsrjk9hfxu','YTY3Y2NiZWIyMjc3ZWI4NmE0ZGZmNDQzZmM4ZDViMmZmZDkwMjE0MDp7Il9hdXRoX3VzZXJfaGFzaCI6ImQwOTQxMTMwMmUyMjk5YjFiOGJmMDJhZWVhOGU4MGIwODdlYzhiODEiLCJfYXV0aF91c2VyX2JhY2tlbmQiOiJkamFuZ28uY29udHJpYi5hdXRoLmJhY2tlbmRzLk1vZGVsQmFja2VuZCIsIl9hdXRoX3VzZXJfaWQiOiI3In0=','2016-12-28 18:29:22.719275');
CREATE TABLE "core_actionpicture" ("id" integer NOT NULL PRIMARY KEY AUTOINCREMENT, "picture" varchar(100) NOT NULL, "actionid_id" integer NOT NULL REFERENCES "core_action" ("id"));
CREATE TABLE "core_actionreflink" ("id" integer NOT NULL PRIMARY KEY AUTOINCREMENT, "link" text NOT NULL, "actionid_id" integer NOT NULL REFERENCES "core_action" ("id"));
CREATE TABLE "core_activity" ("id" integer NOT NULL PRIMARY KEY AUTOINCREMENT, "activity_type" varchar(1) NOT NULL, "date" datetime NOT NULL, "feed" integer NULL, "question" integer NULL, "answer" integer NULL, "user_id" integer NOT NULL REFERENCES "auth_user" ("id"));
CREATE TABLE "core_comment_childcomment" ("id" integer NOT NULL PRIMARY KEY AUTOINCREMENT, "from_comment_id" integer NOT NULL REFERENCES "core_comment" ("id"), "to_comment_id" integer NOT NULL REFERENCES "core_comment" ("id"));
CREATE TABLE "core_notification" ("id" integer NOT NULL PRIMARY KEY AUTOINCREMENT, "createdDate" datetime NOT NULL, "notificationtype" varchar(1) NOT NULL, "isread" bool NOT NULL, "action_id" integer NOT NULL REFERENCES "core_action" ("id"), "comment_id" integer NOT NULL REFERENCES "core_comment" ("id"), "inviation_id" integer NOT NULL REFERENCES "core_invitation" ("id"));
CREATE TABLE "core_userprofile" ("id" integer NOT NULL PRIMARY KEY AUTOINCREMENT, "date" datetime NOT NULL, "gender" varchar(1) NOT NULL, "occupation" varchar(100) NOT NULL, "address" varchar(200) NOT NULL, "createdDate" datetime NOT NULL, "last_active" datetime NOT NULL, "birthday" datetime NULL, "user_id" integer NOT NULL UNIQUE REFERENCES "auth_user" ("id"));
CREATE TABLE "core_invitation" ("id" integer NOT NULL PRIMARY KEY AUTOINCREMENT, "content" text NOT NULL, "isaccept" bool NOT NULL, "createDate" datetime NOT NULL, "fromuser_id" integer NOT NULL REFERENCES "core_userprofile" ("id"), "touser_id" integer NOT NULL REFERENCES "core_userprofile" ("id"));
CREATE TABLE "core_comment" ("id" integer NOT NULL PRIMARY KEY AUTOINCREMENT, "content" text NOT NULL, "createDate" datetime NOT NULL, "modified" datetime NOT NULL, "active" bool NOT NULL, "commentby_id" integer NOT NULL REFERENCES "core_userprofile" ("id"), "commentin_id" integer NOT NULL REFERENCES "core_action" ("id"));
CREATE TABLE "authtoken_token" ("key" varchar(40) NOT NULL PRIMARY KEY, "created" datetime NOT NULL, "user_id" integer NOT NULL UNIQUE REFERENCES "auth_user" ("id"));
CREATE TABLE "account_emailconfirmation" ("id" integer NOT NULL PRIMARY KEY AUTOINCREMENT, "created" datetime NOT NULL, "sent" datetime NULL, "key" varchar(64) NOT NULL UNIQUE, "email_address_id" integer NOT NULL REFERENCES "account_emailaddress" ("id"));
CREATE TABLE "account_emailaddress" ("id" integer NOT NULL PRIMARY KEY AUTOINCREMENT, "verified" bool NOT NULL, "primary" bool NOT NULL, "user_id" integer NOT NULL REFERENCES "auth_user" ("id"), "email" varchar(254) NOT NULL UNIQUE);
CREATE TABLE "django_site" ("id" integer NOT NULL PRIMARY KEY AUTOINCREMENT, "name" varchar(50) NOT NULL, "domain" varchar(100) NOT NULL UNIQUE);
INSERT INTO "django_site" VALUES(1,'example.com','example.com');
INSERT INTO "django_site" VALUES(2,'crazylife.co','crazylife.co');
CREATE TABLE "socialaccount_socialapp_sites" ("id" integer NOT NULL PRIMARY KEY AUTOINCREMENT, "socialapp_id" integer NOT NULL REFERENCES "socialaccount_socialapp" ("id"), "site_id" integer NOT NULL REFERENCES "django_site" ("id"));
CREATE TABLE "socialaccount_socialtoken" ("id" integer NOT NULL PRIMARY KEY AUTOINCREMENT, "token" text NOT NULL, "token_secret" text NOT NULL, "expires_at" datetime NULL, "account_id" integer NOT NULL REFERENCES "socialaccount_socialaccount" ("id"), "app_id" integer NOT NULL REFERENCES "socialaccount_socialapp" ("id"));
CREATE TABLE "socialaccount_socialapp" ("id" integer NOT NULL PRIMARY KEY AUTOINCREMENT, "provider" varchar(30) NOT NULL, "name" varchar(40) NOT NULL, "client_id" varchar(191) NOT NULL, "key" varchar(191) NOT NULL, "secret" varchar(191) NOT NULL);
CREATE TABLE "socialaccount_socialaccount" ("id" integer NOT NULL PRIMARY KEY AUTOINCREMENT, "provider" varchar(30) NOT NULL, "uid" varchar(191) NOT NULL, "last_login" datetime NOT NULL, "date_joined" datetime NOT NULL, "user_id" integer NOT NULL REFERENCES "auth_user" ("id"), "extra_data" text NOT NULL);
CREATE TABLE "auth_user" ("id" integer NOT NULL PRIMARY KEY AUTOINCREMENT, "password" varchar(128) NOT NULL, "last_login" datetime NULL, "is_superuser" bool NOT NULL, "first_name" varchar(30) NOT NULL, "last_name" varchar(30) NOT NULL, "email" varchar(254) NOT NULL, "is_staff" bool NOT NULL, "is_active" bool NOT NULL, "date_joined" datetime NOT NULL, "username" varchar(150) NOT NULL UNIQUE);
INSERT INTO "auth_user" VALUES(2,'pbkdf2_sha256$24000$8DO9u91NftwC$tYnGdgzhHSWXbCGKw9MUEgxtMjBTkPm1hQQ1HJwHveA=','2016-12-12 06:34:37.969439',1,'','','khanhph@crazylife.co',1,1,'2016-12-08 15:32:34','khanhph');
INSERT INTO "auth_user" VALUES(7,'pbkdf2_sha256$24000$BZPVOZILDdPe$186as8iOLq+ljTUO+Bvb1pARx8J8Jf5Z3C5QAGRa8KA=','2016-12-14 18:29:22.716665',1,'','','namnp@crazylife.co',1,1,'2016-12-09 09:48:27.732338','namnp');
INSERT INTO "auth_user" VALUES(8,'pbkdf2_sha256$24000$n3UkHohJ2ivT$9JC0eEaMHVt9X9ImhiSbLVzng7PWn3vqyRbwHG2NUkc=','2016-12-09 11:54:12',1,'Sơn','Phạm','sonpdh@crazylife.com',1,1,'2016-12-09 10:12:28','sonpdh');
INSERT INTO "auth_user" VALUES(10,'pbkdf2_sha256$24000$fB8ZAPgiwlIf$AKxSTWXYatXl1eK2NnLdridbH9M0PVIAo/qsuo7jcPE=','2016-12-09 10:49:03.754331',0,'','','',1,1,'2016-12-09 10:45:38','manhhv');
INSERT INTO "auth_user" VALUES(11,'pbkdf2_sha256$24000$KRJU0OdVtgSr$+Yn401i1x048pvTBHTGhGsFPHtd22X2v/fOS3MNGqLw=','2016-12-09 10:48:56.851811',0,'','','',1,1,'2016-12-09 10:46:56','duannx');
INSERT INTO "auth_user" VALUES(13,'pbkdf2_sha256$24000$z8jKqCoFOJBn$QOh3DM8JT5oc2E2fs+ycwAT1jpy34gNpymTnpoynWpU=','2016-12-14 16:05:20.706527',1,'','','',1,1,'2016-12-11 00:59:31','vonhan');
INSERT INTO "auth_user" VALUES(14,'pbkdf2_sha256$24000$Gr1XUy977vq8$nto2KpwfmYhjHmMoorfbolZUrk3a2gccEmAS56cvx2Q=','2016-12-11 05:00:37.412318',0,'','','',1,1,'2016-12-11 04:59:59','namtest');
CREATE TABLE "core_action" ("id" integer NOT NULL PRIMARY KEY AUTOINCREMENT, "title" varchar(1024) NULL, "content" text NULL, "createDate" datetime NOT NULL, "startDate" datetime NULL, "endDate" datetime NULL, "modified" datetime NOT NULL, "firstPicture" varchar(100) NOT NULL, "author_id" integer NULL REFERENCES "auth_user" ("id"), "isverified" bool NOT NULL);
INSERT INTO "core_action" VALUES(20,'Trông nồi bánh chưng ngày Tết - ok','Ngày Tết cổ truyền hàng năm, có nhà ai là không có đôi cặp bánh chưng để cúng gia tiên và thưởng thức hương vị cổ truyền ? 
Bánh chưng là nét văn hóa lâu đời mà có lẽ mãi mãi về sau cũng không thể biến mất trong tâm thức người Việt. Nét truyền thống đó sẽ còn mãi với hình ảnh nồi bánh chưng sôi sùng sục suốt đêm và những ánh lửa bập bùng, rạng rỡ trong đôi mắt người trông bánh. Ngồi bên bếp than hồng đến cay xè cả mắt, ăn khoai lang nướng đen xì những đôi môi, nghe bố kể chuyện tết xưa, ríu rít nói chuyện với anh chị em và thi thoảng còn ngủ gật nữa. Tảng sáng, mùi bánh đã thơm lừng, quyện trong hương thơm mùi già ngai ngái ngon tuyệt…','2016-12-09 15:19:50.231638','2016-12-09 15:19:24','2017-01-27 05:00:00','2016-12-14 17:35:25.159651','action/images/trongnoibanhchung.jpg',2,0);
INSERT INTO "core_action" VALUES(25,'Đưa mẹ đi chợ Tết - ok','Con vốn biết thời gian trôi qua nhanh, nhưng đôi khi ngẫm lại vẫn giật mình. Mới chớp mắt mà lại tết nữa rồi. Mẹ hay nói với con câu nói "bảo bối" từ ngoại: “Không có cái tết nào giống cái tết nào”.
Năm con 7 tuổi, điều vui nhất vào dịp tết là được nhận lì xì, hay năm 17 tuổi là được đi chơi cùng bạn bè. Nhưng những năm con lớn hơn tuổi, con chỉ mong đến tết để được đi chợ cùng mẹ, phụ mẹ xách đồ. Đó là khoảnh khắc của bình yên, của ấm áp, của nơi con thuộc về, được nắm tay mẹ thật chặt, chen chúc giữa chợ tết, dù con không còn nhỏ bé gì...
Mẹ cho con đi chợ với mẹ nhé!','2016-12-09 15:41:41.020669','2016-12-09 15:41:25','2017-01-27 05:00:00','2016-12-14 12:32:21.779322','',2,0);
INSERT INTO "core_action" VALUES(27,'Trang trí ngôi nhà cùng những bức ảnh gia đình gia đình - ok','Cuối năm bên gia đình trang hoàng lại nhà cửa. Đây là lúc các thành viên trong gia đình bồi đắp thêm tình cảm gia đình gắn bó. Có thể nói, những bức ảnh gia đình chính là phương pháp đơn giản mà hiệu quả nhất để nhắc nhở  mọi người về tình thân, tình thương yêu giữa những thành viên dưới một mái nhà.
Còn gì tuyệt vời hơn nếu Tết này cả nhà có thể chụp cùng nhau những bức ảnh gia đình rồi cùng chọn bức đẹp nhất treo trang trọng giữa phòng khách?
Chi tiết xem thêm:
Những cách treo ảnh đẹp {http://emdep.vn/nha-xinh/nhung-cach-treo-anh-vua-dep-vua-nghe-thuat-ban-se-muon-thu-ngay-20160511150431339.htm}','2016-12-09 16:04:57.921298','2016-12-01 16:00:23','2017-01-26 17:00:00','2016-12-15 06:44:03.730429','action/images/oki1.png',2,0);
INSERT INTO "core_action" VALUES(37,'Tự tay làm lịch đón năm mới - ok','Mỗi khi năm mới đến mọi người đều cần sắm cho mình những cuốn sổ tay làm lịch, lịch treo tường, lịch để bàn mới. Những bộ lịch handmade hoặc lịch để bàn, lịch dưới dạng sổ tay không chỉ rất đẹp và phong cách khi trang trí nhà, phòng riêng. Bộ lịch handmade còn là món quà tết hoàn hảo nhân dịp năm mới tết đến.

Có rất nhiều mẫu lịch handmade để bàn, mẫu lịch treo tường hoặc thậm chí những quyển lịch làm theo album ảnh của chính bạn. Nguyên liệu để làm một cuốn lịch handmade cũng vô cùng đơn giản và dễ kiếm. Ngoài ra bạn có thể tận dụng giấy bọc quà, album ảnh, sổ cũ, thậm chí thêu chữ thập lên giấy, in trên vải vintage bằng các bộ con dấu handmade… Rất độc đáo phải không?

Chi tiết xem thêm:
Hướng dẫn cách làm các lịch handmade {https://www.youtube.com/watch?v=PTF-96zADNA&list=PLLhVqN6MdbbKbbKtv8zAgBLYTFbExc_MX&index=2}','2016-12-10 07:34:51.818908','2016-12-10 07:34:32','2017-01-27 07:34:35','2016-12-15 06:49:14.655551','action/images/khanh1a23.jpg',2,0);
INSERT INTO "core_action" VALUES(45,'Đi từ thiện vùng cao dịp giáp Tết - ok','Thật hạnh phúc và may mắn cho những ai được quây quần bên gia đình, được ăn ngon mặc ấm ngày Tết. Nhưng đâu đó ở những bản làng vùng cao, chúng ta vẫn còn những mảnh đời kém may mắn, những hoàn cảnh khó khăn và không phải ai cũng được hưởng những cái điều giản dị đó.
Hãy rủ bạn bè xung quanh cùng quyên góp quần áo cũ không dùng tới hay, ủng hộ một phần tài tài chính cá nhân dịp cuối năm hay chỉ là những cuốn sách cũ . Chuẩn bị tươm tất những món quà  ý nghĩa ngày Tết muốn gửi, lên đường bắt đầu một chuyến thiện nguyện đầy ý nghĩa dịp giáp Tết nào!','2016-12-10 08:53:27.247408','2016-12-01 08:53:03','2017-01-31 11:00:00','2016-12-15 07:25:26.256472','action/images/vungcaongheo1.png',2,0);
INSERT INTO "core_action" VALUES(58,'Ngược thời gian về, tim hiểu về Tết thời bao cấp','Đã bao giờ bạn tự hỏi tết ngày xưa thời ông bà, bố mẹ mình như thế nào chưa?
Ngày xửa ngày xưa, khoảng 30-40 năm trước...
Tết ngày xưa chỉ có hộp mứt thập cẩm, vài lạng đậu xanh để gói bánh chưng, có chăng thêm vài lạng thịt, một bánh pháo tép cũng thành Tết. Trẻ con thì được diện những bộ quần áo mới, được lì xì, háo hức đón giao thừa trong tiếng pháo nổ đì đùng...

Tết xưa đơn sơ là thế nhưng thân thương, ấm cúng vô cùng. Kỉ niệm về Tết thời bao cấp đã trở thành một phần ký ức không bao giờ phai màu trong tâm trí những người đã đi qua thời gian.

Vẫn là hoa đào, hoa mai, vẫn bánh chưng và không khí nhộn nhịp của ngày Tết, nhưng Tết của ngày xưa và ngày nay đã khác nhau rất nhiều. Và chắc hẳn, có những thứ ta chỉ có thể tìm lại trong ký ức, trong hình ảnh còn lưu lại về ngày hôm qua…

Cùng ngược dòng thời gian ngắm nhìn những bức ảnh Tết thời bao cấp để hoài niệm, cảm nhận không khí Tết đơn sơ nhưng tràn đầy yêu thương.
Xem tiếp {http://giaoduc.net.vn/Mobile/Nguoc-thoi-gian-ve-ngay-Tet-thoi-bao-cap-post109622.gd}','2016-12-10 10:12:40.349376','2016-12-10 10:09:24','2017-01-27 10:09:26','2016-12-11 08:04:24.263343','action/images/Khanhabc1.jpg',7,0);
INSERT INTO "core_action" VALUES(66,'Tắm rửa "con chiến mã" đã đồng hành một năm cùng bạn','Để chuẩn bị cho một cái tết ấm cúng, hạnh phúc và may mắn, những ngày giáp tết, mọi người thường làm vệ sinh mọi vật dụng cá nhân, trong đó có chiếc xe đã luôn đồng hành cùng ta trên khắp nẻo đường, sinh tử gắn liền với chúng ta. Năm mới, xe cũng cần khoác lên mình một diện mạo mới, sạch và mới hơn. Hãy tự tay tắm rửa cho " con chiến mã " của mình nào bạn.','2016-12-10 13:44:17.009399',NULL,NULL,'2016-12-11 06:10:51.452865','action/images/son0028.jpg',8,0);
INSERT INTO "core_action" VALUES(108,'Làm thơ chúc Tết ông bà_ ok','Trong tâm thức dân gian của người Việt, mỗi người sinh ra đều mong muốn đạt được Ngũ Phúc trong đời là: Phúc, Lộc, Thọ, Khang, Ninh. Trong đó, Thọ là yếu tố khó nắm bắt nhất nên cũng là điều mà mọi người mong muốn nhất. Điều này thể hiện ngay trong đời sống thường nhật, trong những lời chúc tụng, bao giờ người ta cũng đề cập đến lời chúc về sức khỏe đầu tiên, còn tiền tài hay danh vọng chỉ được xếp sau. Tuổi thọ là điều quý giá nhất của đời người mà không phú quý nào sánh bằng.
  Chắc ai cũng có những người ông người bà của mình, từ nhỏ sau bố mẹ thì ông bà là những người chăm sóc mình chu đáo, người cho mình những đồng ăn quà tuổi thơ, những kỉ niệm tuổi thơ với ông bà chắc không ai có thể quên được
  Tết đến là một dịp để con cháu có thể gửi những lời chúc hay những món quà tới ông bà của mình ước mong ông bà của mình mạnh khỏe yêu đời hơn. Một bài thơ tự làm sẽ làm lời chúc thêm đặc sắc và ý nghĩa hơn gửi tới ông bà.  Ông bà mà, có tuổi rồi, người luôn muốn dành tình cảm cho đứa cháu của mình, nên các bạn hãy về với ông bà nhé.


Những bài thơ chúc Tết ông bà hay nhất 2017 {http://mevidai.vn/nhung-bai-tho-chuc-tet-ong-ba-hay-nhat-2017.html}','2016-12-10 19:20:17.164176',NULL,NULL,'2016-12-15 09:22:43.820395','action/images/duan-00019.jpg',10,0);
INSERT INTO "core_action" VALUES(110,'Tự tay làm mứt ngày tết-ok','Món mứt là nét văn hóa không thể thiếu trong những ngày Tết. Mỗi năm chỉ có một lần, tự tay chuẩn bị cho gia đình mình những món mứt “homemade” cũng thể hiện sự khéo léo, đảm đang của bạn. Không tốn kém là mấy mà lại có những mẻ mứt ngon. Mứt dừa, mứt bí, mứt gừng… đều được các gia đình ưa thích. Cảm giác khi cắt quả làm mứt, khi phơi khô, khi sên chảo… thấy cái Tết ấm áp đang tràn về.
           Có lẽ chỉ mỗi dịp xuân về thì khay mứt Tết lại trở nên ngọt ngào, ý nghĩa. Ngày Tết, hầu như gia đình nào cũng bày trên bàn khách của mình đủ loại bánh kẹo, mứt Tết. Trước là để đãi khách đến chơi, sau là để cả nhà cùng quây quần bên nhau thưởng thức. Nhiều loại mứt được bày trên cùng 1 khay còn có ý nghĩa mong muốn sự hòa hợp, sum họp đoàn viên.
          Cảnh tượng nhà nhà đỏ lửa nấu đường mỗi dịp Tết về đã trở thành một nét đẹp văn hóa của người Việt Nam. Mùa sản xuất mứt Tết thường bắt đầu từ tháng 10 âm lịch để đến gần Tết thì mang ra tiêu thụ trên thị trường. Mặc dù nhịp sống ngày càng thay đổi và phát triển, mứt công nghiệp được bày bán nhiều hơn, nhưng những sản phẩm mứt truyền thống vẫn được nhiều người tiêu dùng tín nhiệm, bởi không chỉ chất lượng thơm ngon, mà còn thể hiện giá trị tinh thần của dân tộc.
   Năm nay hãy tự tay giúp mẹ giúp chị chuẩn bị mứt nhà bạn nào.



Tham khảo:
Mứt tết {http://eva.vn/tu-lam-mut-tet-c162e747.html}','2016-12-10 20:01:00.721172',NULL,NULL,'2016-12-15 09:29:36.181309','action/images/duan-00021.jpg',10,0);
INSERT INTO "core_action" VALUES(185,'Cuối năm đi mua vôi','Vào những ngày cuối năm, người ta mua vôi về để quét lại nhà, tường, cổng với hy vọng tránh được những điều không may, xóa đi những điều không hay trong năm cũ, thể hiện một sự khởi đầu, bắt đầu mới mẻ để sửa chữa những sai lầm, khôi phục những thất bát đã qua. Ở nông thôn, nhiều gia định có quan niệm rằng rắc vôi bột ở 4 góc vườn rồi vẽ hướng ra phía cổng để xua đuổi ma quỷ.
Phong tục mua vôi cuối năm là phong tục đẹp của người Việt, trước tết hãy dành thời gian mua vôi rắc 4 góc nhà xua đi hết những xui xẻo năm cũ nhé.','2016-12-12 09:18:04.167069',NULL,NULL,'2016-12-12 09:41:58.298150','action/images/hoa_dao_bang_vai_von.jpg',8,0);
INSERT INTO "core_action" VALUES(200,'Dạy sớm và chuẩn bị đồ ăn sáng cho cả nhà','Những ngày tết thật dễ dàng để có thể được ngủ nướng. Chả có gì phải gấp,  công việc không, học tập không, chỉ chơi, ăn và ngủ. Nhưng đừng để cái tết trở nên ý nghĩa hơn. Đơn giản, mỗi sáng hãy thức dạy thật sớm để chuẩn bị bữa ăn sáng ngon tuyệt cho cả nhà. Nó đáng để thử đúng không?','2016-12-12 13:08:10.628795',NULL,NULL,'2016-12-12 13:08:10.628860','action/images/teppi-144203094218-hu-tiu2.jpg',8,0);
INSERT INTO "core_action" VALUES(233,'Lang thang đâu đó và lưu lại vài bức ảnh đẹp ngày Tết! - ok','Tết về trong từng hơi thở dịu dàng của mùa xuân… mọi thứ bỗng trở nên tươi vui đến lạ lùng. Tất cả ngập tràn trong sắc xuân lung linh và dịu ngọt. Đó cũng chính là lý do tại sao bạn luôn muốn ghi lại những khoảnh khắc khó quên của thời điểm giao mùa này. Sẽ không khó, chỉ cần một chiếc máy ảnh với vài kỹ thuật chụp đơn giản là bạn đã có thể lưu lại những giây phút tuyệt vời về phong cảnh, bạn bè và người thân trong gia đình. Lang thang đâu đó, lưu lại những bức ảnh đẹp của Tết năm nay cũng thú vị mà!','2016-12-12 16:33:48.135621',NULL,NULL,'2016-12-14 13:46:12.922943','action/images/sc2.jpg',2,0);
INSERT INTO "core_action" VALUES(243,'Gánh nước đầu năm - Nét đẹp ngày Tết bị lãng quên - ok','Gánh nước: ngay sau Giao thừa hoặc sáng mồng Một, người nhà mang thùng ra sông hoặc ra giếng làng gánh nước về đổ đầy chum vại, với hy vọng sang năm mới “của cải như nước non”. Tuy nhiên theo thời gian, phong tục truyền thống ý nghĩa ngày tết này đã dần bị phôi phai. 
Thật đặc biệt và ý nghĩa khi Tết năm nay, bạn và gia đình cùng "Gánh nước" để cầu mong một năm phát tài, phát lộc. Và đồng thời đây cũng là cách để nhắc nhở mỗi thành viên trong gia đình luôn nhớ về cội nguồn, về những giá trị truyền thống của cha ông.
Chi tiết xem thêm:
Ý nghĩa phong tục Gánh nước đầu năm {http://vinhphuc.tourism.vn/index.php?cat=1502&itemid=222}','2016-12-13 04:38:01.143153',NULL,NULL,'2016-12-14 13:39:31.337106','action/images/chutieu_9688.jpg',2,0);
INSERT INTO "core_action" VALUES(245,'Tự tay làm một album ảnh gia đình - ok','Gia đình là nơi tuyệt vời nhất và bạn luôn có cơ hộ để biến nó thành nơi tuyệt vời hơn nữa!
Gia đình bạn có những bức ảnh kỉ niệm đẹp giữa các thành viên trong nhà, tại sao bạn không tập hợp tất cả những bức ảnh đó lại và tạo thành một cuốn album ảnh gia đình nhỉ? 
Cuốn album theo thời gian thi thoảng sẽ nhắc nhớ bạn những kỉ niệm đẹp ngày nào. Dù đi đâu,làm gì cũng luôn hướng về gia đình, quê hương, đất nước.
Chi tiết xem thêm:
Cách làm album ảnh handmade {http://vietgiftcenter.com/cach-lam-album-anh-handmade-scrapbook}','2016-12-13 09:57:41.562125',NULL,NULL,'2016-12-14 13:39:14.287267','action/images/album_ảnh_bé.jpg',2,0);
INSERT INTO "core_action" VALUES(252,'Chú gà giò ơi, cho anh một quẻ! OK','Xem chân gà đầu năm là một phong tục có từ lâu đời. Cả nhà giàu, nhà nghèo, ngày đầu năm đều chọn con gà trống mới lớn (còn gọi là gà giò) để làm thịt trước cúng, sau mang bộ chân đi nhờ thầy xem để biết “kiết hung” trong năm mới.
	Cách chọn gà cúng xem ra thật cầu kì! Gà cúng phải là gà chưa biết gáy và “đạp mái”, có toàn thân một màu hung thì rất tốt, giò gà phải vàng tươi, đuôi dài. Người ta quan niệm rằng chọn gà đủ “tiêu chuẩn” thì “người trên” mới chứng giám và phù hộ một năm làm ăn phát tài, bình an, mọi việc đều hanh thông, trọn vẹn.
	Sau khi cúng xong, gia chủ có thể xem sơ sơ qua bộ chân gà mà nhà mình cúng để biết “kiết hung” trong năm, nếu gia chủ không biết xem, chân gà sẽ được ngâm trong ly rượu để giữ được lâu và chờ khi có điều kiện nhờ các thầy bói xem hộ. Có nơi sau khi xem xong, chân gà được chặt ra và dùng dây treo lên gác bếp.
	Xem chân gà là cả một nghệ thuật và đã từ rất lâu, nó trở thành một nét tín ngưỡng của người Việt Nam. Để hiểu rõ hơn về cách xem chân gà, các bạn tham khảo bài “Phú xem chân gà” được đúc kết từ dân gian tại đây{http://www.baolavansu.com/49/53/phu-xem-gio-ga.html}','2016-12-13 10:50:22.075001',NULL,NULL,'2016-12-14 12:56:48.207804','action/images/maxresdefault_oQqJUhn.jpg',8,0);
INSERT INTO "core_action" VALUES(260,'Đi phượt đầu xuân - ok','Giới trẻ vẫn gọi “phượt” là đi để khám phá và chinh phục; đi để giải tỏa căng thẳng, làm mới mình và trên hết là đi để thử thách mình. “Phượt” để cảm nhận không khí đón xuân trên mọi vùng miền của đất nước. “Phượt” để đón lộc đầu năm, giao hòa với thiên nhiên tràn trề nhựa sống. Và “phượt” giúp con người gần lại với nhau hơn, tình bạn thêm gắn bó.
Chi tiết xem thêm:
Những địa điểm phượt "Lý tưởng" đầu xuân{http://phunudep.com.vn/chi-tiet/chia-se-nhung-dia-diem-di-phuot-ly-tuong-dau-xuan-954.html}','2016-12-13 11:32:41.969938',NULL,NULL,'2016-12-14 13:29:41.206768','action/images/sd5.jpg',2,0);
INSERT INTO "core_action" VALUES(268,'Năm mới Đinh Dậu- Tậu con tò he - ok','Tò he là món quà để người dân mua về treo trong nhà, hoặc đem tặng mỗi dịp Tết đến. Bạn còn nhớ những que tò he nặn hình những con vật, nhân vật ngộ nghĩnh hồi còn bé mình hay chơi chứ?
Tết năm nay có những hình to he trang trí trong nhà thì may mắn lắm đây!
Chi tiết xem thêm:
Con tò he ngày bé {http://thatmah.com/bai-viet/ho-huy-son--author/con-to-he-ngay-be-40-54?authToken=0.9347453871842226}','2016-12-13 13:04:45.946343',NULL,NULL,'2016-12-14 13:02:38.729577','action/images/con-ga-tohe.jpg',2,0);
INSERT INTO "core_action" VALUES(270,'Thăm các cụ già trong viện dưỡng lão - ok','Tết là ngày các gia đình đoàn tụ, quây quần bên nhau sau một năm làm việc vất vả. Tuy nhiên với các cụ già tại neo đơn tại các viện dưỡng lão , đó lại là ước mơ khó thành hiện thực trong những ngày cuối năm. 
Hãy cùng những người bạn bè của bạn đến giúp đỡ các cụ làm các công nhỏ bé  như: lau chùi bếp, lau hành lang và cửa, rửa dụng cụ, quét mạng nhện, cọ toilet,...vv. Như những người con, người cháu phụ giúp ông bà, bố mẹ mình những công việc ngày Tết. Lắng nghe và chia sẻ cùng các cụ những câu truyện về cuộc sống.Một món quà be bé cùng những hành động ý nghĩa đó hi vọng các cụ sẽ có một cái Tết ấm áp hơn khi xa gia đình, xa con cháu.','2016-12-13 13:38:20.956907',NULL,NULL,'2016-12-15 07:58:02.779071','action/images/duonglao.png',2,0);
INSERT INTO "core_action" VALUES(271,'Kiểm tra xem Tết này bạn tăng bao nhiêu cân rồi? - OK','Một chuỗi ngày chỉ ăn chơi ngủ kết thúc bằng việc bụng có thêm vài ngấn mỡ, mặt thì tròn ơi là tròn. Không biết mình còn khác con heo ở chỗ nào không nữa! Để tránh việc tăng cân quá mức kiểm soát thì bạn hãy nhớ có một chế độ ăn uống phù hợp và chăm tập thể dục, thể thao vào nhé.','2016-12-13 13:48:22.918786',NULL,NULL,'2016-12-14 12:53:49.258433','action/images/mat-ngu-lam-tang-can.jpg',8,0);
INSERT INTO "core_action" VALUES(286,'Viết nhật kí về những ngày tết âm lịch năm nay - OK','Những ngày cuối năm đang dần trôi qua, một dịp Tết sum họp nữa lại sắp về. Không khí những ngày cuối cùng có phần sôi động hơn, khi ai cũng tràn đầy năng lượng để hoàn thành nốt công việc cuối năm, để dành trọn thời gian bên gia đình. Ấy vậy, như bao dịp Tết qua, chúng ta cũng chỉ quẩn quanh trong căn bếp chuẩn bị món ăn cho gia đình, dọn dẹp nhà cửa, gặp gỡ bạn bè và người thân. Đôi khi ba ngày Tết trở nên quá chóng vánh, sao chúng ta không thử làm điều gì đó khác biệt hơn, để chúng ta có thể thưởng thức trọn vẹn ba ngày đầu năm một các chậm rãi, vẹn toàn?

Khi con người ta bị cuốn theo dòng xoáy của cuộc sống, đôi khi họ không nhận ra được những gì mình đang bỏ lỡ. Năm nay, bên cạnh những phút giây bên gia đình, hãy dành ra một chút thời gian ngồi lại, bên cạnh cuốn sổ tinh tươm thơm mùi giấy mà khai bút đầu năm, viết ra những dòng tâm huyết, về những dự định năm mới, cũng như điểm lại những gì mình đã làm trong những ngày đầu năm. Bấy nhiêu thôi cũng đủ làm ta nhìn nhận được rõ hơn về ngày Tết. Đó có thể là những cái bắt tay đầu năm, hay hôm nay mình đã đi thăm được bao nhiêu nhà người thân, cũng có thể là trong ngày năm mới, mình đã mừng tuổi bố mẹ chưa,… Những việc làm nhỏ được lưu giữ lại sẽ giúp ta biết trân trọng những khoảnh khắc của cuộc sống. Vì thế, trong năm mới này, hãy đừng ngại thử ngồi lại, điểm qua những gì mình đã làm trong ngày đầu năm để ngày Tết them trọn vẹn, bạn nhé!','2016-12-13 15:55:54.427532',NULL,NULL,'2016-12-14 12:52:19.595531','action/images/how.jpg',8,0);
INSERT INTO "core_action" VALUES(288,'Ghé thăm những cánh hoa đào đầu tiên - OK','Chắc hẳn khi nhắc đến hoa đào, chúng ta lại nhớ về những ngày đầu xuân. Nhưng có ai biết, khi còn gần một tháng nữa mới đến tết, thì những cánh hoa đầu tiên đã bắt đầu trổ bông. Tùy vào thời tiết mà có năm đào nở sớm hay muộn, nhưng thường thì đến những ngày đầu tháng chạp, ở các vườn cây đã mở cừa cho du khách vào ngắm đào và chụp ảnh nghệ thuật. 
Bạn có thể lượn qua vườn đào ở Nhật Tân, hoặc nếu có điều kiện thì hãy ghé thăm những vùng đất mà đào nở sớm trên biên giới phía Bắc như là Mộc Châu, Sa Pa...
Thưởng đào sớm cho ta cái cảm giác háo hức, hồi hộp, mong chờ một cái tết quây quần, đông vui.','2016-12-13 16:16:01.158924',NULL,NULL,'2016-12-14 12:56:19.033486','action/images/1_UCJS.jpg',8,0);
INSERT INTO "core_action" VALUES(304,'Hạnh phúc là học cách chơi một loại nhạc cụ nào đó','chơi ghita','2016-12-16 03:21:19.034613',NULL,NULL,'2016-12-16 03:26:18.826279','action/images/yeu_mot_chang_trai_biet_choi_guitar.jpg',2,0);
INSERT INTO "core_action" VALUES(305,'Niềm vui là tắt máy tính và thư giãn một chút','Tắt máy đi','2016-12-16 03:51:29.559125',NULL,NULL,'2016-12-16 05:22:47.377181','action/images/Untitled.png',2,0);
INSERT INTO "core_action" VALUES(306,'Tâm hồn là khi được ngắm nhìn bông hoa hướng dương mỗi sáng','Ngắm hoa sáng','2016-12-16 04:02:03.446036',NULL,NULL,'2016-12-16 04:02:03.446132','action/images/huongduong.png',2,0);
INSERT INTO "core_action" VALUES(307,'Tự do là khi đi du lịch cùng những người bạn thân','a','2016-12-16 04:35:33.816585',NULL,NULL,'2016-12-16 05:22:08.258554','action/images/dulich.png',2,0);
INSERT INTO "core_action" VALUES(308,'Đi "Phượt" đâu đó bằng xe đạp','a','2016-12-18 16:06:08.706175',NULL,NULL,'2016-12-18 16:06:08.706222','',2,0);
INSERT INTO "core_action" VALUES(309,'Hạnh phúc là mang theo âm nhạc vào bếp','a','2016-12-18 16:07:58.920350',NULL,NULL,'2016-12-18 16:07:58.920455','action/images/nauan1.png',2,0);
INSERT INTO "core_action" VALUES(310,'Gia đình là cùng nhau nằm ngủ trên một chiếc giường nhỏ bé','a','2016-12-18 16:08:32.322743',NULL,NULL,'2016-12-18 16:08:32.322845','action/images/family-bed-humorous-illustration-32858637.jpg',2,0);
INSERT INTO "core_action" VALUES(311,'Tuổi thơ là những chiều đi thả diều cùng đám bạn','a','2016-12-18 16:09:16.285607',NULL,NULL,'2016-12-18 16:09:16.285670','action/images/thadieu.png',2,0);
INSERT INTO "core_action" VALUES(312,'Tình bạn là cùng nhau chơi trò "Đông Tây Nam Bắc"','a','2016-12-18 16:10:57.994084',NULL,NULL,'2016-12-18 16:10:57.994152','action/images/khoai-chi-choi-dong-tay-nam-bac-fcd673_2.jpg',2,0);
INSERT INTO "core_action" VALUES(313,'Biến phòng tắm thành phòng thu âm của riêng bạn','a','2016-12-18 16:11:10.511386',NULL,NULL,'2016-12-18 16:11:10.511447','action/images/hattam.png',2,0);
INSERT INTO "core_action" VALUES(314,'Áp tai xuống bàn để nghe những âm thanh kì lạ','a','2016-12-18 16:11:27.188240',NULL,NULL,'2016-12-18 16:11:27.188321','',2,0);
INSERT INTO "core_action" VALUES(315,'Hạnh phúc là đứng trước quạt và hét :"AAA..."','a','2016-12-18 16:19:22.904228',NULL,NULL,'2016-12-18 16:19:22.904289','action/images/thoi_quat.jpg',2,0);
INSERT INTO "core_action" VALUES(316,'Hạnh phúc là ngủ quên trên ghế sofa với cuốn sách đang đọc dở','a','2016-12-18 16:20:27.409883',NULL,NULL,'2016-12-18 16:20:27.409946','action/images/namngu.png',2,0);
INSERT INTO "core_action" VALUES(317,'Hạnh phúc là có một lọ ước mơ cho riêng mình','Những chiếc lọ thuỷ tinh nhỏ xíu xinh xinh rất quen thuộc với mỗi chúng ta. Mọi vật chứa đựng bên trong những chiếc lọ tí hon ấy dường như đều trở nên lung linh kì diệu hơn. Một bông hoa tí hon, một nhành lá đều mang vẻ lạ lùng và đầy ý nghĩa. Khi viết điều ước lên mảnh giấy nhỏ bên trong, chiếc lọ dường như trở thành lọ ước màu nhiệm của bạn. Và rất có thể một điều kì diệu sẽ xảy ra và biến mong muốn của bạn trở thành hiện thực.','2016-12-18 16:20:35.715805',NULL,NULL,'2016-12-18 16:20:35.715878','action/images/louocmo.png',2,0);
INSERT INTO "core_action" VALUES(318,'Chúc bé ngủ ngon','a','2016-12-18 16:20:50.905883',NULL,NULL,'2016-12-18 16:20:50.905953','action/images/kechuyenconnghe.png',2,0);
INSERT INTO "core_action" VALUES(319,'Lang thang trên phố cùng những giai điệu yêu thích','a','2016-12-18 16:21:46.039036',NULL,NULL,'2016-12-18 16:21:46.039104','action/images/dibo.png',2,0);
INSERT INTO "core_action" VALUES(320,'Thử thách bản thân một chút với độ cao','Thử sức mình với những trò mạo hiểm, thử vượt qua nỗi sợ hãi, giới hạn của bản thân... là những điều mà nhiều bạn trẻ mong muốn trải nghiệm. Đứng ở một nơi thật cao và nhìn xuống để cảm nhận một chút sợ hãi và vượt qua nó, thành quả bạn nhận được đó là những khoảng tuyệt đẹp của đất trời.','2016-12-18 16:22:51.130155',NULL,NULL,'2016-12-18 16:22:51.130253','action/images/20140926_194017_837.jpg',2,0);
INSERT INTO "core_action" VALUES(321,'Bạn có muốn nhìn mọi thứ đảo ngược?','Đây là một trò chơi rất hấp dẫn của những đứa trẻ khi còn nhỏ. Đơn giản thôi, bạn hãy cúi xuống và nhìn mọi thứ qua hai chân hoặc chồng cây chuối. Một chút khác đi cho cuộc sống thêm thú vị.','2016-12-18 16:23:35.736127',NULL,NULL,'2016-12-18 16:23:35.736222','action/images/6057762114_84b6af54f8_b.jpg',2,0);
INSERT INTO "core_action" VALUES(322,'Hạnh phúc là được nằm ngắm những áng mây trôi trên bầu trời xanh thẳm','a','2016-12-18 16:25:08.548651',NULL,NULL,'2016-12-18 16:25:08.548717','action/images/ngammay.png',2,0);
INSERT INTO "core_action" VALUES(323,'Tình yêu là hai trái tim, một bài hát','a','2016-12-18 16:25:14.903882',NULL,NULL,'2016-12-18 16:25:14.904015','action/images/timtim.png',2,0);
INSERT INTO "core_action" VALUES(324,'Tết là cùng gia đình gói những chiếc bánh chưng','a','2016-12-18 16:26:15.094135',NULL,NULL,'2016-12-18 16:26:15.094193','action/images/banhchung.jpg',2,0);
INSERT INTO "core_action" VALUES(325,'Hạnh phúc là đi leo núi cùng những người bạn','a','2016-12-18 16:26:46.564584',NULL,NULL,'2016-12-18 16:26:46.564641','action/images/leonui1.png',2,0);
INSERT INTO "core_action" VALUES(326,'Đi du lịch đâu đó một mình','a','2016-12-18 16:27:37.277158',NULL,NULL,'2016-12-18 16:27:37.277224','action/images/7f7a3b77540b8badaf5c186c8ef12e65a2052083.jpg',2,0);
INSERT INTO "core_action" VALUES(327,'Ngắm nhìn mặt trời "chạy trốn" trên biển','a','2016-12-18 16:28:19.396071',NULL,NULL,'2016-12-18 16:28:19.396130','action/images/20-sunset-beach.jpg',2,0);
DELETE FROM sqlite_sequence;
INSERT INTO "sqlite_sequence" VALUES('django_migrations',30);
INSERT INTO "sqlite_sequence" VALUES('django_admin_log',886);
INSERT INTO "sqlite_sequence" VALUES('django_content_type',21);
INSERT INTO "sqlite_sequence" VALUES('auth_permission',63);
INSERT INTO "sqlite_sequence" VALUES('core_invitation',0);
INSERT INTO "sqlite_sequence" VALUES('core_comment',0);
INSERT INTO "sqlite_sequence" VALUES('core_actionpicture',3);
INSERT INTO "sqlite_sequence" VALUES('auth_group',2);
INSERT INTO "sqlite_sequence" VALUES('auth_group_permissions',12);
INSERT INTO "sqlite_sequence" VALUES('auth_user_groups',4);
INSERT INTO "sqlite_sequence" VALUES('core_userprofile',6);
INSERT INTO "sqlite_sequence" VALUES('account_emailaddress',0);
INSERT INTO "sqlite_sequence" VALUES('django_site',2);
INSERT INTO "sqlite_sequence" VALUES('socialaccount_socialtoken',0);
INSERT INTO "sqlite_sequence" VALUES('socialaccount_socialapp',0);
INSERT INTO "sqlite_sequence" VALUES('socialaccount_socialaccount',0);
INSERT INTO "sqlite_sequence" VALUES('auth_user',15);
INSERT INTO "sqlite_sequence" VALUES('core_actionreflink',2);
INSERT INTO "sqlite_sequence" VALUES('auth_user_user_permissions',27);
INSERT INTO "sqlite_sequence" VALUES('core_action',327);
CREATE UNIQUE INDEX "auth_group_permissions_group_id_0cd325b0_uniq" ON "auth_group_permissions" ("group_id", "permission_id");
CREATE INDEX "auth_group_permissions_0e939a4f" ON "auth_group_permissions" ("group_id");
CREATE INDEX "auth_group_permissions_8373b171" ON "auth_group_permissions" ("permission_id");
CREATE UNIQUE INDEX "auth_user_groups_user_id_94350c0c_uniq" ON "auth_user_groups" ("user_id", "group_id");
CREATE INDEX "auth_user_groups_e8701ad4" ON "auth_user_groups" ("user_id");
CREATE INDEX "auth_user_groups_0e939a4f" ON "auth_user_groups" ("group_id");
CREATE UNIQUE INDEX "auth_user_user_permissions_user_id_14a6b632_uniq" ON "auth_user_user_permissions" ("user_id", "permission_id");
CREATE INDEX "auth_user_user_permissions_e8701ad4" ON "auth_user_user_permissions" ("user_id");
CREATE INDEX "auth_user_user_permissions_8373b171" ON "auth_user_user_permissions" ("permission_id");
CREATE INDEX "django_admin_log_417f1b1c" ON "django_admin_log" ("content_type_id");
CREATE INDEX "django_admin_log_e8701ad4" ON "django_admin_log" ("user_id");
CREATE UNIQUE INDEX "django_content_type_app_label_76bd3d3b_uniq" ON "django_content_type" ("app_label", "model");
CREATE UNIQUE INDEX "auth_permission_content_type_id_01ab375a_uniq" ON "auth_permission" ("content_type_id", "codename");
CREATE INDEX "auth_permission_417f1b1c" ON "auth_permission" ("content_type_id");
CREATE INDEX "django_session_de54fa62" ON "django_session" ("expire_date");
CREATE INDEX "core_actionpicture_c13a9e75" ON "core_actionpicture" ("actionid_id");
CREATE INDEX "core_actionreflink_c13a9e75" ON "core_actionreflink" ("actionid_id");
CREATE INDEX "core_activity_e8701ad4" ON "core_activity" ("user_id");
CREATE UNIQUE INDEX "core_comment_childcomment_from_comment_id_cebc0f63_uniq" ON "core_comment_childcomment" ("from_comment_id", "to_comment_id");
CREATE INDEX "core_comment_childcomment_e5356c7f" ON "core_comment_childcomment" ("from_comment_id");
CREATE INDEX "core_comment_childcomment_0206cdd1" ON "core_comment_childcomment" ("to_comment_id");
CREATE INDEX "core_notification_909acdf2" ON "core_notification" ("action_id");
CREATE INDEX "core_notification_69b97d17" ON "core_notification" ("comment_id");
CREATE INDEX "core_notification_630779f3" ON "core_notification" ("inviation_id");
CREATE INDEX "core_invitation_0c8f4d97" ON "core_invitation" ("fromuser_id");
CREATE INDEX "core_invitation_47a4396b" ON "core_invitation" ("touser_id");
CREATE INDEX "core_comment_ff861967" ON "core_comment" ("commentby_id");
CREATE INDEX "core_comment_21499202" ON "core_comment" ("commentin_id");
CREATE INDEX "account_emailconfirmation_6f1edeac" ON "account_emailconfirmation" ("email_address_id");
CREATE INDEX "account_emailaddress_e8701ad4" ON "account_emailaddress" ("user_id");
CREATE UNIQUE INDEX "socialaccount_socialapp_sites_socialapp_id_71a9a768_uniq" ON "socialaccount_socialapp_sites" ("socialapp_id", "site_id");
CREATE INDEX "socialaccount_socialapp_sites_fe95b0a0" ON "socialaccount_socialapp_sites" ("socialapp_id");
CREATE INDEX "socialaccount_socialapp_sites_9365d6e7" ON "socialaccount_socialapp_sites" ("site_id");
CREATE UNIQUE INDEX "socialaccount_socialtoken_app_id_fca4e0ac_uniq" ON "socialaccount_socialtoken" ("app_id", "account_id");
CREATE INDEX "socialaccount_socialtoken_8a089c2a" ON "socialaccount_socialtoken" ("account_id");
CREATE INDEX "socialaccount_socialtoken_f382adfe" ON "socialaccount_socialtoken" ("app_id");
CREATE UNIQUE INDEX "socialaccount_socialaccount_provider_fc810c6e_uniq" ON "socialaccount_socialaccount" ("provider", "uid");
CREATE INDEX "socialaccount_socialaccount_e8701ad4" ON "socialaccount_socialaccount" ("user_id");
CREATE INDEX "core_action_4f331e2f" ON "core_action" ("author_id");
COMMIT;
